Name,Fulladdress,Street,Municipality,Categories,About,Phone,Phones,Claimed,Owner,Owner Id,Owner Link,Review Count,Average Rating,Review URL,Cid,Fid,Latitude,Longitude,Featured Image,Time Zone,Website,Domain,Opening Hours,Google Knowledge URL,Kgmid,Google Maps URL,Place Id,Emails,Facebook Links,Instagram Links,Youtube Links,Tiktok Links,Linkedin Links,Twitter Links,Search Keyword
Carnegie's Café,"2121 S Casino Dr, Laughlin, NV 89029",2121 S Casino Dr,"Laughlin, NV 89029","Restaurant, Cafe","Accessibility: [Wheelchair accessible entrance, Wheelchair accessible parking lot, Wheelchair accessible restroom, Wheelchair accessible seating]",(702) 298-4200,"(702) 298-4200, +1 702-298-4200",YES,Carnegie's Café (Owner),109536001905895703270,https://www.google.com/maps/contrib/109536001905895703270,1622,4.7,"https://search.google.com/local/reviews?placeid=ChIJb6ihuDpDzoARfFfbvaqiAX8&q=Restaurant++Laughlin,+US&authuser=0&hl=en&gl=US",9151774772006967164,0x80ce433ab8a1a86f:0x7f01a2aabddb577c,35.1577179,-114.5755829,https://lh3.googleusercontent.com/gps-cs-s/AHRPTWmdb5IcuBvb_D52A9CDi9cQc70Vr6mKc3eFsmwPiLnl_RAdVn3mzhDrzSNkd7x_zwOU8lowXSBLMF1uN1OQnmBag4h0jKi-IRVPGGJJw6IafTussnD2WeGHOqhtIGSdEDFznRg=w519-h240-k-no,America/Los_Angeles,www.caesars.com/tropicana-laughlin/restaurants/carnegies-cafe,www.caesars.com,"Wednesday(2026-09-02): [6 AM–10 PM], Thursday(2026-09-03): [6 AM–4 PM], Friday(2026-09-04): [6 AM–12 AM], Saturday(2026-09-05): [6 AM–12 AM], Sunday(2026-09-06): [6 AM–4 PM], Monday(2026-09-07): [6 AM–10 PM], Tuesday(2026-09-08): [6 AM–10 PM]",https://www.google.com/search?kgmid=/g/11f6cr67p9,/g/11f6cr67p9,https://www.google.com/maps?cid=9151774772006967164,ChIJb6ihuDpDzoARfFfbvaqiAX8,,,,,,,,"Restaurant  Laughlin, US"
The Range Steakhouse,"2900 S Casino Dr, Laughlin, NV 89029",2900 S Casino Dr,"Laughlin, NV 89029",Steak house,"Accessibility: [Wheelchair accessible entrance, Wheelchair accessible parking lot, Wheelchair accessible restroom, Wheelchair accessible seating]",(702) 298-6832,"(702) 298-6832, +1 702-298-6832",YES,The Range Steakhouse (Owner),115570092999437410410,https://www.google.com/maps/contrib/115570092999437410410,787,4.5,"https://search.google.com/local/reviews?placeid=ChIJCyMRPspDzoARs-kvlYDeN4M&q=Restaurant++Laughlin,+US&authuser=0&hl=en&gl=US",9455270586527771059,0x80ce43ca3e11230b:0x8337de80952fe9b3,35.1444088,-114.5766623,https://lh3.googleusercontent.com/gps-cs-s/AHRPTWmro4DcRjtBOgSNnr_RLm6FG5U0YXqlxK9ny_hTgUP0QdDv_jipHpUDW5SRBH9IXqopvpzstrH7kvJtAy0lqd37Yuu8dbBJNp-IY0Jh0YhyU17srXKNS1_pARs8K1Eu0K7aZpHq=w426-h240-k-no,America/Los_Angeles,www.caesars.com/harrahs-laughlin/restaurants/the-range-steakhouse?utm_campaign=GMB&utm_source=google&utm_medium=local&utm_term=TheRange&utm_content=restaurant,www.caesars.com,"Wednesday(2026-09-02): [5–9 PM], Thursday(2026-09-03): [5–9 PM], Friday(2026-09-04): [5–10 PM], Saturday(2026-09-05): [5–10 PM], Sunday(2026-09-06): [5–9 PM], Monday(2026-09-07): [Closed], Tuesday(2026-09-08): [Closed]",https://www.google.com/search?kgmid=/g/11c4bjpwgb,/g/11c4bjpwgb,https://www.google.com/maps?cid=9455270586527771059,ChIJCyMRPspDzoARs-kvlYDeN4M,,,,,,,,"Restaurant  Laughlin, US"
Beach Cafe | Harrah's Laughlin Casino,"2900 S Casino Dr, Laughlin, NV 89029",2900 S Casino Dr,"Laughlin, NV 89029","Restaurant, American restaurant","Accessibility: [Wheelchair accessible entrance, Wheelchair accessible parking lot, Wheelchair accessible restroom, Wheelchair accessible seating]",(702) 298-4600,"(702) 298-4600, +1 702-298-4600",YES,Beach Cafe | Harrah's Laughlin Casino (Owner),102173119545703066563,https://www.google.com/maps/contrib/102173119545703066563,851,4.5,"https://search.google.com/local/reviews?placeid=ChIJDSMRPspDzoAR86h0peLsSj4&q=Restaurant++Laughlin,+US&authuser=0&hl=en&gl=US",4488660436810770675,0x80ce43ca3e11230d:0x3e4aece2a574a8f3,35.144479,-114.576791,https://lh3.googleusercontent.com/gps-cs-s/AHRPTWkwilPk6f5jWH56npTQQs2rsaXKsXU5DkQGIyHiay0a7wIB_0mEnFfc2Q7hMs3spedl9H0oKlV6y4wXkd9VoOnriG4jhMfuzGal-c3z7Yons--0WAem13bSMgIk09s1MgFMh81PIg=w408-h306-k-no,America/Los_Angeles,www.caesars.com/harrahs-laughlin/restaurants/beach-cafe?utm_campaign=GMB&utm_source=google&utm_medium=local&utm_term=BeachCafe&utm_content=restaurant,www.caesars.com,"Wednesday(2026-09-02): [6 AM–10 PM], Thursday(2026-09-03): [6 AM–10 PM], Friday(2026-09-04): [6 AM–12 AM], Saturday(2026-09-05): [6 AM–12 AM], Sunday(2026-09-06): [6 AM–10 PM], Monday(2026-09-07): [6 AM–10 PM], Tuesday(2026-09-08): [6 AM–10 PM]",https://www.google.com/search?kgmid=/g/11df7hb34s,/g/11df7hb34s,https://www.google.com/maps?cid=4488660436810770675,ChIJDSMRPspDzoAR86h0peLsSj4,,,,,,,,"Restaurant  Laughlin, US"
Bumbleberry Flats,"2200 S Casino Dr, Laughlin, NV 89029",2200 S Casino Dr,"Laughlin, NV 89029","American restaurant, Breakfast restaurant","Accessibility: [Wheelchair accessible entrance, Wheelchair accessible parking lot, Wheelchair accessible restroom, Wheelchair accessible seating]",(702) 298-2442,"(702) 298-2442, +1 702-298-2442",YES,Bumbleberry Flats (Owner),100327154373973360124,https://www.google.com/maps/contrib/100327154373973360124,2584,4.2,"https://search.google.com/local/reviews?placeid=ChIJ88246bJDzoARd7rX7W2tRAE&q=Restaurant++Laughlin,+US&authuser=0&hl=en&gl=US",91388580107631223,0x80ce43b2e9b8cdf3:0x144ad6dedd7ba77,35.1557074,-114.5726298,https://lh3.googleusercontent.com/gps-cs-s/AHRPTWkdWmViHXIWMbZAIVRjiw1nM7okFIqVxS6CUXhkE9qiLLZDdC9R3bHqTqrsMishhRXufGu_m9VRKX9nI65WjkqoZN8UiGRmOoyH4NBfyxC5w9ruLywv56ErztTBzvQO1W3m33dR=w408-h272-k-no,America/Los_Angeles,www.laughlinpioneer.com/,www.laughlinpioneer.com,"Wednesday(2026-09-02): [8 AM–10 PM], Thursday(2026-09-03): [8 AM–10 PM], Friday(2026-09-04): [8 AM–10 PM], Saturday(2026-09-05): [8 AM–10 PM], Sunday(2026-09-06): [8 AM–10 PM], Monday(2026-09-07): [8 AM–10 PM], Tuesday(2026-09-08): [8 AM–10 PM]",https://www.google.com/search?kgmid=/g/11b7g323lw,/g/11b7g323lw,https://www.google.com/maps?cid=91388580107631223,ChIJ88246bJDzoARd7rX7W2tRAE,,,,,,,,"Restaurant  Laughlin, US"
Claim Jumper Restaurants,"2300 S Casino Dr, Laughlin, NV 89029",2300 S Casino Dr,"Laughlin, NV 89029","Restaurant, American restaurant, Bar, Steak house","Accessibility: [Wheelchair accessible entrance, Wheelchair accessible parking lot, Wheelchair accessible restroom, Wheelchair accessible seating]",(702) 298-7146,"(702) 298-7146, +1 702-298-7146",YES,Claim Jumper Restaurants (Owner),104440120111502224555,https://www.google.com/maps/contrib/104440120111502224555,1890,4.2,"https://search.google.com/local/reviews?placeid=ChIJiXvAH7NDzoARtPMRc8we7Kw&q=Restaurant++Laughlin,+US&authuser=0&hl=en&gl=US",12460368132480037812,0x80ce43b31fc07b89:0xacec1ecc7311f3b4,35.154098999999995,-114.57419499999999,https://lh3.googleusercontent.com/gps-cs-s/AHRPTWlRX-l9V_ohTnOdNuKoH1PRjlHB3Ma0LYKCYsj4Rrz1_hgQJRopzUlLqz-5aeg7QiYul3hX-Eokq50DKTyOEJorHb8dga79T94ngP1CQ60ws_JRCeeLwWDk7s5P0gGD5DBy2-W1=w426-h240-k-no,America/Los_Angeles,www.goldennugget.com/laughlin/restaurants/claim-jumper/,www.goldennugget.com,"Wednesday(2026-09-02): [7 AM–8 PM], Thursday(2026-09-03): [7 AM–8 PM], Friday(2026-09-04): [7 AM–9 PM], Saturday(2026-09-05): [7 AM–9 PM], Sunday(2026-09-06): [7 AM–9 PM], Monday(2026-09-07): [7 AM–8 PM], Tuesday(2026-09-08): [7 AM–8 PM]",https://www.google.com/search?kgmid=/g/1ptyms79z,/g/1ptyms79z,https://www.google.com/maps?cid=12460368132480037812,ChIJiXvAH7NDzoARtPMRc8we7Kw,,,,,,,,"Restaurant  Laughlin, US"
Saltgrass Steak House,"2300 S Casino Dr, Laughlin, NV 89029",2300 S Casino Dr,"Laughlin, NV 89029","Steak house, American restaurant, Seafood restaurant","Accessibility: [Wheelchair accessible entrance, Wheelchair accessible parking lot, Wheelchair accessible restroom, Wheelchair accessible seating]",(702) 298-7153,"(702) 298-7153, +1 702-298-7153",YES,Saltgrass Steak House (Owner),109803977813011545907,https://www.google.com/maps/contrib/109803977813011545907,3039,4.6,"https://search.google.com/local/reviews?placeid=ChIJC-9JI7NDzoARNOQkGvBIR5A&q=Restaurant++Laughlin,+US&authuser=0&hl=en&gl=US",10396358460876055604,0x80ce43b32349ef0b:0x904748f01a24e434,35.1547942,-114.5725349,https://lh3.googleusercontent.com/gps-cs-s/AHRPTWl9r_LaFus9HZ69grY2Hj4eb5gHsNRzdANeUE3kS3Pt2S2Vz1u5CLOoefAq_K5RE7sUKr1EInonBiae_GNeku8H3ioUEh7nL6_FroPH7wmOkM3P2M8y9Qr4zXg9Y-dhRJbVaZFE=w408-h306-k-no,America/Los_Angeles,www.saltgrass.com/location/saltgrass-laughlin/,www.saltgrass.com,"Wednesday(2026-09-02): [3–8 PM], Thursday(2026-09-03): [3–8 PM], Friday(2026-09-04): [3–10 PM], Saturday(2026-09-05): [2–10 PM], Sunday(2026-09-06): [2–8 PM], Monday(2026-09-07): [3–8 PM], Tuesday(2026-09-08): [3–8 PM]",https://www.google.com/search?kgmid=/g/1tlbt_qv,/g/1tlbt_qv,https://www.google.com/maps?cid=10396358460876055604,ChIJC-9JI7NDzoARNOQkGvBIR5A,,,,,,,,"Restaurant  Laughlin, US"
Outback Steakhouse,"1900 S Casino Dr, Laughlin, NV 89029",1900 S Casino Dr,"Laughlin, NV 89029","Steak house, American restaurant, Australian restaurant, Bar, Bar & grill, Gluten-free restaurant, Takeout Restaurant, Restaurant","Accessibility: [Wheelchair accessible parking lot, Wheelchair accessible restroom, Wheelchair accessible seating]",(702) 298-0419,"(702) 298-0419, +1 702-298-0419",YES,Outback Steakhouse (Owner),112598101559185398260,https://www.google.com/maps/contrib/112598101559185398260,2821,4.4,"https://search.google.com/local/reviews?placeid=ChIJObu3SKtDzoAR54oFCwz3cgI&q=Restaurant++Laughlin,+US&authuser=0&hl=en&gl=US",176474966517451495,0x80ce43ab48b7bb39:0x272f70c0b058ae7,35.1634023,-114.5715596,https://lh3.googleusercontent.com/gps-cs-s/AHRPTWmWuVgqHl8XnnB442SsGVAawSH4Te3t-ot7pq8Kd343obyAcmcHLlcU7so2pWjxS3tUMuadW2nMwaiVEItIeeBZJca3QUW-oarnK41OpPJYbjorYvh-Z5zJe_n1vqzE9RhhRuM=w408-h306-k-no,America/Los_Angeles,locations.outback.com/nevada/laughlin/1900-south-casino-drive?utm_source=gmb&utm_medium=local_search&utm_campaign=website_cta&y_source=1_MTU1MDIyOTMtNzE1LWxvY2F0aW9uLndlYnNpdGU%3D,locations.outback.com,"Wednesday(2026-09-02): [11 AM–11 PM], Thursday(2026-09-03): [11 AM–11 PM], Friday(2026-09-04): [11 AM–12 AM], Saturday(2026-09-05): [11 AM–12 AM], Sunday(2026-09-06): [11 AM–12 AM], Monday(2026-09-07): [11 AM–11 PM], Tuesday(2026-09-08): [11 AM–11 PM]",https://www.google.com/search?kgmid=/g/1tf3btz7,/g/1tf3btz7,https://www.google.com/maps?cid=176474966517451495,ChIJObu3SKtDzoAR54oFCwz3cgI,,,,,,,,"Restaurant  Laughlin, US"
Bubba Gump Shrimp Co.,"2300 S Casino Dr, Laughlin, NV 89029",2300 S Casino Dr,"Laughlin, NV 89029","Seafood restaurant, American restaurant","Accessibility: [Wheelchair accessible entrance, Wheelchair accessible parking lot, Wheelchair accessible restroom, Wheelchair accessible seating]",(702) 298-7143,"(702) 298-7143, +1 702-298-7143",YES,Bubba Gump Shrimp Co. (Owner),101987973724782277730,https://www.google.com/maps/contrib/101987973724782277730,3492,4.1,"https://search.google.com/local/reviews?placeid=ChIJJYB5HrNDzoARWhbpDpSHDno&q=Restaurant++Laughlin,+US&authuser=0&hl=en&gl=US",8795116192276223578,0x80ce43b31e798025:0x7a0e87940ee9165a,35.1538,-114.5741939,https://lh3.googleusercontent.com/gps-cs-s/AHRPTWn9X_NFFbXwiAz-Rz2oFYfh_uBPSCcQmwkgAJH3lyd7Lau4tv3NbrjJWtzWj4EamMYZYpTaHnVmJpVb-RXWjQ31aUsfB4u7xS3dvhZoPc-e-sjYlTyeYWiLoKhti6Cf4S7JjWs=w408-h306-k-no,America/Los_Angeles,www.bubbagump.com/location/bubba-gump-laughlin-nv/,www.bubbagump.com,"Wednesday(2026-09-02): [12–8 PM], Thursday(2026-09-03): [12–8 PM], Friday(2026-09-04): [12–9 PM], Saturday(2026-09-05): [12–9 PM], Sunday(2026-09-06): [12–8 PM], Monday(2026-09-07): [12–8 PM], Tuesday(2026-09-08): [12–8 PM]",https://www.google.com/search?kgmid=/g/11b5vr3lcy,/g/11b5vr3lcy,https://www.google.com/maps?cid=8795116192276223578,ChIJJYB5HrNDzoARWhbpDpSHDno,,,,,,,,"Restaurant  Laughlin, US"
Prime Rib Room,"1650 S Casino Dr, Laughlin, NV 89029",1650 S Casino Dr,"Laughlin, NV 89029",Steak house,"Accessibility: [Wheelchair accessible entrance, Wheelchair accessible parking lot, Wheelchair accessible restroom, Wheelchair accessible seating]",(702) 298-2535,"(702) 298-2535, +1 702-298-2535",YES,Prime Rib Room (Owner),116011725129566187960,https://www.google.com/maps/contrib/116011725129566187960,1248,4.4,"https://search.google.com/local/reviews?placeid=ChIJ2QZIWVVCzoARP4kfZh5xcaA&q=Restaurant++Laughlin,+US&authuser=0&hl=en&gl=US",11561146093813074239,0x80ce4255594806d9:0xa071711e661f893f,35.1676662,-114.570712,https://lh3.googleusercontent.com/gps-cs-s/AHRPTWlm97tS_Ewv9cCZZZeZ9ULhhjXzUiNnxW2u7BuRlbeSXDOmnyBZrwewyAtqsucywYUtcSKqhwT2IovPWNY1bgjhmL4-QmCdDjVIIhcnJXu4C4sKvTA63-i4Gka_giGnuk2b-SY=w408-h574-k-no,America/Los_Angeles,www.riversideresort.com/dining-riverside-resort/the-prime-rib-room/,www.riversideresort.com,"Wednesday(2026-09-02): [4–9 PM], Thursday(2026-09-03): [4–9 PM], Friday(2026-09-04): [4–10 PM], Saturday(2026-09-05): [4–10 PM], Sunday(2026-09-06): [4–9 PM], Monday(2026-09-07): [4–9 PM], Tuesday(2026-09-08): [4–9 PM]",https://www.google.com/search?kgmid=/g/11c0qlzwct,/g/11c0qlzwct,https://www.google.com/maps?cid=11561146093813074239,ChIJ2QZIWVVCzoARP4kfZh5xcaA,,,,,,,,"Restaurant  Laughlin, US"
The Ranch Bar and Grill | Laughlin Ranch,"1360 William Hardy Dr, Bullhead City, AZ 86429",1360 William Hardy Dr,"Bullhead City, AZ 86429","Steak house, Brunch restaurant, Hamburger restaurant, Lunch restaurant, Pizza restaurant","Accessibility: [Wheelchair accessible entrance, Wheelchair accessible parking lot, Wheelchair accessible restroom, Wheelchair accessible seating]",(928) 754-1243,"(928) 754-1243, +1 928-754-1243",YES,The Ranch Bar and Grill | Laughlin Ranch (Owner),114387533864965275469,https://www.google.com/maps/contrib/114387533864965275469,441,4.5,"https://search.google.com/local/reviews?placeid=ChIJifVA1QFCzoARUGMBjiu5OMg&q=Restaurant++Laughlin,+US&authuser=0&hl=en&gl=US",14427485002998571856,0x80ce4201d540f589:0xc838b92b8e016350,35.138234499999996,-114.5267844,https://lh3.googleusercontent.com/gps-cs-s/AHRPTWkObkcXXFxtCACnQnAKg4zHayQWRET7okzW0g0PygcrwSPi3nv3wSSzKtRmf-Abk4B47I6TXaqDdu0ltwUZKqjxqckOgi4MVZZXyIIW4-mJkYcBiUNK6t3rBnc-B70Bg4eCNDlv=w408-h306-k-no,America/Phoenix,laughlinranch.com/dining/,laughlinranch.com,"Wednesday(2026-09-02): [11 AM–8 PM], Thursday(2026-09-03): [11 AM–8 PM], Friday(2026-09-04): [11 AM–8 PM], Saturday(2026-09-05): [11 AM–8 PM], Sunday(2026-09-06): [9 AM–3 PM], Monday(2026-09-07): [11 AM–8 PM], Tuesday(2026-09-08): [11 AM–8 PM]",https://www.google.com/search?kgmid=/g/1tvdk1_1,/g/1tvdk1_1,https://www.google.com/maps?cid=14427485002998571856,ChIJifVA1QFCzoARUGMBjiu5OMg,,,,,,,,"Restaurant  Laughlin, US"
River Valley Grill,"1955 W Casino Dr, Laughlin, NV 89029",1955 W Casino Dr,"Laughlin, NV 89029",American restaurant,"Accessibility: [Wheelchair accessible entrance, Wheelchair accessible parking lot, Wheelchair accessible restroom, Wheelchair accessible seating]",(928) 519-9266,"(928) 519-9266, +1 928-519-9266",YES,River Valley Grill (Owner),113883617743197347236,https://www.google.com/maps/contrib/113883617743197347236,4,2.8,"https://search.google.com/local/reviews?placeid=ChIJZencILhFzoARf5m1BcKeNJk&q=Restaurant++Laughlin,+US&authuser=0&hl=en&gl=US",11039623142748559743,0x80ce45b820dce965:0x99349ec205b5997f,35.1238186,-114.6237865,https://lh3.googleusercontent.com/gps-cs-s/AHRPTWlEGRPEgGbF7h_9la3yLxokp_A53uYPdXYVAc6WXUuEcXNQwceCzol961A4xN0zEiWSWlUclE2Ux2MGumw9pDDMjnkw_YUiNipX8hJ0U1A5pu3t5lwgoe0ffNLnOLheCdCC50-GVLLpDZaX=w474-h240-k-no,America/Los_Angeles,www.rivervalleypizzaaz.com/,www.rivervalleypizzaaz.com,"Wednesday(2026-09-02): [11 AM–10 PM], Thursday(2026-09-03): [11 AM–10 PM], Friday(2026-09-04): [11 AM–10 PM], Saturday(2026-09-05): [11 AM–10 PM], Sunday(2026-09-06): [11 AM–12 AM], Monday(2026-09-07): [12–10 AM, 11 AM–10 PM], Tuesday(2026-09-08): [11 AM–10 PM]",https://www.google.com/search?kgmid=/g/11zfrjz_bh,/g/11zfrjz_bh,https://www.google.com/maps?cid=11039623142748559743,ChIJZencILhFzoARf5m1BcKeNJk,,,,,,,,"Restaurant  Laughlin, US"
Denny's Restaurant,"2020 S Casino Dr, Laughlin, NV 89029",2020 S Casino Dr,"Laughlin, NV 89029","Restaurant, American restaurant, Breakfast restaurant, Brunch restaurant, Cafeteria, Diner, Hamburger restaurant, Takeout Restaurant, Sandwich shop","Accessibility: [Wheelchair accessible entrance, Wheelchair accessible parking lot, Wheelchair accessible restroom, Wheelchair accessible seating]",(702) 299-1285,"(702) 299-1285, +1 702-299-1285",YES,Denny's Restaurant (Owner),104984232749967311355,https://www.google.com/maps/contrib/104984232749967311355,1914,4.6,"https://search.google.com/local/reviews?placeid=ChIJPZTOyY1DzoARXwrVYRE-kW8&q=Restaurant++Laughlin,+US&authuser=0&hl=en&gl=US",8039275054209763935,0x80ce438dc9ce943d:0x6f913e1161d50a5f,35.161420899999996,-114.57144249999999,https://lh3.googleusercontent.com/gps-cs-s/AHRPTWlX6_DQOIpUtTpmmh87rrC0PScBRqV4dYln7lTDqvvrateYSs6lFqF7kLzIBl9_VKoSRKMuGidOw6j6BQpMxxk9u0vP8Oq3c9bJMJsAcYIuxb9Ta1k3sCZG2uhsEmpaaJ1OFOcf=w426-h240-k-no,America/Los_Angeles,locations.dennys.com/NV/LAUGHLIN/249625?utm_source=G&utm_medium=organic&utm_campaign=DAC,locations.dennys.com,"Wednesday(2026-09-02): [Open 24 hours], Thursday(2026-09-03): [Open 24 hours], Friday(2026-09-04): [Open 24 hours], Saturday(2026-09-05): [Open 24 hours], Sunday(2026-09-06): [Open 24 hours], Monday(2026-09-07): [Open 24 hours], Tuesday(2026-09-08): [Open 24 hours]",https://www.google.com/search?kgmid=/g/11pc55xrj1,/g/11pc55xrj1,https://www.google.com/maps?cid=8039275054209763935,ChIJPZTOyY1DzoARXwrVYRE-kW8,,,,,,,,"Restaurant  Laughlin, US"
The Brew Brothers Tap House,"2121 S Casino Dr, Laughlin, NV 89029",2121 S Casino Dr,"Laughlin, NV 89029","Restaurant, American restaurant","Accessibility: [Wheelchair accessible entrance, Wheelchair accessible parking lot, Wheelchair accessible restroom, Wheelchair accessible seating]",(702) 298-4200,"(702) 298-4200, +1 702-298-4200",YES,The Brew Brothers Tap House (Owner),109198775743850699028,https://www.google.com/maps/contrib/109198775743850699028,650,4.1,"https://search.google.com/local/reviews?placeid=ChIJU1VAzx1DzoAR0rBSgU__D34&q=Restaurant++Laughlin,+US&authuser=0&hl=en&gl=US",9083759690366759122,0x80ce431dcf405553:0x7e0fff4f8152b0d2,35.1577327,-114.5753524,https://lh3.googleusercontent.com/gps-cs-s/AHRPTWnoBhRMeAbJm3RsWeHrhX5RZ9Y_Wsfb7L0b7ZCnixQskXGtzMk7Op8j1Mves9eO6w-YVJTCUfj5jQMumeItaA_-EROpPBFXWBKvU9rX4OLZIzQP_t1Jin1w_fx8cCpi3OuGhpXY=w423-h240-k-no,America/Los_Angeles,www.caesars.com/tropicana-laughlin/restaurants/brew-brothers?utm_campaign=gmb&utm_source=google&utm_medium=local&utm_term=TLA1&utm_content=restaurant&y_source=1_MTk1MTkyODMtNzE1LWxvY2F0aW9uLndlYnNpdGU%3D,www.caesars.com,"Wednesday(2026-09-02): [4–8:30 PM], Thursday(2026-09-03): [4–8:30 PM], Friday(2026-09-04): [4–10 PM], Saturday(2026-09-05): [4–10 PM], Sunday(2026-09-06): [4–8:30 PM], Monday(2026-09-07): [4–8:30 PM], Tuesday(2026-09-08): [4–8:30 PM]",https://www.google.com/search?kgmid=/g/11flbps94v,/g/11flbps94v,https://www.google.com/maps?cid=9083759690366759122,ChIJU1VAzx1DzoAR0rBSgU__D34,,,,,,,,"Restaurant  Laughlin, US"
Morning Joy Cafe,"3100 Needles Hwy Ste 700, Laughlin, NV 89029",3100 Needles Hwy Ste 700,"Laughlin, NV 89029",Coffee shop,"Accessibility: [Wheelchair accessible entrance, Wheelchair accessible parking lot, Wheelchair accessible restroom, Wheelchair accessible seating]",(702) 709-5038,"(702) 709-5038, +1 702-709-5038",YES,Morning Joy Cafe (Owner),116678669456941762009,https://www.google.com/maps/contrib/116678669456941762009,120,4.9,"https://search.google.com/local/reviews?placeid=ChIJx2YOh89FzoAR9s_0oX-2ZpE&q=Restaurant++Laughlin,+US&authuser=0&hl=en&gl=US",10477262242418315254,0x80ce45cf870e66c7:0x9166b67fa1f4cff6,35.1407053,-114.62184149999999,https://lh3.googleusercontent.com/gps-cs-s/AHRPTWmhDDDPNwX1l3mKZGEDSbVzHRoAhrU6jE1BQkyRRRv7Wn_vNDkMhkUv93slCEdREZ5d3xKCpVCzBv8Zsdd7YEFsOvmhJ98or1B3oAZpuBy7qad7aFIb4Z9NpRl6ckEl500Tm6mHYCAJ0QP-=w408-h305-k-no,America/Los_Angeles,,,"Wednesday(2026-09-02): [6 AM–2 PM], Thursday(2026-09-03): [6 AM–2 PM], Friday(2026-09-04): [6 AM–2 PM], Saturday(2026-09-05): [7 AM–2 PM], Sunday(2026-09-06): [7 AM–2 PM], Monday(2026-09-07): [6 AM–2 PM], Tuesday(2026-09-08): [6 AM–2 PM]",https://www.google.com/search?kgmid=/g/11t_gq9tpq,/g/11t_gq9tpq,https://www.google.com/maps?cid=10477262242418315254,ChIJx2YOh89FzoAR9s_0oX-2ZpE,,,,,,,,"Restaurant  Laughlin, US"
Old Town Saloon,"2850 S Casino Dr, Laughlin, NV 89029",2850 S Casino Dr,"Laughlin, NV 89029","Bar, Cocktail bar","Accessibility: [Wheelchair accessible entrance, Wheelchair accessible parking lot, Wheelchair accessible restroom]",(702) 298-3866,"(702) 298-3866, +1 702-298-3866",YES,Old Town Saloon (Owner),116760919780786962356,https://www.google.com/maps/contrib/116760919780786962356,433,4.2,"https://search.google.com/local/reviews?placeid=ChIJ0Ve13slDzoAR6r35dTyjyMA&q=Restaurant++Laughlin,+US&authuser=0&hl=en&gl=US",13891532530696961514,0x80ce43c9deb557d1:0xc0c8a33c75f9bdea,35.1461111,-114.57861109999999,https://lh3.googleusercontent.com/gps-cs-s/AHRPTWlNRQVNxdjAVHGVe-nuAqXA6bHqf8whhQfkKWmduQ1SFjXuke4aQ4kjmt58vHcx5WVOZSVXagDiEbQ3zk27tlJ31ELShdpk3fX6RiR0jwiTgmUh1mwTS53_XOiQVtLCNe_vPY42pQ=w408-h306-k-no,America/Los_Angeles,www.facebook.com/Old-Town-Saloon-291881360853088/menu,www.facebook.com,"Wednesday(2026-09-02): [Open 24 hours], Thursday(2026-09-03): [Open 24 hours], Friday(2026-09-04): [Open 24 hours], Saturday(2026-09-05): [Open 24 hours], Sunday(2026-09-06): [Open 24 hours], Monday(2026-09-07): [Open 24 hours], Tuesday(2026-09-08): [Open 24 hours]",https://www.google.com/search?kgmid=/g/1tf2y25p,/g/1tf2y25p,https://www.google.com/maps?cid=13891532530696961514,ChIJ0Ve13slDzoAR6r35dTyjyMA,,,,,,,,"Restaurant  Laughlin, US"
Guy Fieris El Burro Borracho,"2900 S Casino Dr Harrah's, Laughlin, NV 89029",2900 S Casino Dr Harrah's,"Laughlin, NV 89029",Mexican restaurant,"Accessibility: [Wheelchair accessible entrance, Wheelchair accessible parking lot, Wheelchair accessible restroom, Wheelchair accessible seating]",(702) 298-6898,"(702) 298-6898, +1 702-298-6898",YES,Guy Fieris El Burro Borracho (Owner),111493095200419139032,https://www.google.com/maps/contrib/111493095200419139032,1695,3.8,"https://search.google.com/local/reviews?placeid=ChIJraoaPMpDzoARHllJmKz7Fe0&q=Restaurant++Laughlin,+US&authuser=0&hl=en&gl=US",17083837480207735070,0x80ce43ca3c1aaaad:0xed15fbac9849591e,35.1442628,-114.57676199999999,https://lh3.googleusercontent.com/gps-cs-s/AHRPTWkOp3IcYbHzXpT8ymWwJA2DXzunMtd-aKg0mdrP4_UfxhjOQYSb_aH6vG0h13F2BDC79Ot1C7Vw81IemnDnww8qm5K0YS9Y-Lk2Wyvc7KlAOsfCxw3JN0Hy8zLm8tTt6OC1OkCc=w426-h240-k-no,America/Los_Angeles,www.caesars.com/harrahs-laughlin/restaurants/guy-fieris-el-burro-borracho?utm_campaign=gmb&utm_source=google&utm_medium=local&utm_term=LAU2&utm_content=restaurant&y_source=1_NDM2Njg0NC03MTUtbG9jYXRpb24ud2Vic2l0ZQ%3D%3D,www.caesars.com,"Wednesday(2026-09-02): [4–10 PM], Thursday(2026-09-03): [4–10 PM], Friday(2026-09-04): [4–11 PM], Saturday(2026-09-05): [4–11 PM], Sunday(2026-09-06): [4–10 PM], Monday(2026-09-07): [4–10 PM], Tuesday(2026-09-08): [4–10 PM]",https://www.google.com/search?kgmid=/g/11c6f034hw,/g/11c6f034hw,https://www.google.com/maps?cid=17083837480207735070,ChIJraoaPMpDzoARHllJmKz7Fe0,,,,,,,,"Restaurant  Laughlin, US"
Chuckwagon Restaurant,"1950 S Casino Dr, Laughlin, NV 89029",1950 S Casino Dr,"Laughlin, NV 89029","Steak house, Breakfast restaurant, Diner, Hamburger restaurant, Italian restaurant, Restaurant, Taco restaurant","Accessibility: [Wheelchair accessible entrance, Wheelchair accessible parking lot, Wheelchair accessible restroom, Wheelchair accessible seating]",(702) 299-1220,"(702) 299-1220, +1 702-299-1220",YES,Chuckwagon Restaurant (Owner),118404177268812716698,https://www.google.com/maps/contrib/118404177268812716698,534,4.3,"https://search.google.com/local/reviews?placeid=ChIJo1FnZdtDzoAR8M5ZN8wanLU&q=Restaurant++Laughlin,+US&authuser=0&hl=en&gl=US",13086364081636101872,0x80ce43db656751a3:0xb59c1acc3759cef0,35.161887,-114.5714308,https://lh3.googleusercontent.com/gps-cs-s/AHRPTWkbu6ugB18jt6o-0YYyeaclkvcuAXQl4NGtOyo45QqpHLZLtITIHSs5ci10hg2VOT5d8YTKVh-MICJBs3PtVHYpPyaM8FKW_vY_7tqiSGNAxMgSBuhbbCPZEp3v1XCUvlm7qTQy8g=w408-h306-k-no,America/Los_Angeles,www.regencylaughlin.com/Dine,www.regencylaughlin.com,"Wednesday(2026-09-02): [7:30 AM–9 PM], Thursday(2026-09-03): [7:30 AM–9 PM], Friday(2026-09-04): [7:30 AM–11 PM], Saturday(2026-09-05): [7:30 AM–11 PM], Sunday(2026-09-06): [7:30 AM–9 PM], Monday(2026-09-07): [7:30 AM–9 PM], Tuesday(2026-09-08): [7:30 AM–9 PM]",https://www.google.com/search?kgmid=/g/11g1kssjlm,/g/11g1kssjlm,https://www.google.com/maps?cid=13086364081636101872,ChIJo1FnZdtDzoAR8M5ZN8wanLU,,,,,,,,"Restaurant  Laughlin, US"
Riverview Restaurant,"1650 S Casino Dr, Laughlin, NV 89029",1650 S Casino Dr,"Laughlin, NV 89029",American restaurant,"Accessibility: [Wheelchair accessible entrance, Wheelchair accessible parking lot, Wheelchair accessible restroom, Wheelchair accessible seating]",(702) 298-2535,"(702) 298-2535, +1 702-298-2535",NO,Riverview Restaurant (Owner),,,610,3.9,"https://search.google.com/local/reviews?placeid=ChIJWwtDW1VCzoARFMpK93rtSDU&q=Restaurant++Laughlin,+US&authuser=0&hl=en&gl=US",3839579794724014612,0x80ce42555b430b5b:0x3548ed7af74aca14,35.1680527,-114.5706649,https://lh3.googleusercontent.com/gps-cs-s/AHRPTWkXMfb3A4flM-4UTxgaFZ0V8z4dhzBLhWl2-2PAnMhiawQySg4gI5A9YNah7NwNVBtxRZuVenjUY5rZRGND1toDVpok7eJ6JPvWjU5kDEOeQt-tMKz4vQNfy_ZCSbnDNF-Lz8Tb=w408-h307-k-no,America/Los_Angeles,www.riversideresort.com/dining-riverside-resort/riverview-restaurant-family-friendly-great-service-and-wonderful-food/,www.riversideresort.com,"Wednesday(2026-09-02): [6 AM–11 PM], Thursday(2026-09-03): [6 AM–11 PM], Friday(2026-09-04): [6 AM–11 PM], Saturday(2026-09-05): [6 AM–11 PM], Sunday(2026-09-06): [6 AM–11 PM], Monday(2026-09-07): [6 AM–11 PM], Tuesday(2026-09-08): [6 AM–11 PM]",https://www.google.com/search?kgmid=/g/11hd21bcqc,/g/11hd21bcqc,https://www.google.com/maps?cid=3839579794724014612,ChIJWwtDW1VCzoARFMpK93rtSDU,,,,,,,,"Restaurant  Laughlin, US"
Gilligan's,"3801 Needles Hwy, Laughlin, NV 89029",3801 Needles Hwy,"Laughlin, NV 89029","Bar, Casino, Cocktail bar","Accessibility: [Wheelchair accessible entrance, Wheelchair accessible parking lot, Wheelchair accessible restroom]",(702) 299-0200,"(702) 299-0200, +1 702-299-0200",YES,Gilligan's (Owner),107215340853080869137,https://www.google.com/maps/contrib/107215340853080869137,227,4.3,"https://search.google.com/local/reviews?placeid=ChIJObu3SKtDzoARcjYvbP9p0Us&q=Restaurant++Laughlin,+US&authuser=0&hl=en&gl=US",5463264368729732722,0x80ce43ab48b7bb39:0x4bd169ff6c2f3672,35.1276779,-114.6329117,https://lh3.googleusercontent.com/gps-cs-s/AHRPTWkbJRYN8Kg8obcWfRC91qRJyfyoYoYRVC4ooz9lHBjyXhvNplzX4lRmlIcGAdybV_P1OFVj328lLtG8JT6nosgo-c7i_LRSWas0JwyrG4SBKClrimB2DWJ-8aqIY5D3ricsNfI4ig=w408-h306-k-no,America/Los_Angeles,www.laughlinlocals.com/,www.laughlinlocals.com,"Wednesday(2026-09-02): [Open 24 hours], Thursday(2026-09-03): [Open 24 hours], Friday(2026-09-04): [Open 24 hours], Saturday(2026-09-05): [Open 24 hours], Sunday(2026-09-06): [Open 24 hours], Monday(2026-09-07): [Open 24 hours], Tuesday(2026-09-08): [Open 24 hours]",https://www.google.com/search?kgmid=/g/1td6sh_c,/g/1td6sh_c,https://www.google.com/maps?cid=5463264368729732722,ChIJObu3SKtDzoARcjYvbP9p0Us,,,,,,,,"Restaurant  Laughlin, US"
Minato Japanese & Korean Restaurant,"2311 S Casino Dr G1, Laughlin, NV 89029",2311 S Casino Dr G1,"Laughlin, NV 89029","Japanese restaurant, Asian restaurant, Korean restaurant, Restaurant, Sushi restaurant","Accessibility: [Wheelchair accessible entrance, Wheelchair accessible parking lot, Wheelchair accessible restroom, Wheelchair accessible seating]",(702) 298-7997,"(702) 298-7997, +1 702-298-7997",YES,Minato Japanese & Korean Restaurant (Owner),103088236252897899104,https://www.google.com/maps/contrib/103088236252897899104,1369,4.5,"https://search.google.com/local/reviews?placeid=ChIJsVQIX7JDzoARTamcf6wat8I&q=Restaurant++Laughlin,+US&authuser=0&hl=en&gl=US",14030712492273740109,0x80ce43b25f0854b1:0xc2b71aac7f9ca94d,35.155164899999995,-114.5750853,https://lh3.googleusercontent.com/gps-cs-s/AHRPTWl0WsFdVDXMJNZfqYqeNpMAS32SZtGKpbyG6Aaf8Cv473HEj0XBijB-kFTgUgm7UoXyMdBbhe41_ZPNGlyd0qVB0Zw4bjZzOXR6vsfIXW603orbgcHMLYiWdNB9zmGhq8EKrC2_DQ=w408-h306-k-no,America/Los_Angeles,www.minatolaughlin.com/,www.minatolaughlin.com,"Wednesday(2026-09-02): [11:30 AM–9 PM], Thursday(2026-09-03): [11:30 AM–9 PM], Friday(2026-09-04): [11:30 AM–10 PM], Saturday(2026-09-05): [11:30 AM–10 PM], Sunday(2026-09-06): [11:30 AM–9 PM], Monday(2026-09-07): [11:30 AM–9 PM], Tuesday(2026-09-08): [11:30 AM–9 PM]",https://www.google.com/search?kgmid=/g/1hc2jsmvd,/g/1hc2jsmvd,https://www.google.com/maps?cid=14030712492273740109,ChIJsVQIX7JDzoARTamcf6wat8I,,,,,,,,"Restaurant  Laughlin, US"
The Gourmet,"1650 S Casino Dr, Laughlin, NV 89029",1650 S Casino Dr,"Laughlin, NV 89029",Steak house,"Accessibility: [Wheelchair accessible entrance, Wheelchair accessible parking lot, Wheelchair accessible restroom]",(702) 298-2535,"(702) 298-2535, +1 702-298-2535",NO,The Gourmet (Owner),,,79,4.1,"https://search.google.com/local/reviews?placeid=ChIJnehJ5xlDzoAR_xYAxnOqv_0&q=Restaurant++Laughlin,+US&authuser=0&hl=en&gl=US",18284520426367358719,0x80ce4319e749e89d:0xfdbfaa73c60016ff,35.1679325,-114.57055539999999,https://lh3.googleusercontent.com/gps-cs-s/AHRPTWleqcpexNKxzeP9Ldmm-EXDNWfu-vO9SlAy4VKGzCF09_gHPmvPor9MFTdaDZMtxEQvzvmM4buVUeeGJvY7RZmmsRWM_wV9JH8o7TEPHeBEym1buT-7d96R6gIA_huRBj_vNaFq=w408-h306-k-no,America/Los_Angeles,www.riversideresort.com/dining-riverside-resort/the-gourmet-room/,www.riversideresort.com,"Wednesday(2026-09-02): [Closed], Thursday(2026-09-03): [5–9 PM], Friday(2026-09-04): [5–10 PM], Saturday(2026-09-05): [5–10 PM], Sunday(2026-09-06): [5–9 PM], Monday(2026-09-07): [5–9 PM], Tuesday(2026-09-08): [Closed]",https://www.google.com/search?kgmid=/g/11jzgy6mgh,/g/11jzgy6mgh,https://www.google.com/maps?cid=18284520426367358719,ChIJnehJ5xlDzoAR_xYAxnOqv_0,,,,,,,,"Restaurant  Laughlin, US"
Stockman's Steakhouse,"2020 S Casino Dr, Laughlin, NV 89029",2020 S Casino Dr,"Laughlin, NV 89029",Restaurant,"Accessibility: [Wheelchair accessible entrance, Wheelchair accessible parking lot, Wheelchair accessible restroom, Wheelchair accessible seating]",(702) 298-2453,"(702) 298-2453, +1 702-298-2453",YES,Stockman's Steakhouse (Owner),111102645708943323738,https://www.google.com/maps/contrib/111102645708943323738,276,3.3,"https://search.google.com/local/reviews?placeid=ChIJJWaPSVNCzoARtLO_MtR8f04&q=Restaurant++Laughlin,+US&authuser=0&hl=en&gl=US",5656376907826967476,0x80ce4253498f6625:0x4e7f7cd432bfb3b4,35.1605944,-114.57133259999999,https://lh3.googleusercontent.com/gps-cs-s/AHRPTWki1JN2cZlzOwD9ROwgFJt96E1_rW7xZGTdfaufrZZZHMmVGIkeVmUBOueHZ3wxofVyCJ6_d3jA8pcUCFMGDKZzxGKMjwlXAv6dRGDUDaQbYzf0ZEuA1bmC7SIzauZPHdPwXbhm=w408-h305-k-no,America/Los_Angeles,www.edgewater-casino.com/restaurants?utm_source=gmb&utm_medium=yext,www.edgewater-casino.com,"Wednesday(2026-09-02): [4–9 PM], Thursday(2026-09-03): [4–9 PM], Friday(2026-09-04): [3–11 PM], Saturday(2026-09-05): [3–11 PM], Sunday(2026-09-06): [4–9 PM], Monday(2026-09-07): [4–9 PM], Tuesday(2026-09-08): [4–9 PM]",https://www.google.com/search?kgmid=/g/11b_2wb0ds,/g/11b_2wb0ds,https://www.google.com/maps?cid=5656376907826967476,ChIJJWaPSVNCzoARtLO_MtR8f04,,,,,,,,"Restaurant  Laughlin, US"
Golden Nugget Laughlin Hotel & Casino,"2300 S Casino Dr, Laughlin, NV 89029",2300 S Casino Dr,"Laughlin, NV 89029","Restaurant, Hotel, Casino, Wedding venue","Accessibility: [Wheelchair accessible entrance, Wheelchair accessible parking lot, Wheelchair accessible restroom, Wheelchair accessible seating]",(702) 298-7111,"(702) 298-7111, +1 702-298-7111",YES,Golden Nugget Laughlin Hotel & Casino (Owner),117928185884868785007,https://www.google.com/maps/contrib/117928185884868785007,10034,4.1,"https://search.google.com/local/reviews?placeid=ChIJNQhqgLJDzoARDyXqhK0p204&q=Restaurant++Laughlin,+US&authuser=0&hl=en&gl=US",5682181180094031119,0x80ce43b2806a0835:0x4edb29ad84ea250f,35.1545638,-114.5729482,https://lh3.googleusercontent.com/gps-cs-s/AHRPTWkCFTJe6VtwVaBRfkayeW3htBUqLg6EH1_GI-pQDy0eekItv4hW5Bzc0xikYH8MFgR1r2FaA6fA15daTlg4SopppNWX0ZFFQ9OCpQQkQFByq0VZzxGinA_WG5budCEJTfKhSd02sg=w426-h240-k-no,America/Los_Angeles,www.goldennugget.com/laughlin/,www.goldennugget.com,,,,https://www.google.com/maps?cid=5682181180094031119,ChIJNQhqgLJDzoARDyXqhK0p204,,,,,,,,"Restaurant  Laughlin, US"
Thai Laughlin,"2311 S Casino Dr, Laughlin, NV 89029",2311 S Casino Dr,"Laughlin, NV 89029","Thai restaurant, Asian restaurant, Noodle shop, Rice restaurant","Accessibility: [Wheelchair accessible entrance, Wheelchair accessible parking lot, Wheelchair accessible restroom, Wheelchair accessible seating]",(725) 220-4064,"(725) 220-4064, +1 725-220-4064",YES,Thai Laughlin (Owner),105112105985320746812,https://www.google.com/maps/contrib/105112105985320746812,134,4.3,"https://search.google.com/local/reviews?placeid=ChIJgaKdCi9DzoARqVweySE4rFo&q=Restaurant++Laughlin,+US&authuser=0&hl=en&gl=US",6533658877167033513,0x80ce432f0a9da281:0x5aac3821c91e5ca9,35.1550231,-114.5750478,https://lh3.googleusercontent.com/gps-cs-s/AHRPTWl_2guGZIF1--31uRR1b8m159q_8xraDKqbqc6u5F1K4iCry2NpyPf25tokHvjQIjH7GHWsGZW-_Gq5vwL-XRWOYrV-WiY3T2qn9ywHupQT6QsB_-G6b5Zeq5rPXlrAgffdR-d0my-Mcho2=w408-h544-k-no,America/Los_Angeles,www.thailaughlin.com/,www.thailaughlin.com,"Wednesday(2026-09-02): [11 AM–10 PM], Thursday(2026-09-03): [11 AM–10 PM], Friday(2026-09-04): [11 AM–12 AM], Saturday(2026-09-05): [11 AM–12 AM], Sunday(2026-09-06): [11 AM–12 AM], Monday(2026-09-07): [11 AM–10 PM], Tuesday(2026-09-08): [11 AM–10 PM]",https://www.google.com/search?kgmid=/g/11sw1h_jt_,/g/11sw1h_jt_,https://www.google.com/maps?cid=6533658877167033513,ChIJgaKdCi9DzoARqVweySE4rFo,,,,,,,,"Restaurant  Laughlin, US"
Riverside Buffet,"1650 S Casino Dr, Laughlin, NV 89029",1650 S Casino Dr,"Laughlin, NV 89029",Buffet restaurant,"Accessibility: [Wheelchair accessible entrance, Wheelchair accessible parking lot, Wheelchair accessible restroom, Wheelchair accessible seating]",(702) 298-2535,"(702) 298-2535, +1 702-298-2535",NO,Riverside Buffet (Owner),,,200,2.8,"https://search.google.com/local/reviews?placeid=ChIJ1ZSDPilDzoAR15f0hnBDFxQ&q=Restaurant++Laughlin,+US&authuser=0&hl=en&gl=US",1447699955802478551,0x80ce43293e8394d5:0x1417437086f497d7,35.1681837,-114.57098289999999,https://lh3.googleusercontent.com/gps-cs-s/AHRPTWkjqkskkpn0CKMx-863h2yHD2uozH4DQA4vFxO4fOtwBkA1hm9yMNi_h05jNUM1wiba-7bNnVtubFI6n5aOgPBFtAl-rmEwnFTGU3v9qvIcAbMDqVmNPD-tACHc3MJsf09O3AT8JKC9ZMud=w426-h240-k-no,America/Los_Angeles,www.riversideresort.com/dining-riverside-resort/riverside-buffet/,www.riversideresort.com,"Wednesday(2026-09-02): [3–8:30 PM], Thursday(2026-09-03): [8 AM–2 PM, 3:30–8:30 PM], Friday(2026-09-04): [8 AM–2 PM, 3:30–9:30 PM], Saturday(2026-09-05): [8 AM–2 PM, 3:30–9:30 PM], Sunday(2026-09-06): [8 AM–8:30 PM], Monday(2026-09-07): [8 AM–2 PM], Tuesday(2026-09-08): [3:30–8:30 PM]",https://www.google.com/search?kgmid=/g/11k4xdf3w3,/g/11k4xdf3w3,https://www.google.com/maps?cid=1447699955802478551,ChIJ1ZSDPilDzoAR15f0hnBDFxQ,,,,,,,,"Restaurant  Laughlin, US"
Hideout,"2311 S Casino Dr g2, Laughlin, NV 89029",2311 S Casino Dr g2,"Laughlin, NV 89029",Bar,"Accessibility: [Wheelchair accessible entrance, Wheelchair accessible parking lot, Wheelchair accessible restroom]",(702) 299-0008,"(702) 299-0008, +1 702-299-0008",NO,Hideout (Owner),,,382,4.2,"https://search.google.com/local/reviews?placeid=ChIJsVQIX7JDzoARm6rWlBG0DnU&q=Restaurant++Laughlin,+US&authuser=0&hl=en&gl=US",8434877139716057755,0x80ce43b25f0854b1:0x750eb41194d6aa9b,35.1550626,-114.57507419999999,https://lh3.googleusercontent.com/gps-cs-s/AHRPTWnIY7rVQxwaiU9mKmqDamaGJUNwvhtDwGaz88vWQ8AHw6sel2b9Pw5P_G6IJR1y3AsK9FoTz9UJk3d1RtYXi4bjJtuy8f7SP6AMbavMWlhqwPBX28fYVmCmYmx4E_g2aZrLyWEw2A=w426-h240-k-no,America/Los_Angeles,,,"Wednesday(2026-09-02): [Open 24 hours], Thursday(2026-09-03): [Open 24 hours], Friday(2026-09-04): [Open 24 hours], Saturday(2026-09-05): [Open 24 hours], Sunday(2026-09-06): [Open 24 hours], Monday(2026-09-07): [Open 24 hours], Tuesday(2026-09-08): [Open 24 hours]",https://www.google.com/search?kgmid=/g/1td8zdlp,/g/1td8zdlp,https://www.google.com/maps?cid=8434877139716057755,ChIJsVQIX7JDzoARm6rWlBG0DnU,,,,,,,,"Restaurant  Laughlin, US"
River Rick's Pizzeria,"2200 S Casino Dr, Laughlin, NV 89029",2200 S Casino Dr,"Laughlin, NV 89029",Pizza restaurant,"Accessibility: [Wheelchair accessible entrance, Wheelchair accessible parking lot, Wheelchair accessible seating]",(702) 298-2442,"(702) 298-2442, +1 702-298-2442",YES,River Rick's Pizzeria (Owner),100665315255469320526,https://www.google.com/maps/contrib/100665315255469320526,98,4.5,"https://search.google.com/local/reviews?placeid=ChIJFX5tDwBDzoARZWyBQnUFCyY&q=Restaurant++Laughlin,+US&authuser=0&hl=en&gl=US",2741290799370169445,0x80ce43000f6d7e15:0x260b057542816c65,35.155441499999995,-114.5727806,https://lh3.googleusercontent.com/gps-cs-s/AHRPTWmQTyEJ3U6b5r5Z-GSPOlKCksI_tTQrwvUZN3VwU5s_FnYgt59_0cV5kOCM_Owo7RdQJEIO71V4upCA-VuwdLuvcc1GoomU4GrOyep9ISOF6FpnRuC4Uaw-bpjm77SK1BsX9Dgd4w=w408-h544-k-no,America/Los_Angeles,www.laughlinpioneer.com/,www.laughlinpioneer.com,"Wednesday(2026-09-02): [8 AM–9 PM], Thursday(2026-09-03): [8 AM–9 PM], Friday(2026-09-04): [8 AM–12 AM], Saturday(2026-09-05): [8 AM–12 AM], Sunday(2026-09-06): [8 AM–9 PM], Monday(2026-09-07): [8 AM–9 PM], Tuesday(2026-09-08): [8 AM–9 PM]",https://www.google.com/search?kgmid=/g/11lcl26hr9,/g/11lcl26hr9,https://www.google.com/maps?cid=2741290799370169445,ChIJFX5tDwBDzoARZWyBQnUFCyY,,,,,,,,"Restaurant  Laughlin, US"
PT's Express,"2020 S Casino Dr, Laughlin, NV 89029",2020 S Casino Dr,"Laughlin, NV 89029",Restaurant,"Accessibility: [Wheelchair accessible entrance, Wheelchair accessible parking lot, Wheelchair accessible restroom, Wheelchair accessible seating]",(702) 298-2453,"(702) 298-2453, +1 702-298-2453",YES,PT's Express (Owner),107253386396398709988,https://www.google.com/maps/contrib/107253386396398709988,812,3.8,"https://search.google.com/local/reviews?placeid=ChIJEdgoSlNCzoARXxJhFTgXLlM&q=Restaurant++Laughlin,+US&authuser=0&hl=en&gl=US",5993753683720999519,0x80ce42534a28d811:0x532e17381561125f,35.1604216,-114.5713789,https://lh3.googleusercontent.com/gps-cs-s/AHRPTWkD14wFDKwydjLQLL3DMZF6pB0DLU7H7zIepkS0_IwBuOA9GbnoJbjahhPNSTrH7bae9MYcOsNoGIZuGsYhLOvrxAFIGf_ory0tVRhf-SZvGRdhFzC54IAQNTkjLS7pW9d3Z9lK=w408-h306-k-no,America/Los_Angeles,www.edgewater-casino.com/restaurants?utm_source=gmb&utm_medium=yext,www.edgewater-casino.com,"Wednesday(2026-09-02): [11 AM–10 PM], Thursday(2026-09-03): [11 AM–10 PM], Friday(2026-09-04): [11 AM–11 PM], Saturday(2026-09-05): [11 AM–11 PM], Sunday(2026-09-06): [11 AM–10 PM], Monday(2026-09-07): [11 AM–10 PM], Tuesday(2026-09-08): [11 AM–10 PM]",,,https://www.google.com/maps?cid=5993753683720999519,ChIJEdgoSlNCzoARXxJhFTgXLlM,,,,,,,,"Restaurant  Laughlin, US"
The Overlook Bar & Lounge,"2900 S Casino Dr, Laughlin, NV 89029",2900 S Casino Dr,"Laughlin, NV 89029","Lounge bar, Wine bar","Accessibility: [Wheelchair accessible entrance, Wheelchair accessible parking lot, Wheelchair accessible restroom, Wheelchair accessible seating]",(702) 298-4600,"(702) 298-4600, +1 702-298-4600",YES,The Overlook Bar & Lounge (Owner),111570122017604685000,https://www.google.com/maps/contrib/111570122017604685000,7,5,"https://search.google.com/local/reviews?placeid=ChIJM-zJPqFDzoARKWl7r-D0iqI&q=Restaurant++Laughlin,+US&authuser=0&hl=en&gl=US",11712443026784348457,0x80ce43a13ec9ec33:0xa28af4e0af7b6929,35.1444408,-114.57661519999999,https://lh3.googleusercontent.com/gps-cs-s/AHRPTWnbJbqhwLdeq-rgbYIAJZtGipuZ8i9-OsIz5l6-ScwHoY_ZyWVxRasLD4dlA5gS8da7J0LdhEjmoE8D6s1iAQu366FX_Zy20LQ8-hJGL3vU_1aEfFhtkNUhx8-agZi4iFUvnA26pA=w533-h240-k-no,America/Los_Angeles,www.caesars.com/harrahs-laughlin/things-to-do/nightlife/the-overlook-bar-and-lounge?utm_campaign=gmb&utm_source=google&utm_medium=local&utm_term=LAU25&utm_content=lounge&y_source=1_MTA5MTIxNzk5Ni03MTUtbG9jYXRpb24ud2Vic2l0ZQ%3D%3D,www.caesars.com,"Wednesday(2026-09-02): [2–8 PM], Thursday(2026-09-03): [2–8 PM], Friday(2026-09-04): [2–10 PM], Saturday(2026-09-05): [2–10 PM], Sunday(2026-09-06): [2–8 PM], Monday(2026-09-07): [2–8 PM], Tuesday(2026-09-08): [2–8 PM]",https://www.google.com/search?kgmid=/g/11lzcf505n,/g/11lzcf505n,https://www.google.com/maps?cid=11712443026784348457,ChIJM-zJPqFDzoARKWl7r-D0iqI,,,,,,,,"Restaurant  Laughlin, US"
Laughlin River Tours,"1900 S Casino Dr, Laughlin, NV 89029",1900 S Casino Dr,"Laughlin, NV 89029","Sightseeing tour agency, Banquet hall, Bar, Boat tour agency, Event venue, Fine dining restaurant, Lunch restaurant, Tour agency, Wedding service, Wedding venue","Accessibility: [Wheelchair accessible entrance, Wheelchair accessible parking lot]",(800) 228-9825,"(800) 228-9825, +1 800-228-9825",YES,Laughlin River Tours (Owner),105165242457304325187,https://www.google.com/maps/contrib/105165242457304325187,3972,4.7,"https://search.google.com/local/reviews?placeid=ChIJsVQIX7JDzoAR_rg1u6ji3g4&q=Restaurant++Laughlin,+US&authuser=0&hl=en&gl=US",1071542975683999998,0x80ce43b25f0854b1:0xedee2a8bb35b8fe,35.1626438,-114.5712473,https://lh3.googleusercontent.com/gps-cs-s/AHRPTWmMrIqpWWIYRQrXdnYXQFRJt_rgg2QWlEZqaoeJ2Sxk__tLsNRPcARZA3-lNkqIzZ6Q5P2Ospz4n0rzmdIsrmqvG3JIUFs4I9VvRu6kCNzai85wdbmCbmIe-oWj1-7-rH9_mrvDc13BglBf=w408-h306-k-no,America/Los_Angeles,www.laughlinrivertours.com/,www.laughlinrivertours.com,"Wednesday(2026-09-02): [8:30 AM–4 PM], Thursday(2026-09-03): [8:30 AM–4 PM], Friday(2026-09-04): [8:30 AM–4 PM], Saturday(2026-09-05): [8:30 AM–4 PM], Sunday(2026-09-06): [8:30 AM–4 PM], Monday(2026-09-07): [8:30 AM–4 PM], Tuesday(2026-09-08): [8:30 AM–4 PM]",https://www.google.com/search?kgmid=/g/1vcjmjk6,/g/1vcjmjk6,https://www.google.com/maps?cid=1071542975683999998,ChIJsVQIX7JDzoAR_rg1u6ji3g4,,,,,,,,"Restaurant  Laughlin, US"
River Rock Pizza & Pasta,"1900 S Casino Dr, Laughlin, NV 89029",1900 S Casino Dr,"Laughlin, NV 89029",Restaurant,"Accessibility: [Wheelchair accessible entrance, Wheelchair accessible parking lot, Wheelchair accessible restroom]",(702) 298-5111,"(702) 298-5111, +1 702-298-5111",YES,River Rock Pizza & Pasta (Owner),102924743198288748822,https://www.google.com/maps/contrib/102924743198288748822,217,3.4,"https://search.google.com/local/reviews?placeid=ChIJNbAtHKFDzoAR6_tngO9Vj3A&q=Restaurant++Laughlin,+US&authuser=0&hl=en&gl=US",8110795941057395691,0x80ce43a11c2db035:0x708f55ef8067fbeb,35.1637106,-114.5719793,https://lh3.googleusercontent.com/gps-cs-s/AHRPTWl2fBnqRkji0TIj0TN_liVloUlPcQ13XH7h-YMAIas8jF8vErpPyK_2OMND3KUXuLQiEBGTtvgiV_Lt5eBNpWnEMb0n3WnXqZYFPMiWEssLpfgnmsJn4khgkMcwmiUkDDr9eGzX=w408-h307-k-no,America/Los_Angeles,www.aquariuscasinoresort.com/Food-Drink/River-Rock-Pizza-and-Pasta?utm_source=gmb&utm_medium=yext,www.aquariuscasinoresort.com,"Wednesday(2026-09-02): [3–10 PM], Thursday(2026-09-03): [3–10 PM], Friday(2026-09-04): [3–11 PM], Saturday(2026-09-05): [3–11 PM], Sunday(2026-09-06): [3–10 PM], Monday(2026-09-07): [3–10 PM], Tuesday(2026-09-08): [3–10 PM]",https://www.google.com/search?kgmid=/g/11mhg5k62m,/g/11mhg5k62m,https://www.google.com/maps?cid=8110795941057395691,ChIJNbAtHKFDzoAR6_tngO9Vj3A,,,,,,,,"Restaurant  Laughlin, US"
Gnats Landing,"1631 Cal Edison Dr, Laughlin, NV 89029",1631 Cal Edison Dr,"Laughlin, NV 89029","Sports bar, Bar, Cocktail bar","Accessibility: [Wheelchair accessible entrance, Wheelchair accessible parking lot, Wheelchair accessible restroom]",(702) 298-2422,"(702) 298-2422, +1 702-298-2422",YES,Gnats Landing (Owner),111857533229668765220,https://www.google.com/maps/contrib/111857533229668765220,167,4.3,"https://search.google.com/local/reviews?placeid=ChIJgQaOBPVDzoARxaPoDerqh54&q=Restaurant++Laughlin,+US&authuser=0&hl=en&gl=US",11423357270825149381,0x80ce43f5048e0681:0x9e87eaea0de8a3c5,35.1349492,-114.6176979,https://lh3.googleusercontent.com/gps-cs-s/AHRPTWmFY2x0SUIndESuFNiGnEqnTmU2z4EosPCvhO8iR773m6zxaUx6kkZ_7dK9p_8WvAmCqbhqTYa6kmr_L56Gx1S8hXR3a_JPsO65ESMe7LeegzRYaO4yqjjCOzcY5jVcNv4Bz2TS=w408-h610-k-no,America/Los_Angeles,laughlinlocals.com/,laughlinlocals.com,"Wednesday(2026-09-02): [Open 24 hours], Thursday(2026-09-03): [Open 24 hours], Friday(2026-09-04): [Open 24 hours], Saturday(2026-09-05): [Open 24 hours], Sunday(2026-09-06): [Open 24 hours], Monday(2026-09-07): [Open 24 hours], Tuesday(2026-09-08): [Open 24 hours]",https://www.google.com/search?kgmid=/g/1tdlhl3y,/g/1tdlhl3y,https://www.google.com/maps?cid=11423357270825149381,ChIJgQaOBPVDzoARxaPoDerqh54,,,,,,,,"Restaurant  Laughlin, US"
Mohave Steakhouse,"2430 AZ-95, Bullhead City, AZ 86442",2430 AZ-95,"Bullhead City, AZ 86442",Steak house,"Accessibility: [Wheelchair accessible entrance, Wheelchair accessible parking lot, Wheelchair accessible restroom, Wheelchair accessible seating]",(928) 704-6878,"(928) 704-6878, +1 928-704-6878",YES,Mohave Steakhouse (Owner),106521665084859724870,https://www.google.com/maps/contrib/106521665084859724870,1770,4.4,"https://search.google.com/local/reviews?placeid=ChIJdwhXrD9BzoAR-ONDWS9W2Wk&q=Restaurant++Laughlin,+US&authuser=0&hl=en&gl=US",7627222205289718776,0x80ce413fac570877:0x69d9562f5943e3f8,35.0980219,-114.59745939999999,https://lh3.googleusercontent.com/gps-cs-s/AHRPTWm9mPF9ngalBn_iM3UBb_F-jURofq52LWt7iMkr0uvZt8Kc4ZJJELdvHbIUaTOj0nOzgLJZg9KcvOGYCE8zEkBD68gOD4hDIBgtQnCozw5Z4czSI5RwQyK7g2-Du9PV-jzC3OZh=w408-h306-k-no,America/Phoenix,thekingofsteaks.com/,thekingofsteaks.com,"Wednesday(2026-09-02): [11 AM–8 PM], Thursday(2026-09-03): [11 AM–8 PM], Friday(2026-09-04): [11 AM–9 PM], Saturday(2026-09-05): [11 AM–9 PM], Sunday(2026-09-06): [10 AM–8 PM], Monday(2026-09-07): [11 AM–8 PM], Tuesday(2026-09-08): [11 AM–8 PM]",https://www.google.com/search?kgmid=/g/1ptvsb6ml,/g/1ptvsb6ml,https://www.google.com/maps?cid=7627222205289718776,ChIJdwhXrD9BzoAR-ONDWS9W2Wk,,,,,,,,"Restaurant  Laughlin, US"
In-N-Out Burger,"2085 S Casino Dr, Laughlin, NV 89029",2085 S Casino Dr,"Laughlin, NV 89029","Hamburger restaurant, American restaurant, Diner, Fast food restaurant, Lunch restaurant, Restaurant","Accessibility: [Wheelchair accessible entrance, Wheelchair accessible parking lot, Wheelchair accessible restroom, Wheelchair accessible seating]",(800) 786-1000,"(800) 786-1000, +1 800-786-1000",YES,In-N-Out Burger (Owner),117991488446840697549,https://www.google.com/maps/contrib/117991488446840697549,6305,4.6,"https://search.google.com/local/reviews?placeid=ChIJQfcfU6xDzoARaLrMJSVLthc&q=Restaurant++Laughlin,+US&authuser=0&hl=en&gl=US",1708635731553729128,0x80ce43ac531ff741:0x17b64b2525ccba68,35.1592864,-114.5752366,https://lh3.googleusercontent.com/gps-cs-s/AHRPTWlTVJX1bV2pMTcH2O30N8WLQFaF4YUApEVCKw-wGQRhI-zzpzL7eHrs1EmDQ4nztvFSnCsQHFi_ufPI1fiAuJfGss_M9WXJvZR-Tja34kUrvVvoGOcEav_djQuzBfpevvCX-24=w408-h306-k-no,America/Los_Angeles,locations.in-n-out.com/181,locations.in-n-out.com,"Wednesday(2026-09-02): [10:30 AM–1 AM], Thursday(2026-09-03): [10:30 AM–1 AM], Friday(2026-09-04): [10:30 AM–1:30 AM], Saturday(2026-09-05): [10:30 AM–1:30 AM], Sunday(2026-09-06): [10:30 AM–1 AM], Monday(2026-09-07): [10:30 AM–1 AM], Tuesday(2026-09-08): [10:30 AM–1 AM]",https://www.google.com/search?kgmid=/g/1v6qhxp0,/g/1v6qhxp0,https://www.google.com/maps?cid=1708635731553729128,ChIJQfcfU6xDzoARaLrMJSVLthc,,,,,,,,"Restaurant  Laughlin, US"
Bennys at Earls Castle,"491 Long Ave, Bullhead City, AZ 86429",491 Long Ave,"Bullhead City, AZ 86429","Restaurant, Cafe","Accessibility: [Wheelchair accessible entrance, Wheelchair accessible parking lot, Wheelchair accessible restroom, Wheelchair accessible seating]",(928) 754-1118,"(928) 754-1118, +1 928-754-1118",YES,Bennys at Earls Castle (Owner),116609331486224233511,https://www.google.com/maps/contrib/116609331486224233511,1211,4.4,"https://search.google.com/local/reviews?placeid=ChIJ6aPiojRCzoAR1CYraMt6hcw&q=Restaurant++Laughlin,+US&authuser=0&hl=en&gl=US",14737320369684424404,0x80ce4234a2e2a3e9:0xcc857acb682b26d4,35.142669999999995,-114.570437,https://lh3.googleusercontent.com/gps-cs-s/AHRPTWnhRtnQFj5SsJFXAq7YkzskbaTgMVcIfU5CiIiPpfx2r3fo0iPAqv8UntPfxAbuletsmzMkScui6gg-wKpxNfyWMTUr87kKqk8HToq-NqYUB0ZyBCoTI6y0pvZlpq8S43yLpguDpw=w408-h306-k-no,America/Phoenix,earlscastle.site/,earlscastle.site,"Wednesday(2026-09-02): [8 AM–7 PM], Thursday(2026-09-03): [8 AM–7 PM], Friday(2026-09-04): [8 AM–7 PM], Saturday(2026-09-05): [8 AM–7 PM], Sunday(2026-09-06): [7:30 AM–2 PM], Monday(2026-09-07): [8 AM–7 PM], Tuesday(2026-09-08): [8 AM–7 PM]",https://www.google.com/search?kgmid=/g/1tk67zp4,/g/1tk67zp4,https://www.google.com/maps?cid=14737320369684424404,ChIJ6aPiojRCzoAR1CYraMt6hcw,,,,,,,,"Restaurant  Laughlin, US"
Cafe Aquarius,"1900 S Casino Dr, Laughlin, NV 89029",1900 S Casino Dr,"Laughlin, NV 89029",Restaurant,"Accessibility: [Wheelchair accessible entrance, Wheelchair accessible parking lot, Wheelchair accessible restroom, Wheelchair accessible seating]",(702) 298-5111,"(702) 298-5111, +1 702-298-5111",YES,Cafe Aquarius (Owner),112672398358705986487,https://www.google.com/maps/contrib/112672398358705986487,345,3.4,"https://search.google.com/local/reviews?placeid=ChIJXzNeSatDzoARQ0O1B81E7sg&q=Restaurant++Laughlin,+US&authuser=0&hl=en&gl=US",14478585499431027523,0x80ce43ab495e335f:0xc8ee44cd07b54343,35.1636035,-114.57196549999999,https://lh3.googleusercontent.com/gps-cs-s/AHRPTWl0Vwc9DY0hXAdkFsSDyagIc9Vj5x4FAcqNzdHzV66k_dhzaqrleDi1RQ2iOeYWEo3FI77yJQO2ABKjIX6kI6xi1mY2YrSZHLomg0yKAulb61d0qOK4l53KUbIjXbtl5baYY-UA=w438-h240-k-no,America/Los_Angeles,www.aquariuscasinoresort.com/Food-Drink/Cafe-Aquarius?utm_source=gmb&utm_medium=yext,www.aquariuscasinoresort.com,"Wednesday(2026-09-02): [7 AM–10 PM], Thursday(2026-09-03): [7 AM–10 PM], Friday(2026-09-04): [7 AM–11 PM], Saturday(2026-09-05): [7 AM–11 PM], Sunday(2026-09-06): [7 AM–9 PM], Monday(2026-09-07): [7 AM–10 PM], Tuesday(2026-09-08): [7 AM–10 PM]",https://www.google.com/search?kgmid=/g/11gf9p7z1y,/g/11gf9p7z1y,https://www.google.com/maps?cid=14478585499431027523,ChIJXzNeSatDzoARQ0O1B81E7sg,,,,,,,,"Restaurant  Laughlin, US"
The French Connection Café & Lounge,"2245 Clearwater Dr, Bullhead City, AZ 86442",2245 Clearwater Dr,"Bullhead City, AZ 86442",Cajun restaurant,"Accessibility: [Wheelchair accessible entrance, Wheelchair accessible parking lot, Wheelchair accessible restroom, Wheelchair accessible seating]",(928) 299-2137,"(928) 299-2137, +1 928-299-2137",YES,The French Connection Café & Lounge (Owner),107163194086600275401,https://www.google.com/maps/contrib/107163194086600275401,279,4.8,"https://search.google.com/local/reviews?placeid=ChIJJ8buRQBHzoARpSR4gNXRHE0&q=Restaurant++Laughlin,+US&authuser=0&hl=en&gl=US",5556546755181946021,0x80ce470045eec627:0x4d1cd1d5807824a5,35.0940325,-114.63159879999999,https://lh3.googleusercontent.com/gps-cs-s/AHRPTWnTO-3EcYqz-GlRR-KeQlzPTH8KlBjeXnD7dbg_IDquBYcgXnScw1Yff53R6tLBonEvfnSLqc28Iq8cF4bbTzapDMQZevaGztRRWhP3SVqLHY18nuSlnvLNUepxreL7C6ZeUaK5M4B3gzHT=w408-h544-k-no,America/Phoenix,www.facebook.com/share/1A98r86RCp/?mibextid=wwXIfr,www.facebook.com,"Wednesday(2026-09-02): [8 AM–10 PM], Thursday(2026-09-03): [8 AM–10 PM], Friday(2026-09-04): [8 AM–10 PM], Saturday(2026-09-05): [8 AM–10 PM], Sunday(2026-09-06): [8 AM–8 PM], Monday(2026-09-07): [8 AM–8 PM], Tuesday(2026-09-08): [8 AM–10 PM]",https://www.google.com/search?kgmid=/g/11x0_2wqb5,/g/11x0_2wqb5,https://www.google.com/maps?cid=5556546755181946021,ChIJJ8buRQBHzoARpSR4gNXRHE0,,,,,,,,"Restaurant  Laughlin, US"
Casa Serrano,"1650 S Casino Dr, Laughlin, NV 89029",1650 S Casino Dr,"Laughlin, NV 89029",Mexican restaurant,"Accessibility: [Wheelchair accessible entrance, Wheelchair accessible parking lot, Wheelchair accessible restroom, Wheelchair accessible seating]",(702) 298-2535,"(702) 298-2535, +1 702-298-2535",NO,Casa Serrano (Owner),,,1668,3.9,"https://search.google.com/local/reviews?placeid=ChIJUeazSlVCzoARJDmJ7QeJ9oQ&q=Restaurant++Laughlin,+US&authuser=0&hl=en&gl=US",9580995924420278564,0x80ce42554ab3e651:0x84f68907ed893924,35.168188,-114.57278799999999,https://lh3.googleusercontent.com/gps-cs-s/AHRPTWn54NtYqLEJ0xzwQ3YFZTxbrZmz2KUEBQHxbs7E8s-SepOr1DSo_bxFCBwiq-xhwDZO5YsTidkeS6EMCA-tp_jn4VbFCFQWKCdmTdPfldwuL0TTYqRds-S_nJbOf0pw8OqzBHijig=w493-h240-k-no,America/Los_Angeles,www.riversideresort.com/dining-riverside-resort/casa-serrano/,www.riversideresort.com,"Wednesday(2026-09-02): [11 AM–8:30 PM], Thursday(2026-09-03): [11 AM–8:30 PM], Friday(2026-09-04): [11 AM–9:30 PM], Saturday(2026-09-05): [10 AM–9:30 PM], Sunday(2026-09-06): [10 AM–8:30 PM], Monday(2026-09-07): [11 AM–8:30 PM], Tuesday(2026-09-08): [11 AM–8:30 PM]",https://www.google.com/search?kgmid=/g/1tffzspj,/g/1tffzspj,https://www.google.com/maps?cid=9580995924420278564,ChIJUeazSlVCzoARJDmJ7QeJ9oQ,,,,,,,,"Restaurant  Laughlin, US"
Passaggio Italian Restaurant,"2121 S Casino Dr, Laughlin, NV 89029",2121 S Casino Dr,"Laughlin, NV 89029","Italian restaurant, Restaurant","Accessibility: [Wheelchair accessible entrance, Wheelchair accessible parking lot, Wheelchair accessible restroom, Wheelchair accessible seating]",(888) 888-8695,"(888) 888-8695, +1 888-888-8695",YES,Passaggio Italian Restaurant (Owner),105047948840055681723,https://www.google.com/maps/contrib/105047948840055681723,131,3.7,"https://search.google.com/local/reviews?placeid=ChIJI9G5nq1DzoARhrHu26QNaJ4&q=Restaurant++Laughlin,+US&authuser=0&hl=en&gl=US",11414388257286173062,0x80ce43ad9eb9d123:0x9e680da4dbeeb186,35.1580143,-114.5754266,https://lh3.googleusercontent.com/gps-cs-s/AHRPTWmIkDpQFwnhU323cQV1K72uvImFjZ8LJAu2JBRVkZWy2xgoNA0mu_xNZ4lr3YcFaWUY8W1EUwJHwDMcoYGdBToS1THK_L4H0Yt0GwPUoagwFY0_ic-xRnFmxoE7x1gD6pGizjXGwg=w408-h306-k-no,America/Los_Angeles,www.caesars.com/tropicana-laughlin/restaurants/passaggio,www.caesars.com,"Wednesday(2026-09-02): [Closed], Thursday(2026-09-03): [Closed], Friday(2026-09-04): [4–11 PM], Saturday(2026-09-05): [4–11 PM], Sunday(2026-09-06): [Closed], Monday(2026-09-07): [Closed], Tuesday(2026-09-08): [Closed]",https://www.google.com/search?kgmid=/g/1q62cgqns,/g/1q62cgqns,https://www.google.com/maps?cid=11414388257286173062,ChIJI9G5nq1DzoARhrHu26QNaJ4,,,,,,,,"Restaurant  Laughlin, US"
Big Belly Nelly’s Sports Bar & Grill,"1751 AZ-95, Bullhead City, AZ 86442",1751 AZ-95,"Bullhead City, AZ 86442",Restaurant,,(928) 404-1448,,,,,,121,4.3,"https://search.google.com/local/reviews?placeid=ChIJwUyRswJBzoARnE9_ufERRno&q=Restaurant++Laughlin,+US&authuser=0&hl=en&gl=US",8810749450893873052,0x80ce4102b3914cc1:0x7a4611f1b97f4f9c,35.1214857,-114.5891473,,America/Phoenix,,,"Wednesday(2026-09-02): [11 AM–8 PM], Thursday(2026-09-03): [11 AM–8 PM], Friday(2026-09-04): [11 AM–9 PM], Saturday(2026-09-05): [8 AM–9 PM], Sunday(2026-09-06): [8 AM–7 PM], Monday(2026-09-07): [11 AM–7 PM], Tuesday(2026-09-08): [11 AM–8 PM]",https://www.google.com/search?kgmid=/g/11zjpzm78s,/g/11zjpzm78s,https://www.google.com/maps?cid=8810749450893873052,ChIJwUyRswJBzoARnE9_ufERRno,,,,,,,,"Restaurant  Laughlin, US"
Aquarius Casino Resort,"1900 S Casino Dr, Laughlin, NV 89029",1900 S Casino Dr,"Laughlin, NV 89029","Resort hotel, Casino, Gambling house, Hotel",,(702) 298-5111,"(702) 298-5111, +1 702-298-5111",YES,Aquarius Casino Resort (Owner),111755018026665050750,https://www.google.com/maps/contrib/111755018026665050750,18236,4.1,"https://search.google.com/local/reviews?placeid=ChIJObu3SKtDzoARmGMqXHoiFHA&q=Restaurant++Laughlin,+US&authuser=0&hl=en&gl=US",8076117940709778328,0x80ce43ab48b7bb39:0x7014227a5c2a6398,35.1636035,-114.57196549999999,https://lh3.googleusercontent.com/gps-proxy/ALd4DhEPaBPK12X0jz11yxAea5Jd6rsPBtwOka-pUP-BMzRfj5DaO5W0Q81Zrcq8J6puKkSgmbdx4G0aD-aHzMFD91n11vpdp2yrHdYT9AK6GUxiQ5Xf9VnYkrxhp7tUSehBBLLmtis9szVSS-wP8Z5Pl_46DNHgjhLd4jZx414kcU2IXrelLhMZdfPYmJQvBYFnHXSXmHU=w408-h272-k-no,America/Los_Angeles,www.aquariuscasinoresort.com/,www.aquariuscasinoresort.com,,,,https://www.google.com/maps?cid=8076117940709778328,ChIJObu3SKtDzoARmGMqXHoiFHA,,,,,,,,"Restaurant  Laughlin, US"
The Cove Bar & Lounge,"1900 S Casino Dr, Laughlin, NV 89029",1900 S Casino Dr,"Laughlin, NV 89029",Restaurant,"Accessibility: [Wheelchair accessible parking lot, Wheelchair accessible restroom, Wheelchair accessible seating, Wheelchair accessible entrance]",(702) 298-5111,"(702) 298-5111, +1 702-298-5111",YES,The Cove Bar & Lounge (Owner),103278496165633238101,https://www.google.com/maps/contrib/103278496165633238101,57,3.5,"https://search.google.com/local/reviews?placeid=ChIJJRn0drRDzoAR55RgHKZ0oRo&q=Restaurant++Laughlin,+US&authuser=0&hl=en&gl=US",1918943173026026727,0x80ce43b476f41925:0x1aa174a61c6094e7,35.163258899999995,-114.57130839999999,https://lh3.googleusercontent.com/gps-cs-s/AHRPTWk0SD6sXljGRb9w_6onlisCyKOxus8SYh95hYPo6T09gZyXTlAyVMj8RYHUGkB5jrSiAdX18FaMjvRBYyiYNEBJGhMgzR41SSPG8BX23cKiFzK7G9SNoklAsvcKy6FZ6SNcZ5PI9Q=w408-h306-k-no,America/Los_Angeles,www.aquariuscasinoresort.com/Food-Drink/The-Cove-Bar-Lounge?utm_source=gmb&utm_medium=yext,www.aquariuscasinoresort.com,"Wednesday(2026-09-02): [3–9 PM], Thursday(2026-09-03): [3–9 PM], Friday(2026-09-04): [3–10 PM], Saturday(2026-09-05): [3–10 PM], Sunday(2026-09-06): [3–9 PM], Monday(2026-09-07): [3–9 PM], Tuesday(2026-09-08): [3–9 PM]",https://www.google.com/search?kgmid=/g/11c2p9j8s2,/g/11c2p9j8s2,https://www.google.com/maps?cid=1918943173026026727,ChIJJRn0drRDzoAR55RgHKZ0oRo,,,,,,,,"Restaurant  Laughlin, US"
The New Pioneer Hotel and Casino,"2200 S Casino Dr, Laughlin, NV 89029",2200 S Casino Dr,"Laughlin, NV 89029","Hotel, Casino, Event venue, Family restaurant, Live music venue",,(702) 298-2442,"(702) 298-2442, +1 702-298-2442",YES,The New Pioneer Hotel and Casino (Owner),105260606062356238387,https://www.google.com/maps/contrib/105260606062356238387,6474,3.8,"https://search.google.com/local/reviews?placeid=ChIJu4S-6bJDzoAR64sdyCERl_M&q=Restaurant++Laughlin,+US&authuser=0&hl=en&gl=US",17552516909488770027,0x80ce43b2e9be84bb:0xf3971121c81d8beb,35.155498,-114.57271639999999,https://lh3.googleusercontent.com/gps-cs-s/AHRPTWnzdGtn1LSlmSi25DAh5tivczD9WfoyYhU-SIptYjHAxGfpHfAr8M665-aRpqI7YKGJg4CuLsZaXW17Gy53AXUA2tQsbXGbiNEPQoB4Huhf3JRI1Qay6WuPCyPEsAUqW8Slah2p0w=w669-h240-k-no,America/Los_Angeles,laughlinpioneer.com/,laughlinpioneer.com,,,,https://www.google.com/maps?cid=17552516909488770027,ChIJu4S-6bJDzoAR64sdyCERl_M,,,,,,,,"Restaurant  Laughlin, US"
D'Angelo's Italian Restaurant,"2141 Clearwater Dr, Bullhead City, AZ 86442",2141 Clearwater Dr,"Bullhead City, AZ 86442","Italian restaurant, Caterer, Family restaurant, Pasta shop, Pizza restaurant, Restaurant, Salad shop","Accessibility: [Wheelchair accessible entrance, Wheelchair accessible parking lot, Wheelchair accessible restroom, Wheelchair accessible seating]",(928) 758-0085,"(928) 758-0085, +1 928-758-0085",YES,D'Angelo's Italian Restaurant (Owner),110652047834816977871,https://www.google.com/maps/contrib/110652047834816977871,1683,4.5,"https://search.google.com/local/reviews?placeid=ChIJZ31zY7dGzoAR3Cgb4m0vIfk&q=Restaurant++Laughlin,+US&authuser=0&hl=en&gl=US",17951681738666879196,0x80ce46b763737d67:0xf9212f6de21b28dc,35.0962761,-114.6309455,https://lh3.googleusercontent.com/gps-cs-s/AHRPTWkTH4bAsQilR8eKWuH2QHhkaIt8T4vLVVHfbKkOZ7UFevk8M-2dKymHjR-NB-VpPBghGTfhmmtdhTghAGlBdn0py1tCkR7EM87IreofSPQwQyulm9mSM8vVbGZyPEiu_g_6Da2S=w408-h306-k-no,America/Phoenix,www.dangelosonline.com/,www.dangelosonline.com,"Wednesday(2026-09-02): [10 AM–9 PM], Thursday(2026-09-03): [10 AM–9 PM], Friday(2026-09-04): [10 AM–10 PM], Saturday(2026-09-05): [10 AM–10 PM], Sunday(2026-09-06): [10 AM–9 PM], Monday(2026-09-07): [10 AM–9 PM], Tuesday(2026-09-08): [10 AM–9 PM]",https://www.google.com/search?kgmid=/g/1tgh37yz,/g/1tgh37yz,https://www.google.com/maps?cid=17951681738666879196,ChIJZ31zY7dGzoAR3Cgb4m0vIfk,,,,,,,,"Restaurant  Laughlin, US"
Regency Casino,"1950 S Casino Dr, Laughlin, NV 89029",1950 S Casino Dr,"Laughlin, NV 89029","Casino, Family restaurant, Gambling house, Tourist attraction","Accessibility: [Wheelchair accessible entrance, Wheelchair accessible parking lot, Wheelchair accessible restroom]",(702) 299-1220,"(702) 299-1220, +1 702-299-1220",YES,Regency Casino (Owner),104315526809302957019,https://www.google.com/maps/contrib/104315526809302957019,869,4.3,"https://search.google.com/local/reviews?placeid=ChIJMfU7pKxDzoARvqKP6ShfUJU&q=Restaurant++Laughlin,+US&authuser=0&hl=en&gl=US",10759204139109950142,0x80ce43aca43bf531:0x95505f28e98fa2be,35.161924299999995,-114.5717433,https://lh3.googleusercontent.com/gps-cs-s/AHRPTWmnviZmSDP0puZflg5tg_PM6v-4iUHJG_aV1ObDuEH9KR8fcxzxCfFp9dFSDFBwcP3lO75Yl6B1JiGtsF_NTzJl1ZsXDMxxxip42murrTYIM5hCk21TdDH9sZc3GKJkXnppRw5G=w426-h240-k-no,America/Los_Angeles,www.regencylaughlin.com/,www.regencylaughlin.com,"Wednesday(2026-09-02): [7:30 AM–10 PM], Thursday(2026-09-03): [7:30 AM–10 PM], Friday(2026-09-04): [7:30 AM–1 AM], Saturday(2026-09-05): [7:30 AM–1 AM], Sunday(2026-09-06): [7:30 AM–10 PM], Monday(2026-09-07): [7:30 AM–10 PM], Tuesday(2026-09-08): [7:30 AM–10 PM]",https://www.google.com/search?kgmid=/g/12hkhthjj,/g/12hkhthjj,https://www.google.com/maps?cid=10759204139109950142,ChIJMfU7pKxDzoARvqKP6ShfUJU,,,,,,,,"Restaurant  Laughlin, US"
Takumi Sushi House & Kitchen,"1047 AZ-95 Ste A, Bullhead City, AZ 86429",1047 AZ-95 Ste A,"Bullhead City, AZ 86429",Japanese restaurant,"Accessibility: [Wheelchair accessible entrance, Wheelchair accessible parking lot, Wheelchair accessible restroom, Wheelchair accessible seating]",(928) 299-5144,"(928) 299-5144, +1 928-299-5144",YES,Takumi Sushi House & Kitchen (Owner),100826715871289511984,https://www.google.com/maps/contrib/100826715871289511984,43,4.4,"https://search.google.com/local/reviews?placeid=ChIJz4596V5DzoARKqwG0NoB21I&q=Restaurant++Laughlin,+US&authuser=0&hl=en&gl=US",5970367770314320938,0x80ce435ee97d8ecf:0x52db01dad006ac2a,35.1501148,-114.56830869999999,https://lh3.googleusercontent.com/gps-cs-s/AHRPTWnHBC8tMEoDAVkZI7LEyAh7a_xURPmKJZOkaFQqKqnCfemdoTq07rbA-eZsbV9AfwyufQ5iREqunm17v8M85RdIFcBqnCgWLkJsf2bJKRDNA7-hdP4HHCr8vURIaN5p3S-lAGWM7p0dc7cT=w426-h240-k-no,America/Phoenix,,,"Wednesday(2026-09-02): [11:30 AM–2 PM, 4–8:30 PM], Thursday(2026-09-03): [11:30 AM–2 PM, 4–8:30 PM], Friday(2026-09-04): [11:30 AM–2 PM, 4–9 PM], Saturday(2026-09-05): [11:30 AM–9 PM], Sunday(2026-09-06): [11:30 AM–8:30 PM], Monday(2026-09-07): [11:30 AM–2 PM, 4–8:30 PM], Tuesday(2026-09-08): [Closed]",https://www.google.com/search?kgmid=/g/11yv5b84mr,/g/11yv5b84mr,https://www.google.com/maps?cid=5970367770314320938,ChIJz4596V5DzoARKqwG0NoB21I,,,,,,,,"Restaurant  Laughlin, US"
Harrah's Laughlin Beach Resort & Casino - A Caesars Rewards Destination,"2900 S Casino Dr, Laughlin, NV 89029",2900 S Casino Dr,"Laughlin, NV 89029",Hotel,,(702) 298-4600,"(702) 298-4600, +1 702-298-4600",YES,Harrah's Laughlin Beach Resort & Casino - A Caesars Rewards Destination (Owner),113254291742011874727,https://www.google.com/maps/contrib/113254291742011874727,12597,3.8,"https://search.google.com/local/reviews?placeid=ChIJsdIov8lDzoARwhKfdqzdsrE&q=Restaurant++Laughlin,+US&authuser=0&hl=en&gl=US",12804540423361991362,0x80ce43c9bf28d2b1:0xb1b2ddac769f12c2,35.144081799999995,-114.5765266,https://lh3.googleusercontent.com/gps-cs-s/AHRPTWkCRtXWc8iKProlDtkFxOKwu2elsM17nXNtJYo6G7bVsxNc2xXR_H5JAyBIkoEPUVjkJamd1DBJoQVF1fBC8wM81cPAku42hmyxjku1CmhnizA7CJRU_wzQKnEk1pDTIlhqiVZP=w408-h272-k-no,America/Los_Angeles,www.caesars.com/harrahs-laughlin?utm_campaign=gmb&utm_source=google&utm_medium=local&utm_term=LAU&utm_content=hotel&y_source=1_NDM2Njg0My03MTUtbG9jYXRpb24ud2Vic2l0ZQ%3D%3D,www.caesars.com,,,,https://www.google.com/maps?cid=12804540423361991362,ChIJsdIov8lDzoARwhKfdqzdsrE,,,,,,,,"Restaurant  Laughlin, US"
Sonora Town by the River,"1097 AZ-95, Bullhead City, AZ 86429",1097 AZ-95,"Bullhead City, AZ 86429",Taco restaurant,"Accessibility: [Wheelchair accessible entrance, Wheelchair accessible parking lot, Wheelchair accessible seating, Wheelchair accessible restroom]",(626) 419-6815,"(626) 419-6815, +1 626-419-6815",YES,Sonora Town by the River (Owner),114882655889633050018,https://www.google.com/maps/contrib/114882655889633050018,86,4.7,"https://search.google.com/local/reviews?placeid=ChIJoaH5y_tDzoARyma_fNPYpwA&q=Restaurant++Laughlin,+US&authuser=0&hl=en&gl=US",47244723953297098,0x80ce43fbcbf9a1a1:0xa7d8d37cbf66ca,35.147528099999995,-114.56857679999999,https://lh3.googleusercontent.com/gps-cs-s/AHRPTWmRwLukvP3ZiU1TwAPZdQFehdp0Vw-_CumhtRoivJ0sh2gHOgSPyPzSU0PaVvouQG3ZsY6npWIpptI5OlyWZBsyfke4j2vZ3mwcwHVh0Er69RxAZ-tI2ME9pQv2Mma6667_AqcY=w408-h544-k-no,America/Phoenix,instagram.com/sonoratownbytheriver0?igshid=MzRlODBiNWFlZA==,instagram.com,"Wednesday(2026-09-02): [Closed], Thursday(2026-09-03): [7 PM–12 AM], Friday(2026-09-04): [7 PM–1 AM], Saturday(2026-09-05): [7 PM–1 AM], Sunday(2026-09-06): [7–11 PM], Monday(2026-09-07): [Closed], Tuesday(2026-09-08): [Closed]",https://www.google.com/search?kgmid=/g/11v0xrfky8,/g/11v0xrfky8,https://www.google.com/maps?cid=47244723953297098,ChIJoaH5y_tDzoARyma_fNPYpwA,,,,,,,,"Restaurant  Laughlin, US"
Bean & Bread,"2300 S Casino Dr, Laughlin, NV 89029",2300 S Casino Dr,"Laughlin, NV 89029",Cafe,"Accessibility: [Wheelchair accessible entrance, Wheelchair accessible parking lot, Wheelchair accessible seating]",(702) 298-7111,"(702) 298-7111, +1 702-298-7111",NO,Bean & Bread (Owner),,,10,4.4,"https://search.google.com/local/reviews?placeid=ChIJX2eNHQBDzoARChmGYRByLPU&q=Restaurant++Laughlin,+US&authuser=0&hl=en&gl=US",17666620852948834570,0x80ce43001d8d675f:0xf52c72106186190a,35.1546703,-114.5725295,https://lh3.googleusercontent.com/gps-cs-s/AHRPTWkeluVVjECu5ixWa-kyNjQDpGXPmbXWMsK8rBBEJaCBF_fzJ4MeHI7VJrqZWzt9EZVGAYCGVfZLvOXWsHzKy7GU_MUQSinReoBmcYDesX8fxOM80BK5gMBjFoY3PVpwLqKmCa1ppF0gqtsi=w408-h544-k-no,America/Los_Angeles,www.goldennugget.com/laughlin/restaurants/bean-and-bread/,www.goldennugget.com,"Wednesday(2026-09-02): [7 AM–10 PM], Thursday(2026-09-03): [7 AM–10 PM], Friday(2026-09-04): [7 AM–1 AM], Saturday(2026-09-05): [7 AM–1 AM], Sunday(2026-09-06): [7 AM–10 PM], Monday(2026-09-07): [7 AM–10 PM], Tuesday(2026-09-08): [7 AM–10 PM]",https://www.google.com/search?kgmid=/g/11wtq65y8_,/g/11wtq65y8_,https://www.google.com/maps?cid=17666620852948834570,ChIJX2eNHQBDzoARChmGYRByLPU,,,,,,,,"Restaurant  Laughlin, US"
Black Mountain Bistro & Bar,"1595 Mohave Dr Suite 5, Bullhead City, AZ 86442",1595 Mohave Dr Suite 5,"Bullhead City, AZ 86442","Restaurant, Bar, Bistro, Coffee shop, Diner, Lunch restaurant, Takeout Restaurant",,(928) 219-5911,,,,,,537,4.6,"https://search.google.com/local/reviews?placeid=ChIJNYWLWx9BzoARUMQJscnuZtM&q=Restaurant++Laughlin,+US&authuser=0&hl=en&gl=US",15233125339653325904,0x80ce411f5b8b8535:0xd366eec9b109c450,35.084711,-114.5948246,,America/Phoenix,www.bhcbistro.com/,www.bhcbistro.com,"Wednesday(2026-09-02): [10 AM–8 PM], Thursday(2026-09-03): [10 AM–8 PM], Friday(2026-09-04): [10 AM–9 PM], Saturday(2026-09-05): [11 AM–9 PM], Sunday(2026-09-06): [Closed], Monday(2026-09-07): [10 AM–8 PM], Tuesday(2026-09-08): [10 AM–8 PM]",https://www.google.com/search?kgmid=/g/113dmhjbl,/g/113dmhjbl,https://www.google.com/maps?cid=15233125339653325904,ChIJNYWLWx9BzoARUMQJscnuZtM,,,,,,,,"Restaurant  Laughlin, US"
Oriol's Restaurant,"1595 Mohave Dr ste 2, Bullhead City, AZ 86442",1595 Mohave Dr ste 2,"Bullhead City, AZ 86442","Mexican restaurant, Family restaurant, Oyster bar restaurant, Restaurant","Accessibility: [Wheelchair accessible entrance, Wheelchair accessible parking lot, Wheelchair accessible restroom, Wheelchair accessible seating]",(928) 758-4777,"(928) 758-4777, +1 928-758-4777",YES,Oriol's Restaurant (Owner),114110615795338355962,https://www.google.com/maps/contrib/114110615795338355962,1808,4.4,"https://search.google.com/local/reviews?placeid=ChIJDYWLWx9BzoAR_R8-Ike11oE&q=Restaurant++Laughlin,+US&authuser=0&hl=en&gl=US",9355864593030586365,0x80ce411f5b8b850d:0x81d6b547223e1ffd,35.0844637,-114.5943372,https://lh3.googleusercontent.com/gps-cs-s/AHRPTWnh0jRjOwmjP3oO6DAq4UcTkwvzZctlCBgFIVv6gBFkl5xG53akGQCO9v8rnEO8F-qR_HMWfhKnMb51k6U-arlKqkJWdGjdaNPYLDmjaMxNdBnRCN6DHC_sfRkwyTPsA97AGbY_WA=w408-h306-k-no,America/Phoenix,www.oriolsrestaurant.com/,www.oriolsrestaurant.com,"Wednesday(2026-09-02): [9 AM–8 PM], Thursday(2026-09-03): [9 AM–8 PM], Friday(2026-09-04): [9 AM–9 PM], Saturday(2026-09-05): [9 AM–9 PM], Sunday(2026-09-06): [9 AM–8 PM], Monday(2026-09-07): [9 AM–8 PM], Tuesday(2026-09-08): [9 AM–8 PM]",https://www.google.com/search?kgmid=/g/1tdg827k,/g/1tdg827k,https://www.google.com/maps?cid=9355864593030586365,ChIJDYWLWx9BzoAR_R8-Ike11oE,,,,,,,,"Restaurant  Laughlin, US"
Moon Shadow Grille,"Fort Mojave Reservation, 10000 Aha Macav Pkwy, Laughlin, NV 89029",Fort Mojave Reservation,"10000 Aha Macav Pkwy, Laughlin, NV 89029",Restaurant,,(702) 535-5555,,,,,,44,3.7,"https://search.google.com/local/reviews?placeid=ChIJT0Waajc5zoARzB8g12yqj2w&q=Restaurant++Laughlin,+US&authuser=0&hl=en&gl=US",7822658462208237516,0x80ce39376a9a454f:0x6c8faa6cd7201fcc,35.016314799999996,-114.64090809999999,,America/Los_Angeles,www.avicasino.com/dining/moonshadow,www.avicasino.com,"Wednesday(2026-09-02): [Closed], Thursday(2026-09-03): [4–9 PM], Friday(2026-09-04): [4–9 PM], Saturday(2026-09-05): [4–9 PM], Sunday(2026-09-06): [4–9 PM], Monday(2026-09-07): [Closed], Tuesday(2026-09-08): [Closed]",https://www.google.com/search?kgmid=/g/11fq2khb71,/g/11fq2khb71,https://www.google.com/maps?cid=7822658462208237516,ChIJT0Waajc5zoARzB8g12yqj2w,,,,,,,,"Restaurant  Laughlin, US"
Smashburger,"2900 S Casino Dr, Laughlin, NV 89029",2900 S Casino Dr,"Laughlin, NV 89029","Hamburger restaurant, American restaurant, Chicken restaurant, Fast food restaurant, Ice cream shop, Restaurant","Accessibility: [Wheelchair accessible entrance, Wheelchair accessible parking lot, Wheelchair accessible restroom, Wheelchair accessible seating]",(702) 298-8552,"(702) 298-8552, +1 702-298-8552",YES,Smashburger (Owner),113459169643663688065,https://www.google.com/maps/contrib/113459169643663688065,291,3.4,"https://search.google.com/local/reviews?placeid=ChIJEYjDFcpDzoARAcElBBWLgrc&q=Restaurant++Laughlin,+US&authuser=0&hl=en&gl=US",13223284378293354753,0x80ce43ca15c38811:0xb7828b150425c101,35.1453893,-114.5761837,https://lh3.googleusercontent.com/gps-cs-s/AHRPTWnOTk05CIyI6OLzjf3tGqFE44UMnM8DGsMUYSq9LfiGqpvdLUm510juEwkvFB3XblQIcH2jMxmf9gg9Udqa5jYMnNLlxglVpaegHehZpa_ff7289tZmRrehAMRLr7zEaSRaYfRP8A=w426-h240-k-no,America/Los_Angeles,smashburger.com/locations/us/nv/laughlin/2900-south-casino-dr?utm_medium=organic&utm_source=local&utm_campaign=googlelistings&utm_content=website&utm_term=1579,smashburger.com,"Wednesday(2026-09-02): [12–6 AM, 11 AM–12 AM], Thursday(2026-09-03): [12–6 AM, 11 AM–12 AM], Friday(2026-09-04): [12–6 AM, 11 AM–12 AM], Saturday(2026-09-05): [12–6 AM, 11 AM–12 AM], Sunday(2026-09-06): [12–6 AM, 11 AM–12 AM], Monday(2026-09-07): [12–6 AM, 11 AM–12 AM], Tuesday(2026-09-08): [12–6 AM, 11 AM–12 AM]",https://www.google.com/search?kgmid=/g/11byyr_2vv,/g/11byyr_2vv,https://www.google.com/maps?cid=13223284378293354753,ChIJEYjDFcpDzoARAcElBBWLgrc,,,,,,,,"Restaurant  Laughlin, US"
The River Dog Grill,"2046 AZ-95, Bullhead City, AZ 86442",2046 AZ-95,"Bullhead City, AZ 86442","Bar & grill, Bar, Cocktail bar, Pub, Restaurant, Sports bar","Accessibility: [Wheelchair accessible entrance, Wheelchair accessible parking lot, Wheelchair accessible restroom, Wheelchair accessible seating]",(928) 704-3644,"(928) 704-3644, +1 928-704-3644",NO,The River Dog Grill (Owner),,,883,4.5,"https://search.google.com/local/reviews?placeid=ChIJlca0pV1BzoARKLTDmGnpw5s&q=Restaurant++Laughlin,+US&authuser=0&hl=en&gl=US",11224071336081208360,0x80ce415da5b4c695:0x9bc3e96998c3b428,35.113433799999996,-114.59773249999999,https://lh3.googleusercontent.com/gps-cs-s/AHRPTWkHpxLj8GIvz9ULRYrp65D-JTLc3vfnNj7Vbwp2bOBG2palS1IOQKc5k61plOEwWOSXGOYm-gK9ugWcdIksiUHG11oND0fdGQ7CzQwjG3oSY5KVvP7P8t8i-hHCsNaM0QZ2cPvz=w408-h306-k-no,America/Phoenix,www.facebook.com/TheRiverDogGrill,www.facebook.com,"Wednesday(2026-09-02): [11 AM–10 PM], Thursday(2026-09-03): [11 AM–10 PM], Friday(2026-09-04): [11 AM–12 AM], Saturday(2026-09-05): [11 AM–12 AM], Sunday(2026-09-06): [11 AM–4 PM], Monday(2026-09-07): [11 AM–10 PM], Tuesday(2026-09-08): [11 AM–10 PM]",https://www.google.com/search?kgmid=/g/1tczqn4w,/g/1tczqn4w,https://www.google.com/maps?cid=11224071336081208360,ChIJlca0pV1BzoARKLTDmGnpw5s,,,,,,,,"Restaurant  Laughlin, US"
Port of Subs,"2121 S Casino Dr, Laughlin, NV 89029",2121 S Casino Dr,"Laughlin, NV 89029","Sandwich shop, Breakfast restaurant, Catering food and drink supplier, Deli, Fast food restaurant, Fresh food market, Lunch restaurant, Delivery Restaurant, Takeout Restaurant","Accessibility: [Wheelchair accessible entrance, Wheelchair accessible parking lot, Wheelchair accessible restroom, Wheelchair accessible seating]",(702) 298-6262,"(702) 298-6262, +1 702-298-6262",YES,Port of Subs (Owner),112898329420163172079,https://www.google.com/maps/contrib/112898329420163172079,49,4.1,"https://search.google.com/local/reviews?placeid=ChIJHVfxxYtDzoARvFP5BZPmU9E&q=Restaurant++Laughlin,+US&authuser=0&hl=en&gl=US",15083653096128730044,0x80ce438bc5f1571d:0xd153e69305f953bc,35.1579526,-114.5753314,https://lh3.googleusercontent.com/gps-cs-s/AHRPTWl5-wLpzW6OEWpSyBKOGDSjj8DPmd5b_GhmY2rROztD5L-ucCrysIsfwmuts_4tB4GirzDFQUSpjgiYtw_L_-ve2adlXNeKoJSyBubX6AU02nZvnv-Ji9WywyuVsmPWHLkdmsZn=w408-h306-k-no,America/Los_Angeles,order.portofsubs.com/menu/port-subs-024,order.portofsubs.com,"Wednesday(2026-09-02): [12–7 PM], Thursday(2026-09-03): [12–7 PM], Friday(2026-09-04): [11 AM–9 PM], Saturday(2026-09-05): [11 AM–9 PM], Sunday(2026-09-06): [12–7 PM], Monday(2026-09-07): [12–7 PM], Tuesday(2026-09-08): [12–7 PM]",https://www.google.com/search?kgmid=/g/11rpc9x0hp,/g/11rpc9x0hp,https://www.google.com/maps?cid=15083653096128730044,ChIJHVfxxYtDzoARvFP5BZPmU9E,,,,,,,,"Restaurant  Laughlin, US"
Don Laughlin's Riverside Resort Hotel and Casino,"1650 S Casino Dr, Laughlin, NV 89029",1650 S Casino Dr,"Laughlin, NV 89029","Resort hotel, Casino, Hotel",,(800) 227-3849,"(800) 227-3849, +1 800-227-3849",YES,Don Laughlin's Riverside Resort Hotel and Casino (Owner),105532561707535284786,https://www.google.com/maps/contrib/105532561707535284786,19361,4.2,"https://search.google.com/local/reviews?placeid=ChIJX3x7Jv5CzoARNJiP98wKdsk&q=Restaurant++Laughlin,+US&authuser=0&hl=en&gl=US",14516802324318361652,0x80ce42fe267b7c5f:0xc9760accf78f9834,35.167263,-114.5718271,https://lh3.googleusercontent.com/gps-cs-s/AHRPTWmx0t1aVDC9fFo8DppnrWxLbh8K6JCT8jxTXaoXZVd30YRA4xaCZ3O-a21DqRX409IFEwJvbTPj4wZjO8QzfRaacmLJKEI-ZbAfP00Z5eCj9jvjncKy3nYFG41YtIZ8ATiDUoYngA=w408-h272-k-no,America/Los_Angeles,www.riversideresort.com/,www.riversideresort.com,,,,https://www.google.com/maps?cid=14516802324318361652,ChIJX3x7Jv5CzoARNJiP98wKdsk,,,,,,,,"Restaurant  Laughlin, US"
Capriotti's Sandwich Shop,"2020 S Casino Dr, Laughlin, NV 89029",2020 S Casino Dr,"Laughlin, NV 89029","Sandwich shop, Caterer, Cheesesteak restaurant, Deli, Fast food restaurant, Hoagie restaurant, Delivery Restaurant, Restaurant, Salad shop, Vegetarian restaurant","Accessibility: [Wheelchair accessible entrance, Wheelchair accessible parking lot, Wheelchair accessible restroom, Wheelchair accessible seating]",(702) 299-1398,"(702) 299-1398, +1 702-299-1398",YES,Capriotti's Sandwich Shop (Owner),111721755764774614587,https://www.google.com/maps/contrib/111721755764774614587,675,4.2,"https://search.google.com/local/reviews?placeid=ChIJq1VJuqxDzoARHhsCpF5eSfo&q=Restaurant++Laughlin,+US&authuser=0&hl=en&gl=US",18035049943353400094,0x80ce43acba4955ab:0xfa495e5ea4021b1e,35.160289999999996,-114.57188,https://lh3.googleusercontent.com/gps-cs-s/AHRPTWm2OV1sPx6ZV8LN7QqBzUggMk1dBp3cxmCIecZ7Y0gtZrgl0OtEWxB-NMBSHwK4IfK4fuxv0xKbILMTzDw1yhq-GFUyKFmRIVUPAtElTTt4vpq2l2ta742_wY6XuzOzsBwBn5Pl=w408-h306-k-no,America/Los_Angeles,capriottis.com/,capriottis.com,"Wednesday(2026-09-02): [11 AM–7 PM], Thursday(2026-09-03): [11 AM–7 PM], Friday(2026-09-04): [11 AM–9 PM], Saturday(2026-09-05): [11 AM–9 PM], Sunday(2026-09-06): [11 AM–7 PM], Monday(2026-09-07): [11 AM–7 PM], Tuesday(2026-09-08): [11 AM–7 PM]",https://www.google.com/search?kgmid=/g/11b76c4r94,/g/11b76c4r94,https://www.google.com/maps?cid=18035049943353400094,ChIJq1VJuqxDzoARHhsCpF5eSfo,,,,,,,,"Restaurant  Laughlin, US"
Karina's Mexican Kitchen,"576 Marina Blvd, Bullhead City, AZ 86442",576 Marina Blvd,"Bullhead City, AZ 86442",Mexican restaurant,"Accessibility: [Wheelchair accessible entrance, Wheelchair accessible parking lot, Wheelchair accessible restroom, Wheelchair accessible seating]",(928) 704-6123,"(928) 704-6123, +1 928-704-6123",YES,Karina's Mexican Kitchen (Owner),110675562875776553300,https://www.google.com/maps/contrib/110675562875776553300,661,4.5,"https://search.google.com/local/reviews?placeid=ChIJ01n4DjtHzoARxOAPKDm-Fs8&q=Restaurant++Laughlin,+US&authuser=0&hl=en&gl=US",14922323568033259716,0x80ce473b0ef859d3:0xcf16be39280fe0c4,35.1005162,-114.62804659999999,https://lh3.googleusercontent.com/gps-cs-s/AHRPTWmF90wjxkLFML8IUHb0McaZ6VXbXGDXUQiRdkYR_FmP1S2Pt5nbRY0ZBjIEtJu9Y2U9lbtoCwPrrttioFcyA6agYHlqIsoX5_va8lAPHmcGOYzk7uJGC6FXzhyT5U3bf9kDlndk=w408-h306-k-no,America/Phoenix,karinaskitchen.top/,karinaskitchen.top,"Wednesday(2026-09-02): [8 AM–9 PM], Thursday(2026-09-03): [8 AM–9 PM], Friday(2026-09-04): [8 AM–9 PM], Saturday(2026-09-05): [8 AM–9 PM], Sunday(2026-09-06): [8 AM–5 PM], Monday(2026-09-07): [8 AM–9 PM], Tuesday(2026-09-08): [8 AM–9 PM]",https://www.google.com/search?kgmid=/g/11kx7pwrsn,/g/11kx7pwrsn,https://www.google.com/maps?cid=14922323568033259716,ChIJ01n4DjtHzoARxOAPKDm-Fs8,,,,,,,,"Restaurant  Laughlin, US"
Perkins Restaurant & Bakery,"2250 AZ-95, Bullhead City, AZ 86442",2250 AZ-95,"Bullhead City, AZ 86442","Restaurant, American restaurant, Bakery, Breakfast restaurant, Brunch restaurant, Dessert restaurant, Diner, Family restaurant, Lunch restaurant, Pancake restaurant","Accessibility: [Wheelchair accessible entrance, Wheelchair accessible parking lot, Wheelchair accessible restroom, Wheelchair accessible seating]",(928) 763-1960,"(928) 763-1960, +1 928-763-1960",YES,Perkins Restaurant & Bakery (Owner),115710169495957098518,https://www.google.com/maps/contrib/115710169495957098518,2430,4.3,"https://search.google.com/local/reviews?placeid=ChIJIWRiEGpBzoARK3AIlfFtOxI&q=Restaurant++Laughlin,+US&authuser=0&hl=en&gl=US",1313764600663535659,0x80ce416a10626421:0x123b6df19508702b,35.105759899999995,-114.5973842,https://lh3.googleusercontent.com/gps-cs-s/AHRPTWlO2XLy_wMsUU89ryfBU7RVb_-vs880N3ytRUTuTsA2VFrEd3ZCITlULMIvF40euWNu7AvfuPjxayzxbLXrtMpVt1pNXKnMd8-DCERBepKp7OtbN3k0tybEUko5ltBvVAyJmDCb=w426-h240-k-no,America/Phoenix,perkinsrestaurants.com/locations/us/az/bullhead-city/2250-highway-95,perkinsrestaurants.com,"Wednesday(2026-09-02): [6 AM–10 PM], Thursday(2026-09-03): [6 AM–10 PM], Friday(2026-09-04): [6 AM–10 PM], Saturday(2026-09-05): [6 AM–10 PM], Sunday(2026-09-06): [6 AM–10 PM], Monday(2026-09-07): [6 AM–10 PM], Tuesday(2026-09-08): [6 AM–10 PM]",https://www.google.com/search?kgmid=/g/1tf6mh5z,/g/1tf6mh5z,https://www.google.com/maps?cid=1313764600663535659,ChIJIWRiEGpBzoARK3AIlfFtOxI,,,,,,,,"Restaurant  Laughlin, US"
Laughlin River Lodge,"2700 S Casino Dr, Laughlin, NV 89029",2700 S Casino Dr,"Laughlin, NV 89029","Lodge, Hotel, Resort hotel",,(702) 298-2242,"(702) 298-2242, +1 702-298-2242",NO,Laughlin River Lodge (Owner),,,6179,4.2,"https://search.google.com/local/reviews?placeid=ChIJn-BbXLRDzoAR-HRHY2ZZV-s&q=Restaurant++Laughlin,+US&authuser=0&hl=en&gl=US",16958121218174055672,0x80ce43b45c5be09f:0xeb575966634774f8,35.150852199999996,-114.57452389999999,https://lh3.googleusercontent.com/gps-proxy/ALd4DhG2np6hk2zf-VjMO6GME9HqTqropE0cMg8Qxdoe3Hb1aK_5V0cPkHUA7Bgq6W6U04QsphxwHdD_TYmWFsunPEqG8u7o8qwR76buwWjv3g9HqS_RdnUAkbuR3pVidwM0JDNF61toIBw9oorFlI9f03WGOQj9snWj6Eq_D8oY_dySsl36_EgU9Tz2=w426-h240-k-no,America/Los_Angeles,www.laughlinriverlodge.com/,www.laughlinriverlodge.com,,,,https://www.google.com/maps?cid=16958121218174055672,ChIJn-BbXLRDzoAR-HRHY2ZZV-s,,,,,,,,"Restaurant  Laughlin, US"
Black Bear Diner Bullhead City,"1751 AZ-95 Ste 25, Bullhead City, AZ 86442",1751 AZ-95 Ste 25,"Bullhead City, AZ 86442","Diner, American restaurant, Breakfast restaurant, Brunch restaurant, Caterer, Family restaurant, Takeout Restaurant, Pancake restaurant","Accessibility: [Wheelchair accessible entrance, Wheelchair accessible parking lot, Wheelchair accessible restroom, Wheelchair accessible seating]",(928) 763-2477,"(928) 763-2477, +1 928-763-2477",YES,Black Bear Diner Bullhead City (Owner),108095280051841739298,https://www.google.com/maps/contrib/108095280051841739298,5131,4.4,"https://search.google.com/local/reviews?placeid=ChIJ996AXWJBzoAR0M5iXJUg_QM&q=Restaurant++Laughlin,+US&authuser=0&hl=en&gl=US",287421777093775056,0x80ce41625d80def7:0x3fd20955c62ced0,35.1219588,-114.5864711,https://lh3.googleusercontent.com/gps-cs-s/AHRPTWlLav0Xz-qVskVEqegZQx2LM_7wPyjlDZZpLxS7SMejBa7k_IKeEIjqYxHeiN6x04BWHSSQwZAqa1JVB-1PB-JrG7aiuvRWuWRTsMNgq8bvJVHHd2UEZpMsmErHhpg9v0lR4_JKfw=w408-h306-k-no,America/Phoenix,blackbeardiner.com/location/bullhead-city/,blackbeardiner.com,"Wednesday(2026-09-02): [6 AM–10 PM], Thursday(2026-09-03): [6 AM–10 PM], Friday(2026-09-04): [6 AM–10 PM], Saturday(2026-09-05): [6 AM–10 PM], Sunday(2026-09-06): [6 AM–10 PM], Monday(2026-09-07): [6 AM–10 PM], Tuesday(2026-09-08): [6 AM–10 PM]",https://www.google.com/search?kgmid=/g/1tdg_ky4,/g/1tdg_ky4,https://www.google.com/maps?cid=287421777093775056,ChIJ996AXWJBzoAR0M5iXJUg_QM,,,,,,,,"Restaurant  Laughlin, US"
Coyote Cafe,"1890 AZ-95, Bullhead City, AZ 86442",1890 AZ-95,"Bullhead City, AZ 86442","Diner, Breakfast restaurant","Accessibility: [Wheelchair accessible entrance, Wheelchair accessible parking lot, Wheelchair accessible restroom, Wheelchair accessible seating]",(928) 763-1280,"(928) 763-1280, +1 928-763-1280",NO,Coyote Cafe (Owner),,,1471,4.5,"https://search.google.com/local/reviews?placeid=ChIJbTpPfWBBzoAR0uv6Z1ngO4Y&q=Restaurant++Laughlin,+US&authuser=0&hl=en&gl=US",9672571299309480914,0x80ce41607d4f3a6d:0x863be05967faebd2,35.1188396,-114.5948581,https://lh3.googleusercontent.com/gps-cs-s/AHRPTWkFW_EAWlGYCLIqj3KtSL2S2zXxxEoLyaMq36vkLqPzr5WBzEssZel0tYcg8bBGYCQqMyvdohvT0PTVuQ9-TpM2Me6VxgSdNWRrb5iNFVoseIv2tR05Ps30mHg9idCZ4XOkkin3=w426-h240-k-no,America/Phoenix,coyotecafe.shop/,coyotecafe.shop,"Wednesday(2026-09-02): [7 AM–1:30 PM], Thursday(2026-09-03): [7 AM–1:30 PM], Friday(2026-09-04): [7 AM–1:30 PM], Saturday(2026-09-05): [7 AM–1:30 PM], Sunday(2026-09-06): [7 AM–1:30 PM], Monday(2026-09-07): [7 AM–1:30 PM], Tuesday(2026-09-08): [7 AM–1:30 PM]",https://www.google.com/search?kgmid=/g/1ptzj8dy4,/g/1ptzj8dy4,https://www.google.com/maps?cid=9672571299309480914,ChIJbTpPfWBBzoAR0uv6Z1ngO4Y,,,,,,,,"Restaurant  Laughlin, US"
River Valley Pizza Laughlin,"3030 Needles Hwy #800, Laughlin, NV 89029",3030 Needles Hwy #800,"Laughlin, NV 89029","Pizza restaurant, Italian restaurant, Pizza delivery","Accessibility: [Wheelchair accessible entrance, Wheelchair accessible parking lot, Wheelchair accessible restroom, Wheelchair accessible seating]",(702) 299-0888,"(702) 299-0888, +1 702-299-0888",YES,River Valley Pizza Laughlin (Owner),115380561392611329552,https://www.google.com/maps/contrib/115380561392611329552,344,3.8,"https://search.google.com/local/reviews?placeid=ChIJzUAamHZEzoARr-x73oI4kGo&q=Restaurant++Laughlin,+US&authuser=0&hl=en&gl=US",7678699499396263087,0x80ce4476981a40cd:0x6a903882de7becaf,35.1422963,-114.6228601,https://lh3.googleusercontent.com/gps-cs-s/AHRPTWlYx2CdExp3IfU4pQbv9Tnw_C-LMuPyhm7p3Pwzs5wO8EKpAvDO_gV2mUZwqMco2C2DHohSdnzvz_hslGHdsSeJFKXYkg9ZZJ3JNqG0ZZ2xmh-iPr6Wxl-129cO5E_FrrT9Vj2Y=w408-h725-k-no,America/Los_Angeles,,,"Wednesday(2026-09-02): [11 AM–10 PM], Thursday(2026-09-03): [11 AM–10 PM], Friday(2026-09-04): [11 AM–10 PM], Saturday(2026-09-05): [11 AM–10 PM], Sunday(2026-09-06): [11 AM–10 PM], Monday(2026-09-07): [11 AM–10 PM], Tuesday(2026-09-08): [11 AM–10 PM]",https://www.google.com/search?kgmid=/g/1vc6dpmv,/g/1vc6dpmv,https://www.google.com/maps?cid=7678699499396263087,ChIJzUAamHZEzoARr-x73oI4kGo,,,,,,,,"Restaurant  Laughlin, US"
Champs Chicken,"3100 Needles Hwy, Laughlin, NV 89029",3100 Needles Hwy,"Laughlin, NV 89029","Fast food restaurant, American restaurant, Breakfast restaurant, Caterer, Chicken restaurant, Fried chicken takeaway, Takeout Restaurant, Seafood restaurant, Snack bar, Southern restaurant (US)","Accessibility: [Wheelchair accessible entrance, Wheelchair accessible parking lot, Wheelchair accessible restroom]",(702) 709-5309,"(702) 709-5309, +1 702-709-5309",YES,Champs Chicken (Owner),113703297351053682241,https://www.google.com/maps/contrib/113703297351053682241,12,4,"https://search.google.com/local/reviews?placeid=ChIJtzU_clJFzoARDjhtMtRjI6k&q=Restaurant++Laughlin,+US&authuser=0&hl=en&gl=US",12187694779624929294,0x80ce4552723f35b7:0xa92363d4326d380e,35.1407053,-114.62184149999999,https://lh3.googleusercontent.com/gps-cs-s/AHRPTWnnpsdPh2KkWVXyGmog5qAhEZoX_usLMtQUBXSHvKr5fkGXQYTfAsrAa1vzzfVj-0fGFlZ6AEUOhF_X56qeLjPmGqfjjIab4FeKrFwD-Nys4rSiCt1EOotfaJFRZdIlTtT2cJVRMA=w408-h272-k-no,America/Los_Angeles,champschicken.com/locations/the-market-at-laughlin-inc-laughlin-nv/,champschicken.com,"Wednesday(2026-09-02): [7 AM–8 PM], Thursday(2026-09-03): [7 AM–8 PM], Friday(2026-09-04): [7 AM–8 PM], Saturday(2026-09-05): [7 AM–8 PM], Sunday(2026-09-06): [7 AM–8 PM], Monday(2026-09-07): [7 AM–8 PM], Tuesday(2026-09-08): [7 AM–8 PM]",https://www.google.com/search?kgmid=/g/11lkty4t9j,/g/11lkty4t9j,https://www.google.com/maps?cid=12187694779624929294,ChIJtzU_clJFzoARDjhtMtRjI6k,,,,,,,,"Restaurant  Laughlin, US"
Sa-Bai Thai Bistro,"2580 AZ-95 Ste 109, Bullhead City, AZ 86442",2580 AZ-95 Ste 109,"Bullhead City, AZ 86442",Thai restaurant,"Accessibility: [Wheelchair accessible entrance, Wheelchair accessible parking lot, Wheelchair accessible restroom, Wheelchair accessible seating, Assistive hearing loop]",(928) 219-4025,"(928) 219-4025, +1 928-219-4025",YES,Sa-Bai Thai Bistro (Owner),101436070337781762205,https://www.google.com/maps/contrib/101436070337781762205,281,4.5,"https://search.google.com/local/reviews?placeid=ChIJ7XGc5VRBzoARn6kbRJHQMos&q=Restaurant++Laughlin,+US&authuser=0&hl=en&gl=US",10030308642439014815,0x80ce4154e59c71ed:0x8b32d091441ba99f,35.0926529,-114.5974147,https://lh3.googleusercontent.com/gps-cs-s/AHRPTWkvFtyZNnODmKijz5FNOE2Tx9k4xa8Vy6tfTzequv8Rb-zjCbOyKdHkqXGD02e0dmcT8225JwtjNA1zJec0d-CFtbr7PLxzxSgpauwabeB4oiXjIJl7xOUFggRm11hxFO0KWwrLf-UKcf0=w408-h306-k-no,America/Phoenix,,,"Wednesday(2026-09-02): [11 AM–7:15 PM], Thursday(2026-09-03): [11 AM–7:15 PM], Friday(2026-09-04): [11 AM–7:15 PM], Saturday(2026-09-05): [Closed], Sunday(2026-09-06): [Closed], Monday(2026-09-07): [Closed], Tuesday(2026-09-08): [11 AM–7:15 PM]",https://www.google.com/search?kgmid=/g/11h90zgtrq,/g/11h90zgtrq,https://www.google.com/maps?cid=10030308642439014815,ChIJ7XGc5VRBzoARn6kbRJHQMos,,,,,,,,"Restaurant  Laughlin, US"
Foodie Grill,"2250 AZ-95 Ste 426, Bullhead City, AZ 86442",2250 AZ-95 Ste 426,"Bullhead City, AZ 86442",Mediterranean restaurant,"Accessibility: [Wheelchair accessible entrance, Wheelchair accessible parking lot, Wheelchair accessible restroom, Wheelchair accessible seating]",(928) 465-2007,"(928) 465-2007, +1 928-465-2007",YES,Foodie Grill (Owner),115533229214963101417,https://www.google.com/maps/contrib/115533229214963101417,566,4.4,"https://search.google.com/local/reviews?placeid=ChIJve2es1RBzoARD6RCKYragIA&q=Restaurant++Laughlin,+US&authuser=0&hl=en&gl=US",9259641120806315023,0x80ce4154b39eedbd:0x8080da8a2942a40f,35.104840599999996,-114.5964485,https://lh3.googleusercontent.com/gps-cs-s/AHRPTWk8sDF8JmUCctWlx_usii3ZjiX1w6HcYJArRX4Z9d7rmHM5pXBkY1ifFZ6fnR3pWGoZGK-Ojkz4DSbam3EUflADDq58ZeAYhUyy3ZO841bu5QlyOJ6LJMjlvzKMRxrmO6a75kM=w426-h240-k-no,America/Phoenix,foodiegrill.net/,foodiegrill.net,"Wednesday(2026-09-02): [8 AM–9 PM], Thursday(2026-09-03): [8 AM–9 PM], Friday(2026-09-04): [8 AM–9 PM], Saturday(2026-09-05): [8 AM–9 PM], Sunday(2026-09-06): [8 AM–9 PM], Monday(2026-09-07): [8 AM–9 PM], Tuesday(2026-09-08): [8 AM–9 PM]",https://www.google.com/search?kgmid=/g/11s8x4b0yq,/g/11s8x4b0yq,https://www.google.com/maps?cid=9259641120806315023,ChIJve2es1RBzoARD6RCKYragIA,,,,,,,,"Restaurant  Laughlin, US"
Samurai Japanese Steakhouse & Sushi,"6004, 2019 AZ-95, Bullhead City, AZ 86442",6004,"2019 AZ-95, Bullhead City, AZ 86442","Japanese steakhouse, Asian restaurant, Restaurant, Seafood restaurant, Steak house, Sushi restaurant","Accessibility: [Wheelchair accessible entrance, Wheelchair accessible parking lot, Wheelchair accessible restroom, Wheelchair accessible seating]",(928) 704-3777,"(928) 704-3777, +1 928-704-3777",YES,Samurai Japanese Steakhouse & Sushi (Owner),102111299678306625208,https://www.google.com/maps/contrib/102111299678306625208,1289,4.3,"https://search.google.com/local/reviews?placeid=ChIJL9jFNFxBzoARDpV-sq4TOjk&q=Restaurant++Laughlin,+US&authuser=0&hl=en&gl=US",4123630049850987790,0x80ce415c34c5d82f:0x393a13aeb27e950e,35.1143871,-114.5983897,https://lh3.googleusercontent.com/gps-cs-s/AHRPTWn1ML0E3VM9Zsyq8GD2uP1cNck0txyWPRyQJKTyngHi9L-BVhLbVJDxoa3lvs3MjhIKP6l2Vkd3VQiyozrcfPYmVCyayT1q8gefkpe4O6tecpk6lo8uLPK9OiZdTqM8k8G-Z0Y=w426-h240-k-no,America/Phoenix,,,"Wednesday(2026-09-02): [11:30 AM–2 PM, 4:30–9:30 PM], Thursday(2026-09-03): [11:30 AM–2 PM, 4:30–9:30 PM], Friday(2026-09-04): [11:30 AM–2 PM, 4:30–9:30 PM], Saturday(2026-09-05): [11:30 AM–2 PM, 4:30–9:30 PM], Sunday(2026-09-06): [11:30 AM–2 PM, 4:30–9:30 PM], Monday(2026-09-07): [11:30 AM–2 PM, 4:30–9:30 PM], Tuesday(2026-09-08): [11:30 AM–2 PM, 4:30–9:30 PM]",https://www.google.com/search?kgmid=/g/1tk63dgh,/g/1tk63dgh,https://www.google.com/maps?cid=4123630049850987790,ChIJL9jFNFxBzoARDpV-sq4TOjk,,,,,,,,"Restaurant  Laughlin, US"
Country Boi BBQ - The Smoke Shack,"1190 -B AZ-95, Bullhead City, AZ 86429",1190 -B AZ-95,"Bullhead City, AZ 86429",American restaurant,"Accessibility: [Wheelchair accessible entrance, Wheelchair accessible parking lot, Wheelchair accessible restroom, Wheelchair accessible seating]",(928) 546-2062,"(928) 546-2062, +1 928-546-2062",NO,Country Boi BBQ - The Smoke Shack (Owner),,,92,4.6,"https://search.google.com/local/reviews?placeid=ChIJyWw3eQBBzoARf7ujMVj-2jE&q=Restaurant++Laughlin,+US&authuser=0&hl=en&gl=US",3592463307524782975,0x80ce410079376cc9:0x31dafe5831a3bb7f,35.1423372,-114.56906359999999,https://lh3.googleusercontent.com/gps-cs-s/AHRPTWndn6vMSzyaYlZpora1fPXIvMBEjnpxx0Bd53a94TJAh26PQ852fN8mBB7oWWMPBw0_pLczh6-e99mE8LNOA903QyxaPO1is5bkyx2XrCd3uNDHHJnzDMKDi6MzVexQX1vkF-Rw65DuKhcY=w408-h306-k-no,America/Phoenix,,,"Wednesday(2026-09-02): [Closed], Thursday(2026-09-03): [11 AM–8 PM], Friday(2026-09-04): [11 AM–8 PM], Saturday(2026-09-05): [11 AM–8 PM], Sunday(2026-09-06): [11 AM–8 PM], Monday(2026-09-07): [Closed], Tuesday(2026-09-08): [Closed]",https://www.google.com/search?kgmid=/g/11x333x_c3,/g/11x333x_c3,https://www.google.com/maps?cid=3592463307524782975,ChIJyWw3eQBBzoARf7ujMVj-2jE,,,,,,,,"Restaurant  Laughlin, US"
La Rosa De Michoacan Ice Cream,"915 Marina Blvd, Bullhead City, AZ 86442",915 Marina Blvd,"Bullhead City, AZ 86442","Mexican restaurant, Ice cream shop","Accessibility: [Wheelchair accessible entrance, Wheelchair accessible parking lot, Wheelchair accessible restroom, Wheelchair accessible seating]",(928) 758-4648,"(928) 758-4648, +1 928-758-4648",YES,La Rosa De Michoacan Ice Cream (Owner),115895456905688087248,https://www.google.com/maps/contrib/115895456905688087248,631,4.6,"https://search.google.com/local/reviews?placeid=ChIJY0ZAbENBzoARno1L70ecSrE&q=Restaurant++Laughlin,+US&authuser=0&hl=en&gl=US",12775195125761150366,0x80ce41436c404663:0xb14a9c47ef4b8d9e,35.100798499999996,-114.6165759,https://lh3.googleusercontent.com/gps-cs-s/AHRPTWn3uAsA43Jg87SbQIn5SOZlgQsMmsvGyK5fYUl8WPl2h3Jg_Q6ga66l3BFZlqFjKIKeDyrAUR7frPPixkC4D5fI-L3DtezjNYBmo5qegAcmIYCjXqS_E0rHzz12ZfAWrUh9J_c=w408-h306-k-no,America/Phoenix,orderlarosademichoacanicecream.com/,orderlarosademichoacanicecream.com,"Wednesday(2026-09-02): [8 AM–10 PM], Thursday(2026-09-03): [8 AM–10 PM], Friday(2026-09-04): [8 AM–10 PM], Saturday(2026-09-05): [8 AM–10 PM], Sunday(2026-09-06): [8 AM–10 PM], Monday(2026-09-07): [8 AM–10 PM], Tuesday(2026-09-08): [8 AM–10 PM]",https://www.google.com/search?kgmid=/g/11byck6d_z,/g/11byck6d_z,https://www.google.com/maps?cid=12775195125761150366,ChIJY0ZAbENBzoARno1L70ecSrE,,,,,,,,"Restaurant  Laughlin, US"
Chili's Grill & Bar,"600 AZ-95 #700, Bullhead City, AZ 86429",600 AZ-95 #700,"Bullhead City, AZ 86429","Restaurant, American restaurant, Bar, Bar & grill, Family restaurant, Hamburger restaurant, Mexican restaurant","Accessibility: [Wheelchair accessible entrance, Wheelchair accessible parking lot, Wheelchair accessible restroom, Wheelchair accessible seating]",(928) 754-4200,"(928) 754-4200, +1 928-754-4200",YES,Chili's Grill & Bar (Owner),109813813031288817134,https://www.google.com/maps/contrib/109813813031288817134,2965,4.3,"https://search.google.com/local/reviews?placeid=ChIJpVClBVZCzoARWzS-LeqTUm4&q=Restaurant++Laughlin,+US&authuser=0&hl=en&gl=US",7949578926261417051,0x80ce425605a550a5:0x6e5293ea2dbe345b,35.168574,-114.565366,https://lh3.googleusercontent.com/gps-cs-s/AHRPTWlgWXRF3whqyPdwr2mH2eBAEV9bU1nB8czKjtcRSt4_tZPk__rE84PGZ8HhkJ3rtgnk8qyk_ZxUGLYwDevbTg-kXMhpPSDsgeH419fu05IRjlgcQOlVlGWiviG9y90P204qYE9Ang=w408-h306-k-no,America/Phoenix,www.chilis.com/locations/us/arizona/bullhead-city/bullhead-city?utm_source=google&utm_medium=local&utm_campaign=Chilis,www.chilis.com,"Wednesday(2026-09-02): [11 AM–10 PM], Thursday(2026-09-03): [11 AM–10 PM], Friday(2026-09-04): [11 AM–11 PM], Saturday(2026-09-05): [11 AM–11 PM], Sunday(2026-09-06): [11 AM–10 PM], Monday(2026-09-07): [11 AM–10 PM], Tuesday(2026-09-08): [11 AM–10 PM]",https://www.google.com/search?kgmid=/g/1tjwj0k2,/g/1tjwj0k2,https://www.google.com/maps?cid=7949578926261417051,ChIJpVClBVZCzoARWzS-LeqTUm4,,,,,,,,"Restaurant  Laughlin, US"
El Charro | Mexican Restaurant,"2101 AZ-95 #4 6073, Bullhead City, AZ 86442",2101 AZ-95 #4 6073,"Bullhead City, AZ 86442",Mexican restaurant,"Accessibility: [Wheelchair accessible entrance, Wheelchair accessible parking lot, Wheelchair accessible restroom, Wheelchair accessible seating]",(928) 763-9331,"(928) 763-9331, +1 928-763-9331",YES,El Charro | Mexican Restaurant (Owner),117245293960477157036,https://www.google.com/maps/contrib/117245293960477157036,2138,4.4,"https://search.google.com/local/reviews?placeid=ChIJ-eUC4lxBzoAR3q2ayUlBPbk&q=Restaurant++Laughlin,+US&authuser=0&hl=en&gl=US",13347896655766793694,0x80ce415ce202e5f9:0xb93d4149c99aadde,35.111807,-114.59862899999999,https://lh3.googleusercontent.com/gps-cs-s/AHRPTWkPlwADI9WkJgC1HsWbmAR-0CmqKWFsqyldPN0kXbPo-W3W4g7jMoOd6gHmPx9zvscpd-khjDlANuu1a0cTmyq2EXc1Tr-sEwmeq3Me9yrtyOjbNsr_4sekLCSDaM_dgiBdcelj=w426-h240-k-no,America/Phoenix,m.facebook.com/ElCharroMexicanRestaurant,m.facebook.com,"Wednesday(2026-09-02): [10 AM–8 PM], Thursday(2026-09-03): [10 AM–8 PM], Friday(2026-09-04): [10 AM–9 PM], Saturday(2026-09-05): [9 AM–9 PM], Sunday(2026-09-06): [9 AM–3 PM], Monday(2026-09-07): [Closed], Tuesday(2026-09-08): [10 AM–8 PM]",https://www.google.com/search?kgmid=/g/1261bt33t,/g/1261bt33t,https://www.google.com/maps?cid=13347896655766793694,ChIJ-eUC4lxBzoAR3q2ayUlBPbk,,,,,,,,"Restaurant  Laughlin, US"
Hibachi Buffet,"2280 A AZ-95, Bullhead City, AZ 86442",2280 A AZ-95,"Bullhead City, AZ 86442",Chinese restaurant,"Accessibility: [Wheelchair accessible entrance, Wheelchair accessible parking lot, Wheelchair accessible restroom, Wheelchair accessible seating]",(928) 763-9288,"(928) 763-9288, +1 928-763-9288",YES,Hibachi Buffet (Owner),104548897943067882449,https://www.google.com/maps/contrib/104548897943067882449,2315,3.8,"https://search.google.com/local/reviews?placeid=ChIJKbbcvUFBzoARfYUEVEYt9mw&q=Restaurant++Laughlin,+US&authuser=0&hl=en&gl=US",7851512780447581565,0x80ce4141bddcb629:0x6cf62d465404857d,35.1039178,-114.5974358,https://lh3.googleusercontent.com/gps-cs-s/AHRPTWk2mSWckyVW-R8hf6KDwPIMvM_dg-Hk-5J78vyEwBSO8CeKi_jIpfqMuX7thtwQLOtSWSMF9iNRhbvfvuK20slezV31jd9KZfgcdrTDDZQfBEab9zfU1x6hBuYyuPLRJLG-20Sm=w408-h306-k-no,America/Phoenix,m.facebook.com/Hibachi-Buffet-664776203652258/,m.facebook.com,"Wednesday(2026-09-02): [11 AM–9 PM], Thursday(2026-09-03): [11 AM–9 PM], Friday(2026-09-04): [11 AM–9 PM], Saturday(2026-09-05): [11 AM–9:30 PM], Sunday(2026-09-06): [11 AM–9:30 PM], Monday(2026-09-07): [11 AM–9 PM], Tuesday(2026-09-08): [11 AM–9 PM]",https://www.google.com/search?kgmid=/g/11b_1qlw1y,/g/11b_1qlw1y,https://www.google.com/maps?cid=7851512780447581565,ChIJKbbcvUFBzoARfYUEVEYt9mw,,,,,,,,"Restaurant  Laughlin, US"
Splash Bar,"1900 S Casino Dr, Laughlin, NV 89029",1900 S Casino Dr,"Laughlin, NV 89029",Bar,"Accessibility: [Wheelchair accessible entrance, Wheelchair accessible parking lot, Wheelchair accessible restroom]",(702) 298-5111,"(702) 298-5111, +1 702-298-5111",YES,Splash Bar (Owner),105177662416235128650,https://www.google.com/maps/contrib/105177662416235128650,18,4.1,"https://search.google.com/local/reviews?placeid=ChIJXzNeSatDzoARM337-YhFFP4&q=Restaurant++Laughlin,+US&authuser=0&hl=en&gl=US",18308334839779786035,0x80ce43ab495e335f:0xfe144588f9fb7d33,35.1636035,-114.57196549999999,https://lh3.googleusercontent.com/gps-cs-s/AHRPTWk1FEGMgfrBuBAcOBqge_9p_xfJshd4qAKN3UMTSihEKEQIfIx-DgJe-N5ao7zCu9vPtDjk1eXZqSuNgUpKkkZdv2SfFw-eN0Ka5HTQIoNnON4bOH-XkbI9F-L9r-Uo_ZbdRPZb=w408-h306-k-no,America/Los_Angeles,aquariuscasinoresort.com/entertainment/splash-lounge,aquariuscasinoresort.com,"Wednesday(2026-09-02): [9 AM–12 AM], Thursday(2026-09-03): [9 AM–12 AM], Friday(2026-09-04): [9 AM–12 AM], Saturday(2026-09-05): [9 AM–12 AM], Sunday(2026-09-06): [9 AM–12 AM], Monday(2026-09-07): [9 AM–12 AM], Tuesday(2026-09-08): [9 AM–12 AM]",https://www.google.com/search?kgmid=/g/11hbgrv82n,/g/11hbgrv82n,https://www.google.com/maps?cid=18308334839779786035,ChIJXzNeSatDzoARM337-YhFFP4,,,,,,,,"Restaurant  Laughlin, US"
Poolside Café,"2121 S Casino Dr, Laughlin, NV 89029",2121 S Casino Dr,"Laughlin, NV 89029","Restaurant, Cafe","Accessibility: [Wheelchair accessible entrance, Wheelchair accessible parking lot, Wheelchair accessible restroom, Wheelchair accessible seating]",(702) 298-4200,"(702) 298-4200, +1 702-298-4200",YES,Poolside Café (Owner),105078558185408356328,https://www.google.com/maps/contrib/105078558185408356328,39,3.7,"https://search.google.com/local/reviews?placeid=ChIJIS_9xLtDzoARlBV-xe--GIU&q=Restaurant++Laughlin,+US&authuser=0&hl=en&gl=US",9590625343505307028,0x80ce43bbc4fd2f21:0x8518beefc57e1594,35.157873699999996,-114.5759483,https://lh3.googleusercontent.com/gps-cs-s/AHRPTWnnnUFSnJ77Nn2LUGErezQeV4H7_bhCvf2V2ZEEeMubys3HDOhBJhWQrgTq07GltimDA4C-aRA2Z3d4U82812Eolsmqfe4sKuvZdxwdiFm5SRsBGp3vuiFcwjGHEWv1dkeO5z7LDA=w408-h306-k-no,America/Los_Angeles,www.caesars.com/tropicana-laughlin/restaurants/poolside-cafe,www.caesars.com,"Wednesday(2026-09-02): [6 AM–8 PM], Thursday(2026-09-03): [6 AM–8 PM], Friday(2026-09-04): [6 AM–9 PM], Saturday(2026-09-05): [6 AM–9 PM], Sunday(2026-09-06): [6 AM–8 PM], Monday(2026-09-07): [6 AM–8 PM], Tuesday(2026-09-08): [6 AM–8 PM]",https://www.google.com/search?kgmid=/g/11g0c5tpd9,/g/11g0c5tpd9,https://www.google.com/maps?cid=9590625343505307028,ChIJIS_9xLtDzoARlBV-xe--GIU,,,,,,,,"Restaurant  Laughlin, US"
Tango's Lounge,"2121 S Casino Dr, Laughlin, NV 89029",2121 S Casino Dr,"Laughlin, NV 89029",Lounge bar,"Accessibility: [Wheelchair accessible entrance, Wheelchair accessible parking lot, Wheelchair accessible restroom]",(702) 298-4200,"(702) 298-4200, +1 702-298-4200",YES,Tango's Lounge (Owner),104062119709810064166,https://www.google.com/maps/contrib/104062119709810064166,102,4.1,"https://search.google.com/local/reviews?placeid=ChIJI9G5nq1DzoARiiJmx5qZpZ4&q=Restaurant++Laughlin,+US&authuser=0&hl=en&gl=US",11431712119199244938,0x80ce43ad9eb9d123:0x9ea5999ac766228a,35.1578689,-114.5757357,https://lh3.googleusercontent.com/gps-cs-s/AHRPTWn6ZIx-ZNpy-iAperwzqS2_reBTjpC3aJSaMGo8LE_GrSjh9En8hCTqVeN1Y9tW8u0rmUz7h4Q9R__pTukRc1DgP3sJ_WUOSufn-ZWQFLSkTgwOjFskd8MsvB-57JY5vJZDeHjRgg=w493-h240-k-no,America/Los_Angeles,www.caesars.com/tropicana-laughlin/things-to-do/nightlife/tangos-lounge,www.caesars.com,"Wednesday(2026-09-02): [Closed], Thursday(2026-09-03): [4–11 PM], Friday(2026-09-04): [10 AM–1 AM], Saturday(2026-09-05): [10 AM–1 AM], Sunday(2026-09-06): [9 AM–11 PM], Monday(2026-09-07): [4–11 PM], Tuesday(2026-09-08): [Closed]",https://www.google.com/search?kgmid=/g/1q62mdcw2,/g/1q62mdcw2,https://www.google.com/maps?cid=11431712119199244938,ChIJI9G5nq1DzoARiiJmx5qZpZ4,,,,,,,,"Restaurant  Laughlin, US"
Denny's Restaurant,"1762 AZ-95, Bullhead City, AZ 86442",1762 AZ-95,"Bullhead City, AZ 86442","Restaurant, American restaurant, Breakfast restaurant, Diner","Accessibility: [Wheelchair accessible parking lot, Wheelchair accessible seating]",(928) 763-9617,"(928) 763-9617, +1 928-763-9617",YES,Denny's Restaurant (Owner),101424889789325696680,https://www.google.com/maps/contrib/101424889789325696680,3004,4,"https://search.google.com/local/reviews?placeid=ChIJMVbG9mJBzoAR8nsgTVYd8Lk&q=Restaurant++Laughlin,+US&authuser=0&hl=en&gl=US",13398241147925593074,0x80ce4162f6c65631:0xb9f01d564d207bf2,35.1211657,-114.58639249999999,https://lh3.googleusercontent.com/gps-cs-s/AHRPTWkw07aNGdoGo0PpKP0wBUtbUVq7l_8VVytF-Gwl06nRU4L4EXWbz5k014zdHcSobQWy5tdfCzhtU-GDAGp_NDDpzIueHnnWD21ZquQviW9aeE5M-fLJ2QUiakBq96Uh4Y2gA9O9=w408-h306-k-no,America/Phoenix,locations.dennys.com/AZ/BULLHEAD-CITY/248167?utm_source=G&utm_medium=organic&utm_campaign=DAC,locations.dennys.com,"Wednesday(2026-09-02): [Open 24 hours], Thursday(2026-09-03): [Open 24 hours], Friday(2026-09-04): [Open 24 hours], Saturday(2026-09-05): [Open 24 hours], Sunday(2026-09-06): [Open 24 hours], Monday(2026-09-07): [Open 24 hours], Tuesday(2026-09-08): [Open 24 hours]",https://www.google.com/search?kgmid=/g/1txfpfkz,/g/1txfpfkz,https://www.google.com/maps?cid=13398241147925593074,ChIJMVbG9mJBzoAR8nsgTVYd8Lk,,,,,,,,"Restaurant  Laughlin, US"
Duet Coffee & Wine,"1900 S Casino Dr, Laughlin, NV 89029",1900 S Casino Dr,"Laughlin, NV 89029",Restaurant,"Accessibility: [Wheelchair accessible entrance, Wheelchair accessible parking lot, Wheelchair accessible restroom, Wheelchair accessible seating]",(702) 298-5111,"(702) 298-5111, +1 702-298-5111",YES,Duet Coffee & Wine (Owner),113582197062514498353,https://www.google.com/maps/contrib/113582197062514498353,54,3.7,"https://search.google.com/local/reviews?placeid=ChIJXzNeSatDzoARCX-sdnbL4rc&q=Restaurant++Laughlin,+US&authuser=0&hl=en&gl=US",13250376763335016201,0x80ce43ab495e335f:0xb7e2cb7676ac7f09,35.163497299999996,-114.5722784,https://lh3.googleusercontent.com/gps-cs-s/AHRPTWnqC-_D9F8XqPoTb3hnyh1xiKC0jrHCgiAT5igD4lhTf_1-FHkLCvP0_mz2AipRZii8tmbeRyKueoi-GvD3Vud7Qxq7hldM55Wpf4taQMXTPyl5BA_wzT8XXRecspC_qS_n_zLfNw=w408-h306-k-no,America/Los_Angeles,www.aquariuscasinoresort.com/Food-Drink/Duet-Coffee-Wine?utm_source=gmb&utm_medium=yext,www.aquariuscasinoresort.com,"Wednesday(2026-09-02): [6 AM–6 PM], Thursday(2026-09-03): [6 AM–6 PM], Friday(2026-09-04): [6 AM–6 PM], Saturday(2026-09-05): [6 AM–6 PM], Sunday(2026-09-06): [6 AM–6 PM], Monday(2026-09-07): [6 AM–6 PM], Tuesday(2026-09-08): [6 AM–6 PM]",https://www.google.com/search?kgmid=/g/11fy1fsj47,/g/11fy1fsj47,https://www.google.com/maps?cid=13250376763335016201,ChIJXzNeSatDzoARCX-sdnbL4rc,,,,,,,,"Restaurant  Laughlin, US"
El Pinche Juan,"865 Hancock Rd, Bullhead City, AZ 86442",865 Hancock Rd,"Bullhead City, AZ 86442","Mexican restaurant, Family restaurant","Accessibility: [Wheelchair accessible entrance, Wheelchair accessible parking lot, Wheelchair accessible restroom, Wheelchair accessible seating]",(928) 763-2633,"(928) 763-2633, +1 928-763-2633",YES,El Pinche Juan (Owner),108520331501041411861,https://www.google.com/maps/contrib/108520331501041411861,660,4.3,"https://search.google.com/local/reviews?placeid=ChIJZ1B6K61GzoARG5gSpXFT0z8&q=Restaurant++Laughlin,+US&authuser=0&hl=en&gl=US",4599111392041277467,0x80ce46ad2b7a5067:0x3fd35371a512981b,35.108482099999996,-114.61934919999999,https://lh3.googleusercontent.com/gps-cs-s/AHRPTWmvBjq2qS5jyyjYZjN5sSVsJ40qwzQfq9rtX92iIlTatAIyQpVbS5655S4l2QNUc-_AiuOYj8qjfCDJQXQhvgvRJuO7Ep8ViEVx9uJqXzR5xy8Et1AIOlQOlr9c45b5CyJbzDFf=w408-h306-k-no,America/Phoenix,orderagaves.mobile-webview6.com/,orderagaves.mobile-webview6.com,"Wednesday(2026-09-02): [11 AM–8:30 PM], Thursday(2026-09-03): [11 AM–8:30 PM], Friday(2026-09-04): [11 AM–8:30 PM], Saturday(2026-09-05): [Closed], Sunday(2026-09-06): [Closed], Monday(2026-09-07): [11 AM–8:30 PM], Tuesday(2026-09-08): [11 AM–8:30 PM]",https://www.google.com/search?kgmid=/g/1vb9dbdx,/g/1vb9dbdx,https://www.google.com/maps?cid=4599111392041277467,ChIJZ1B6K61GzoARG5gSpXFT0z8,,,,,,,,"Restaurant  Laughlin, US"
Colorado Belle Casino Resort,"2100 S Casino Dr, Laughlin, NV 89029",2100 S Casino Dr,"Laughlin, NV 89029","Hotel, Casino",,(866) 352-3553,"(866) 352-3553, +1 866-352-3553",YES,Colorado Belle Casino Resort (Owner),117741618624323879501,https://www.google.com/maps/contrib/117741618624323879501,6812,3.8,"https://search.google.com/local/reviews?placeid=ChIJHapjJQBDzoAR3sJEFEsLSMw&q=Restaurant++Laughlin,+US&authuser=0&hl=en&gl=US",14720027799150969566,0x80ce43002563aa1d:0xcc480b4b1444c2de,35.1580128,-114.5720583,https://lh3.googleusercontent.com/gps-cs-s/AHRPTWlEMiCfIirs4hDAg-nvHLa86zzgbr7JUYtxeWoUvmQB4gWvsXZTiazbppyPc_nwozz-EAnkots649M53XSd_WOCdTKhZvK3GIfyTpI_Aqf4gESDsqrL7Bi7SiePuozrrhlvt7nb=w408-h270-k-no,America/Los_Angeles,www.coloradobelle.com/,www.coloradobelle.com,,,,https://www.google.com/maps?cid=14720027799150969566,ChIJHapjJQBDzoAR3sJEFEsLSMw,,,,,,,,"Restaurant  Laughlin, US"
IHOP,"600 AZ-95, Bullhead City, AZ 86429",600 AZ-95,"Bullhead City, AZ 86429","Breakfast restaurant, American restaurant, Brunch restaurant, Diner, Family restaurant, Lunch restaurant, Pancake restaurant, Restaurant","Accessibility: [Wheelchair accessible entrance, Wheelchair accessible parking lot, Wheelchair accessible restroom, Wheelchair accessible seating]",(928) 754-2209,"(928) 754-2209, +1 928-754-2209",YES,IHOP (Owner),111424219150956557176,https://www.google.com/maps/contrib/111424219150956557176,2547,3.8,"https://search.google.com/local/reviews?placeid=ChIJP9WSUv9CzoARc0CnF_awjyI&q=Restaurant++Laughlin,+US&authuser=0&hl=en&gl=US",2490403689964454003,0x80ce42ff5292d53f:0x228fb0f617a74073,35.1702375,-114.56553629999999,https://lh3.googleusercontent.com/gps-cs-s/AHRPTWkwmxRF0DHCN-LTG-dTHqaGxFTYYa0McA4fqvxXLp8PBywJjxdCDhcOhkeI47tMBVEIWHW0wGzIteutDBgWO9VN5mEnEKfcQhwHPVYX6kNJhk-hXRIpeh4ueBCwQlowwK5dm8M=w426-h240-k-no,America/Phoenix,restaurants.ihop.com/en-us/az/bullhead-city/breakfast-600-hwy-95-3174?utm_source=google&utm_medium=organic&utm_campaign=google_my_business&utm_term=3174&utm_content=website,restaurants.ihop.com,"Wednesday(2026-09-02): [7 AM–10 PM], Thursday(2026-09-03): [7 AM–10 PM], Friday(2026-09-04): [7 AM–10 PM], Saturday(2026-09-05): [7 AM–10 PM], Sunday(2026-09-06): [7 AM–10 PM], Monday(2026-09-07): [7 AM–10 PM], Tuesday(2026-09-08): [7 AM–10 PM]",https://www.google.com/search?kgmid=/g/1wk4dbdw,/g/1wk4dbdw,https://www.google.com/maps?cid=2490403689964454003,ChIJP9WSUv9CzoARc0CnF_awjyI,,,,,,,,"Restaurant  Laughlin, US"
The Market at Laughlin,"3100 Needles Hwy, Laughlin, NV 89029",3100 Needles Hwy,"Laughlin, NV 89029",Grocery store,"Accessibility: [Wheelchair accessible entrance, Wheelchair accessible parking lot, Wheelchair accessible restroom]",(702) 709-5309,"(702) 709-5309, +1 702-709-5309",YES,The Market at Laughlin (Owner),103766717850904240962,https://www.google.com/maps/contrib/103766717850904240962,488,4.5,"https://search.google.com/local/reviews?placeid=ChIJi6UvCjZFzoARA5wI3ujdhpQ&q=Restaurant++Laughlin,+US&authuser=0&hl=en&gl=US",10702485556719819779,0x80ce45360a2fa58b:0x9486dde8de089c03,35.1408967,-114.6222375,https://lh3.googleusercontent.com/gps-cs-s/AHRPTWksX2dCsfiu9gLVFla5L0tq-E1QJdkdDm8hKSbEbBK1YYIVgARo93zLFliu-jXpgdX1rMlOH_FX7AJX9e38_BHfou0JxWzwRZBJu1qMRc-ouOZgfPkEqucbStJDMYmxaWCzJ57-UQ=w408-h306-k-no,America/Los_Angeles,mymarketstores.com/laughlin/,mymarketstores.com,"Wednesday(2026-09-02): [7 AM–10 PM], Thursday(2026-09-03): [7 AM–10 PM], Friday(2026-09-04): [7 AM–10 PM], Saturday(2026-09-05): [7 AM–10 PM], Sunday(2026-09-06): [7 AM–10 PM], Monday(2026-09-07): [7 AM–10 PM], Tuesday(2026-09-08): [7 AM–10 PM]",https://www.google.com/search?kgmid=/g/11kh05gfkc,/g/11kh05gfkc,https://www.google.com/maps?cid=10702485556719819779,ChIJi6UvCjZFzoARA5wI3ujdhpQ,,,,,,,,"Restaurant  Laughlin, US"
Tropicana Laughlin - A Caesars Rewards Destination,"2121 S Casino Dr, Laughlin, NV 89029",2121 S Casino Dr,"Laughlin, NV 89029",Hotel,,(702) 298-4200,"(702) 298-4200, +1 702-298-4200",YES,Tropicana Laughlin - A Caesars Rewards Destination (Owner),109190027702818562272,https://www.google.com/maps/contrib/109190027702818562272,12527,3.9,"https://search.google.com/local/reviews?placeid=ChIJ-ay1nq1DzoAR8SR4CEIQB-E&q=Restaurant++Laughlin,+US&authuser=0&hl=en&gl=US",16214946859166737649,0x80ce43ad9eb5acf9:0xe1071042087824f1,35.157587899999996,-114.57540709999999,https://lh3.googleusercontent.com/gps-cs-s/AHRPTWm7FVZEs8PnM6wNtyUKJiLD5G7tPB-kV389xpc7MozUr6KK4u9n3Cr_FGhcKoEv59XC7-un1wstK38eeGA4dMuhoSzZm2tBO0l3PILLtqFEvkAPfqvpRf2elLYOvbiEp7We1pV5GQ=w408-h408-k-no,America/Los_Angeles,www.caesars.com/tropicana-laughlin?utm_campaign=gmb&utm_source=google&utm_medium=local&utm_term=tla&utm_content=hotel&y_source=1_MTk1MTkyNzQtNzE1LWxvY2F0aW9uLndlYnNpdGU%3D,www.caesars.com,,,,https://www.google.com/maps?cid=16214946859166737649,ChIJ-ay1nq1DzoAR8SR4CEIQB-E,,,,,,,,"Restaurant  Laughlin, US"
Dreyer's - Ice Cream,"2900 S Casino Dr, Laughlin, NV 89029",2900 S Casino Dr,"Laughlin, NV 89029",Restaurant,"Accessibility: [Wheelchair accessible entrance, Wheelchair accessible parking lot]",(702) 298-3986,"(702) 298-3986, +1 702-298-3986",YES,Dreyer's - Ice Cream (Owner),113310525523658149445,https://www.google.com/maps/contrib/113310525523658149445,10,2.7,"https://search.google.com/local/reviews?placeid=ChIJx7goD8BDzoARHS2Axmsxxyw&q=Restaurant++Laughlin,+US&authuser=0&hl=en&gl=US",3226601996995800349,0x80ce43c00f28b8c7:0x2cc7316bc6802d1d,35.1444847,-114.5764865,https://lh3.googleusercontent.com/gps-cs-s/AHRPTWn0MRW90Uuwl4xHrtjMcV95_uav4WUZKcfksfIUfvscxD_3IJJtXMxGrllz1U2_WlpNEtewium9j4QDpvL8z7HMzpi5nPZG-Kun0rCQAahGDy3P0R8tg4Awd4hkv4Gi7BVC1SjcAKPtYrE=w408-h307-k-no,America/Los_Angeles,www.caesars.com/harrahs-laughlin/restaurants/dreyers,www.caesars.com,"Wednesday(2026-09-02): [8 AM–10 PM], Thursday(2026-09-03): [8 AM–10 PM], Friday(2026-09-04): [8 AM–12 AM], Saturday(2026-09-05): [8 AM–12 AM], Sunday(2026-09-06): [8 AM–10 PM], Monday(2026-09-07): [8 AM–10 PM], Tuesday(2026-09-08): [8 AM–10 PM]",https://www.google.com/search?kgmid=/g/11ycsdr0xt,/g/11ycsdr0xt,https://www.google.com/maps?cid=3226601996995800349,ChIJx7goD8BDzoARHS2Axmsxxyw,,,,,,,,"Restaurant  Laughlin, US"
Red Brick Pizza Kitchen Cafe,"1650 S Casino Dr, Laughlin, NV 89029",1650 S Casino Dr,"Laughlin, NV 89029",Pizza restaurant,"Accessibility: [Wheelchair accessible entrance, Wheelchair accessible parking lot, Wheelchair accessible restroom, Wheelchair accessible seating]",(702) 298-2535,"(702) 298-2535, +1 702-298-2535",NO,Red Brick Pizza Kitchen Cafe (Owner),,,70,2.3,"https://search.google.com/local/reviews?placeid=ChIJ-_MXsUlDzoARDoUgA0n0zHM&q=Restaurant++Laughlin,+US&authuser=0&hl=en&gl=US",8344312804032939278,0x80ce4349b117f3fb:0x73ccf4490320850e,35.1676396,-114.5721178,https://lh3.googleusercontent.com/gps-cs-s/AHRPTWmWrhuPwrZeMnTk6V1c6jFRPbLMgM7AEl8qp_n4t3w_k4VAQ8nSxiPJ5pP6Xmo93eiwtzdrLBni9xqwPHxehhNQ49Eg0jyyx6cYVbVdGj2hh2W__QOJbf_GnT9jKSl-uaabgV6I=w408-h326-k-no,America/Los_Angeles,redbrickpizza.com/,redbrickpizza.com,"Wednesday(2026-09-02): [11 AM–8 PM], Thursday(2026-09-03): [11 AM–8 PM], Friday(2026-09-04): [11 AM–9 PM], Saturday(2026-09-05): [11 AM–9 PM], Sunday(2026-09-06): [11 AM–8 PM], Monday(2026-09-07): [11 AM–8 PM], Tuesday(2026-09-08): [11 AM–8 PM]",https://www.google.com/search?kgmid=/g/11n6l_4z08,/g/11n6l_4z08,https://www.google.com/maps?cid=8344312804032939278,ChIJ-_MXsUlDzoARDoUgA0n0zHM,,,,,,,,"Restaurant  Laughlin, US"
River Rick's Saloon,"2220 S Casino Dr, Laughlin, NV 89029",2220 S Casino Dr,"Laughlin, NV 89029",Bar,"Accessibility: [Wheelchair accessible parking lot, Wheelchair accessible restroom]",,,NO,River Rick's Saloon (Owner),,,5,3,"https://search.google.com/local/reviews?placeid=ChIJH3qrGwBDzoARMVFXqY6F3yk&q=Restaurant++Laughlin,+US&authuser=0&hl=en&gl=US",3017277123134443825,0x80ce43001bab7a1f:0x29df858ea9575131,35.1551596,-114.5724225,,America/Los_Angeles,,,,https://www.google.com/search?kgmid=/g/11y6vw472l,/g/11y6vw472l,https://www.google.com/maps?cid=3017277123134443825,ChIJH3qrGwBDzoARMVFXqY6F3yk,,,,,,,,"Restaurant  Laughlin, US"
Laughlin Ranch Golf Club,"1360 William Hardy Dr, Bullhead City, AZ 86429",1360 William Hardy Dr,"Bullhead City, AZ 86429","Restaurant, Event venue, Golf course, Golf driving range, Golf shop, Gym, Massage spa, Public golf course, Spa, Wedding venue","Accessibility: [Wheelchair accessible entrance, Wheelchair accessible parking lot]",(928) 754-1243,"(928) 754-1243, +1 928-754-1243",YES,Laughlin Ranch Golf Club (Owner),112997276580591930260,https://www.google.com/maps/contrib/112997276580591930260,766,4.5,"https://search.google.com/local/reviews?placeid=ChIJl9zJSKtDzoAR6NPVQs0FjUU&q=Restaurant++Laughlin,+US&authuser=0&hl=en&gl=US",5011668339480974312,0x80ce43ab48c9dc97:0x458d05cd42d5d3e8,35.1384402,-114.5262631,https://lh3.googleusercontent.com/gps-cs-s/AHRPTWnpfG4NWwXlKkrcRf4GAzEUgHN_230FViT702giR6_Zvwrfduj-LhlNVB7APcFTYJKANS0To_nfCx62Y2Yvs1X6TTbF8XSd6w_H8Z8kNKZO4_qEZfOAOhGhRELW8-wY6FMDFcw=w408-h269-k-no,America/Phoenix,laughlinranch.com/,laughlinranch.com,"Wednesday(2026-09-02): [5:30 AM–6 PM], Thursday(2026-09-03): [5:30 AM–6 PM], Friday(2026-09-04): [5:30 AM–6 PM], Saturday(2026-09-05): [5:30 AM–6 PM], Sunday(2026-09-06): [5:30 AM–6 PM], Monday(2026-09-07): [5:30 AM–6 PM], Tuesday(2026-09-08): [5:30 AM–6 PM]",https://www.google.com/search?kgmid=/g/1tptqx0b,/g/1tptqx0b,https://www.google.com/maps?cid=5011668339480974312,ChIJl9zJSKtDzoAR6NPVQs0FjUU,,,,,,,,"Restaurant  Laughlin, US"
Bovada Online Casino,"1650 S Casino Dr, Laughlin, NV 89029",1650 S Casino Dr,"Laughlin, NV 89029",Casino,"Accessibility: [Wheelchair accessible entrance, Wheelchair accessible parking lot, Wheelchair accessible restroom]",(800) 227-3849,"(800) 227-3849, +1 800-227-3849",YES,Bovada Online Casino (Owner),103797793939760261299,https://www.google.com/maps/contrib/103797793939760261299,234,4.2,"https://search.google.com/local/reviews?placeid=ChIJ0-OT3iNDzoARhvv6ucdDg24&q=Restaurant++Laughlin,+US&authuser=0&hl=en&gl=US",7963283091218955142,0x80ce4323de93e3d3:0x6e8343c7b9fafb86,35.1672355,-114.5715943,https://lh3.googleusercontent.com/gps-cs-s/AHRPTWlJPKC83wQoKThMif1trie9Y01Dj-oY-zf7kXiPnXR3jmFqGzDdeHxISYVZ9_QE87EhdaNBReRjNGhBC-UE2G_KtIgszGgchmonVoTP7qt2sFJrP2N2TItKwJ_LXfbf_s-yNDAatg=w408-h306-k-no,America/Los_Angeles,betavo.net/,betavo.net,,https://www.google.com/search?kgmid=/g/11l1jgscs4,/g/11l1jgscs4,https://www.google.com/maps?cid=7963283091218955142,ChIJ0-OT3iNDzoARhvv6ucdDg24,,,,,,,,"Restaurant  Laughlin, US"
Happyplace Subs,"1988 AZ-95 #6, Bullhead City, AZ 86442",1988 AZ-95 #6,"Bullhead City, AZ 86442",Sandwich shop,"Accessibility: [Wheelchair accessible parking lot, Assistive hearing loop]",(928) 299-5064,"(928) 299-5064, +1 928-299-5064",YES,Happyplace Subs (Owner),112801142858720459760,https://www.google.com/maps/contrib/112801142858720459760,240,4.8,"https://search.google.com/local/reviews?placeid=ChIJqWpp7XBBzoARfuvy7mhlhQk&q=Restaurant++Laughlin,+US&authuser=0&hl=en&gl=US",686066019603770238,0x80ce4170ed696aa9:0x9856568eef2eb7e,35.116152299999996,-114.59765859999999,https://lh3.googleusercontent.com/gps-cs-s/AHRPTWmr6DxY6KZWEEKxNtnkgYRDMfPDxWukXwtjrF1qZFYsgxLIWfQms9nb4TKoP9wsgdBr2_rS3QU_QUdMYnqJrxQ6I_Z72sXWtqlbkoSWayEoOdtS_QOmygDzqJ5NmTZ3NxAZow=w408-h544-k-no,America/Phoenix,,,"Wednesday(2026-09-02): [Closed], Thursday(2026-09-03): [Closed], Friday(2026-09-04): [Closed], Saturday(2026-09-05): [Closed], Sunday(2026-09-06): [Closed], Monday(2026-09-07): [Closed], Tuesday(2026-09-08): [10 AM–3 PM]",https://www.google.com/search?kgmid=/g/11h0g_88hf,/g/11h0g_88hf,https://www.google.com/maps?cid=686066019603770238,ChIJqWpp7XBBzoARfuvy7mhlhQk,,,,,,,,"Restaurant  Laughlin, US"
Buffalo Wild Wings,"2040 AZ-95, Bullhead City, AZ 86442",2040 AZ-95,"Bullhead City, AZ 86442","Chicken wings restaurant, Takeout Restaurant, Sports bar","Accessibility: [Wheelchair accessible entrance, Wheelchair accessible parking lot, Wheelchair accessible restroom, Wheelchair accessible seating]",(928) 763-9464,"(928) 763-9464, +1 928-763-9464",YES,Buffalo Wild Wings (Owner),114513505254673599656,https://www.google.com/maps/contrib/114513505254673599656,2003,3.9,"https://search.google.com/local/reviews?placeid=ChIJNz4opV1BzoARe0E_OrJK8jY&q=Restaurant++Laughlin,+US&authuser=0&hl=en&gl=US",3959309151753945467,0x80ce415da5283e37:0x36f24ab23a3f417b,35.114371399999996,-114.59761359999999,https://lh3.googleusercontent.com/gps-cs-s/AHRPTWmaIJCumXGdZMCR8ZevfI2u7x5cke3LW_nBXaUAlVLx5ygjUNM1pLYaLcta8knaFdMm31rV73e0eBmclAQ4A4TqmOOfa7hS30rz7hINwj61Hki_a2W44M2K_WuDFJFrmiB-Bo4d=w426-h240-k-no,America/Phoenix,www.buffalowildwings.com/locations/us/az/bullhead-city/2040-highway-95/sports-bar-566?utm_source=google-my-business&utm_medium=organic&utm_campaign=website-link&y_source=1_MjAxNjYxMTM0OS03MTUtbG9jYXRpb24ud2Vic2l0ZQ%3D%3D,www.buffalowildwings.com,"Wednesday(2026-09-02): [10:30 AM–11 PM], Thursday(2026-09-03): [10:30 AM–11 PM], Friday(2026-09-04): [10:30 AM–12 AM], Saturday(2026-09-05): [10:30 AM–12 AM], Sunday(2026-09-06): [10:30 AM–11 PM], Monday(2026-09-07): [10:30 AM–11 PM], Tuesday(2026-09-08): [10:30 AM–11 PM]",https://www.google.com/search?kgmid=/g/1tcxk12q,/g/1tcxk12q,https://www.google.com/maps?cid=3959309151753945467,ChIJNz4opV1BzoARe0E_OrJK8jY,,,,,,,,"Restaurant  Laughlin, US"
Don Laughlin’s Classic Car Museum,"1650 S Casino Dr, Laughlin, NV 89029",1650 S Casino Dr,"Laughlin, NV 89029",Museum,,(702) 298-2535,,,,,,291,4.7,"https://search.google.com/local/reviews?placeid=ChIJZYFVqKhDzoARw6e-CI6NJmw&q=Restaurant++Laughlin,+US&authuser=0&hl=en&gl=US",7793071846382806979,0x80ce43a8a8558165:0x6c268d8e08bea7c3,35.167441,-114.5720066,,America/Los_Angeles,www.riversideresort.com/don-laughlins-classic-car-museum/,www.riversideresort.com,"Wednesday(2026-09-02): [10 AM–8 PM], Thursday(2026-09-03): [10 AM–8 PM], Friday(2026-09-04): [10 AM–9 PM], Saturday(2026-09-05): [10 AM–9 PM], Sunday(2026-09-06): [10 AM–8 PM], Monday(2026-09-07): [10 AM–8 PM], Tuesday(2026-09-08): [10 AM–8 PM]",https://www.google.com/search?kgmid=/g/11h1vc0smq,/g/11h1vc0smq,https://www.google.com/maps?cid=7793071846382806979,ChIJZYFVqKhDzoARw6e-CI6NJmw,,,,,,,,"Restaurant  Laughlin, US"
Dickey's Barbecue Pit,"1931 AZ-95 A, Bullhead City, AZ 86442",1931 AZ-95 A,"Bullhead City, AZ 86442","Restaurant, American restaurant, Barbecue restaurant, Catering food and drink supplier, Caterer, Family restaurant, Delivery Restaurant, Takeout Restaurant","Accessibility: [Wheelchair accessible entrance, Wheelchair accessible parking lot, Wheelchair accessible restroom, Wheelchair accessible seating, Assistive hearing loop]",(858) 201-5030,"(858) 201-5030, +1 858-201-5030",YES,Dickey's Barbecue Pit (Owner),114009362982247271503,https://www.google.com/maps/contrib/114009362982247271503,283,4,"https://search.google.com/local/reviews?placeid=ChIJW5oX6JVBzoARhpXH8NDga8M&q=Restaurant++Laughlin,+US&authuser=0&hl=en&gl=US",14081595847901418886,0x80ce4195e8179a5b:0xc36be0d0f0c79586,35.119179599999995,-114.59593,https://lh3.googleusercontent.com/gps-cs-s/AHRPTWmnOtsHzg_xbsG4LCUwZRXOPdzAFeldkwurxrmOQB7vK_TYJgLikBpRb0QXjEcnWSVp69L6fEgSIeBEESsu5dhF9dDdVfBhlnbsUoY-XcaMqSy2avvY2REdfKEA-ZVtSP9laFdf=w426-h240-k-no,America/Phoenix,www.dickeys.com/locations/Arizona/Bullhead-City/bullhead-city-mohave-valley-drive?,www.dickeys.com,"Wednesday(2026-09-02): [11 AM–9 PM], Thursday(2026-09-03): [11 AM–9 PM], Friday(2026-09-04): [11 AM–9 PM], Saturday(2026-09-05): [11 AM–9 PM], Sunday(2026-09-06): [11 AM–9 PM], Monday(2026-09-07): [11 AM–9 PM], Tuesday(2026-09-08): [11 AM–9 PM]",https://www.google.com/search?kgmid=/g/11k52ys5vw,/g/11k52ys5vw,https://www.google.com/maps?cid=14081595847901418886,ChIJW5oX6JVBzoARhpXH8NDga8M,,,,,,,,"Restaurant  Laughlin, US"
Pinkbox Doughnuts,"2020 S Casino Dr, Laughlin, NV 89029",2020 S Casino Dr,"Laughlin, NV 89029",Donut shop,"Accessibility: [Wheelchair accessible entrance, Wheelchair accessible parking lot, Wheelchair accessible restroom, Assistive hearing loop, Wheelchair accessible seating]",(702) 930-1212,"(702) 930-1212, +1 702-930-1212",YES,Pinkbox Doughnuts (Owner),114246205034838922342,https://www.google.com/maps/contrib/114246205034838922342,417,4.6,"https://search.google.com/local/reviews?placeid=ChIJ32A5L4NDzoARIdLrMxQQLDo&q=Restaurant++Laughlin,+US&authuser=0&hl=en&gl=US",4191743032131572257,0x80ce43832f3960df:0x3a2c101433ebd221,35.1609765,-114.57200379999999,https://lh3.googleusercontent.com/gps-cs-s/AHRPTWkzs_S8PEtqU886FkBFWivoEx0xTL9sbiWQqN7RLSpQWUhADQZBgzUHsvFPjs9Gt2nv_ekeQqWlWPtDga-N3yowGIZ33nIOgLSJiSRZt3YcGcJYezykkTYoVrPzlBnsC8gOKDi3J951Pm0X=w408-h544-k-no,America/Los_Angeles,www.pinkboxdoughnuts.com/,www.pinkboxdoughnuts.com,"Wednesday(2026-09-02): [6 AM–9 PM], Thursday(2026-09-03): [6 AM–9 PM], Friday(2026-09-04): [6 AM–12 AM], Saturday(2026-09-05): [6 AM–12 AM], Sunday(2026-09-06): [6 AM–9 PM], Monday(2026-09-07): [6 AM–9 PM], Tuesday(2026-09-08): [6 AM–9 PM]",https://www.google.com/search?kgmid=/g/11strdgvsk,/g/11strdgvsk,https://www.google.com/maps?cid=4191743032131572257,ChIJ32A5L4NDzoARIdLrMxQQLDo,,,,,,,,"Restaurant  Laughlin, US"
Riverside Lanes Bowling,"1650 S Casino Dr, Laughlin, NV 89029",1650 S Casino Dr,"Laughlin, NV 89029",Bowling alley,"Accessibility: [Wheelchair accessible entrance, Wheelchair accessible parking lot]",(702) 298-2535,"(702) 298-2535, +1 702-298-2535",NO,Riverside Lanes Bowling (Owner),,,450,4.4,"https://search.google.com/local/reviews?placeid=ChIJcTDM-wFDzoARSYB4lmKIWWM&q=Restaurant++Laughlin,+US&authuser=0&hl=en&gl=US",7158903039694766153,0x80ce4301fbcc3071:0x6359886296788049,35.167594099999995,-114.5712013,https://lh3.googleusercontent.com/gps-cs-s/AHRPTWlWqR-XXfZG5DyfWl_x_R9iwif7vP5DeFRJy7LGGY7RP2VhAMDP4JltsLnVN6loA0cEa-HOT6gr4ypQmYuZ0mfqpNHHQkCXhRkZmEk4AANGq7uH1FtRqlkkHgZzNUaIsY6nJZaF=w493-h240-k-no,America/Los_Angeles,www.riversideresort.com/riverside-lanes-bowling-fun-for-whole-family/,www.riversideresort.com,"Wednesday(2026-09-02): [8 AM–11 PM], Thursday(2026-09-03): [8 AM–11 PM], Friday(2026-09-04): [8 AM–1 AM], Saturday(2026-09-05): [8 AM–1 AM], Sunday(2026-09-06): [8 AM–11 PM], Monday(2026-09-07): [8 AM–11 PM], Tuesday(2026-09-08): [8 AM–11 PM]",https://www.google.com/search?kgmid=/g/11fy2k3332,/g/11fy2k3332,https://www.google.com/maps?cid=7158903039694766153,ChIJcTDM-wFDzoARSYB4lmKIWWM,,,,,,,,"Restaurant  Laughlin, US"
McDonald's,"1900 S Casino Dr Aquarius, Laughlin, NV 89029",1900 S Casino Dr Aquarius,"Laughlin, NV 89029","Fast food restaurant, Breakfast restaurant, Coffee shop, Hamburger restaurant, Restaurant, Sandwich shop","Accessibility: [Wheelchair accessible entrance, Wheelchair accessible parking lot, Wheelchair accessible restroom, Wheelchair accessible seating]",(702) 298-1000,"(702) 298-1000, +1 702-298-1000",YES,McDonald's (Owner),100885370844532118627,https://www.google.com/maps/contrib/100885370844532118627,573,3.5,"https://search.google.com/local/reviews?placeid=ChIJi6n4tFRCzoARvKkLem2Dsi8&q=Restaurant++Laughlin,+US&authuser=0&hl=en&gl=US",3436953971859368380,0x80ce4254b4f8a98b:0x2fb2836d7a0ba9bc,35.1636854,-114.57193869999999,https://lh3.googleusercontent.com/gps-cs-s/AHRPTWmkukv9mnmPi_rRPr4TPYElFtg5SRcagfltXL5uDDJitbzb8nMq0LIgiX4dDGmrCdR2m5NYZG9su-v5jXMeWbK1SKt1TYi9dedoA2PR0ik75jkveWNjUaV7aENvc9BuBeBTWA99=w408-h305-k-no,America/Los_Angeles,www.mcdonalds.com/us/en-us/location/NV/LAUGHLIN/1900-S-CASINO-DR/35508.html?cid=RF:YXT:GMB::Clicks,www.mcdonalds.com,"Wednesday(2026-09-02): [Open 24 hours], Thursday(2026-09-03): [Open 24 hours], Friday(2026-09-04): [Open 24 hours], Saturday(2026-09-05): [Open 24 hours], Sunday(2026-09-06): [Open 24 hours], Monday(2026-09-07): [Open 24 hours], Tuesday(2026-09-08): [Open 24 hours]",https://www.google.com/search?kgmid=/g/11b6y0q667,/g/11b6y0q667,https://www.google.com/maps?cid=3436953971859368380,ChIJi6n4tFRCzoARvKkLem2Dsi8,,,,,,,,"Restaurant  Laughlin, US"
Maki Sushi,"1970 AZ-95, Bullhead City, AZ 86442",1970 AZ-95,"Bullhead City, AZ 86442","Sushi restaurant, Caterer, Japanese restaurant","Accessibility: [Wheelchair accessible entrance, Wheelchair accessible parking lot, Wheelchair accessible restroom, Wheelchair accessible seating]",(928) 763-2522,"(928) 763-2522, +1 928-763-2522",NO,Maki Sushi (Owner),,,333,4.2,"https://search.google.com/local/reviews?placeid=ChIJlwnqT15BzoARinc6CLHJFLY&q=Restaurant++Laughlin,+US&authuser=0&hl=en&gl=US",13120333376621541258,0x80ce415e4fea0997:0xb614c9b1083a778a,35.1175454,-114.5977356,https://lh3.googleusercontent.com/gps-cs-s/AHRPTWml5bdT3Biti1ZS6loD-Lp_v2eAai0zDFc9v21Vx2O-KZrhV0eKrxbn4aJDVz4uJlMGGNuCZQzEvxl7WWwptzuhzlJvz5zq3X2mKWPj8lv47_i946BdIOH9-9xfheXJBaQ6_Pm62A=w408-h306-k-no,America/Phoenix,openmenu.com/restaurant/17d8924e-0554-11e8-ae2c-00163eeae34c,openmenu.com,"Wednesday(2026-09-02): [11 AM–10 PM], Thursday(2026-09-03): [11 AM–10 PM], Friday(2026-09-04): [11 AM–10 PM], Saturday(2026-09-05): [11 AM–10 PM], Sunday(2026-09-06): [11 AM–10 PM], Monday(2026-09-07): [Closed], Tuesday(2026-09-08): [11 AM–10 PM]",https://www.google.com/search?kgmid=/g/1td6yd7s,/g/1td6yd7s,https://www.google.com/maps?cid=13120333376621541258,ChIJlwnqT15BzoARinc6CLHJFLY,,,,,,,,"Restaurant  Laughlin, US"
Big Bend of the Colorado State Recreation Area,"4220 Needles Hwy, Laughlin, NV 89029",4220 Needles Hwy,"Laughlin, NV 89029","Park, Tourist attraction","Accessibility: [Wheelchair accessible entrance, Wheelchair accessible parking lot]",(702) 298-1859,"(702) 298-1859, +1 702-298-1859",YES,Big Bend of the Colorado State Recreation Area (Owner),113204813195861511866,https://www.google.com/maps/contrib/113204813195861511866,1599,4.6,"https://search.google.com/local/reviews?placeid=ChIJh9xGcztEzoARaPIDVNAgcJA&q=Restaurant++Laughlin,+US&authuser=0&hl=en&gl=US",10407854817988047464,0x80ce443b7346dc87:0x907020d05403f268,35.1184164,-114.64331999999999,https://lh3.googleusercontent.com/gps-cs-s/AHRPTWnMYSbvIkj8HtmtlmNNaZ8f1FP1Jty1d_G21sxzrxmUxZuZeprwrANF88eft-xB9NUB3dpFDL1CAn1AtypCT-vhygfWcDZIXOCkwJUGGeNx2MppK10ia6ohPln_fuKXbatJibRtsNOjt3rO=w408-h306-k-no,America/Los_Angeles,parks.nv.gov/parks/big-bend-of-the-colorado,parks.nv.gov,"Wednesday(2026-09-02): [7 AM–5 PM], Thursday(2026-09-03): [7 AM–5 PM], Friday(2026-09-04): [7 AM–5 PM], Saturday(2026-09-05): [7 AM–5 PM], Sunday(2026-09-06): [7 AM–5 PM], Monday(2026-09-07): [7 AM–5 PM], Tuesday(2026-09-08): [7 AM–5 PM]",,,https://www.google.com/maps?cid=10407854817988047464,ChIJh9xGcztEzoARaPIDVNAgcJA,,,,,,,,"Restaurant  Laughlin, US"
Colianno's Italian Restaurant,"2200 AZ-95, Bullhead City, AZ 86442",2200 AZ-95,"Bullhead City, AZ 86442",Restaurant,"Accessibility: [Wheelchair accessible entrance, Wheelchair accessible parking lot, Wheelchair accessible restroom, Wheelchair accessible seating]",(928) 758-7104,"(928) 758-7104, +1 928-758-7104",YES,Colianno's Italian Restaurant (Owner),100167633908617292083,https://www.google.com/maps/contrib/100167633908617292083,143,3.9,"https://search.google.com/local/reviews?placeid=ChIJ7S14kb5BzoAR_TL_1z24Emk&q=Restaurant++Laughlin,+US&authuser=0&hl=en&gl=US",7571316499319567101,0x80ce41be91782ded:0x6912b83dd7ff32fd,35.1071708,-114.59778159999999,https://lh3.googleusercontent.com/gps-cs-s/AHRPTWkzfI_nDNXtLHIIPnmo3fpI9l9i-eGXB2oIQhX673Qt7RTU1HR3W2NpOnXZTDDdMKEOe8FQKQRdII02tOB6FCWbB8Ten8sAfaxsPho2KLNyOfvxvyzRkH7xeJRFQKOXr3BEXFU8YLjS7ro=w408-h306-k-no,America/Phoenix,coliannos.com/,coliannos.com,"Wednesday(2026-09-02): [11 AM–9 PM], Thursday(2026-09-03): [11 AM–9 PM], Friday(2026-09-04): [11 AM–9 PM], Saturday(2026-09-05): [11 AM–9 PM], Sunday(2026-09-06): [10 AM–9 PM], Monday(2026-09-07): [11 AM–9 PM], Tuesday(2026-09-08): [11 AM–9 PM]",https://www.google.com/search?kgmid=/g/11jjnj22xs,/g/11jjnj22xs,https://www.google.com/maps?cid=7571316499319567101,ChIJ7S14kb5BzoAR_TL_1z24Emk,,,,,,,,"Restaurant  Laughlin, US"
Jimmy's Burgers,"967 Hancock Rd #15, Bullhead City, AZ 86442",967 Hancock Rd #15,"Bullhead City, AZ 86442",Hamburger restaurant,"Accessibility: [Wheelchair accessible entrance, Wheelchair accessible parking lot, Wheelchair accessible restroom, Wheelchair accessible seating]",(928) 758-6050,"(928) 758-6050, +1 928-758-6050",YES,Jimmy's Burgers (Owner),116741297458215367822,https://www.google.com/maps/contrib/116741297458215367822,428,4,"https://search.google.com/local/reviews?placeid=ChIJxTShN1JBzoARKVEu5NU-yNo&q=Restaurant++Laughlin,+US&authuser=0&hl=en&gl=US",15764919583987618089,0x80ce415237a134c5:0xdac83ed5e42e5129,35.1082713,-114.61534019999999,https://lh3.googleusercontent.com/gps-cs-s/AHRPTWmPacfELQwprq8MJZ5-gZbtGBCUDlJb8IXom_VtY8hbX5VpooDboOiROg__UmdtcSh6OkKaixgThsclzbZeeWgo6wOwjWjevfspQVJIC2x089byGPK__1mDjF3DoBcsQ6LOAK3Y=w408-h408-k-no,America/Phoenix,jimmysburgersaz.com/,jimmysburgersaz.com,"Wednesday(2026-09-02): [7 AM–9 PM], Thursday(2026-09-03): [7 AM–9 PM], Friday(2026-09-04): [7 AM–9 PM], Saturday(2026-09-05): [7 AM–9 PM], Sunday(2026-09-06): [7 AM–8 PM], Monday(2026-09-07): [7 AM–9 PM], Tuesday(2026-09-08): [7 AM–9 PM]",https://www.google.com/search?kgmid=/g/1tjbsf_d,/g/1tjbsf_d,https://www.google.com/maps?cid=15764919583987618089,ChIJxTShN1JBzoARKVEu5NU-yNo,,,,,,,,"Restaurant  Laughlin, US"
Megatoppers Pizza Joint,"832 Gemstone Ave, Bullhead City, AZ 86442",832 Gemstone Ave,"Bullhead City, AZ 86442","Pizza restaurant, Chicken wings restaurant, Delivery Restaurant, Salad shop","Accessibility: [Wheelchair accessible entrance, Wheelchair accessible parking lot, Wheelchair accessible restroom, Wheelchair accessible seating]",(928) 763-7373,"(928) 763-7373, +1 928-763-7373",YES,Megatoppers Pizza Joint (Owner),116496033507598427517,https://www.google.com/maps/contrib/116496033507598427517,700,4.5,"https://search.google.com/local/reviews?placeid=ChIJPcjrKFNBzoARlh6iVkzzyZ0&q=Restaurant++Laughlin,+US&authuser=0&hl=en&gl=US",11369886243470057110,0x80ce415328ebc83d:0x9dc9f34c56a21e96,35.1087171,-114.618658,https://lh3.googleusercontent.com/gps-cs-s/AHRPTWmAlVGF5wMKQ-Avnv71DjZeuRITApMIHbA-tKpOzyECWCbqfi9e2TvVi1DIP08vaPTjNOb01Rx-NolwgEd3-WXFAGfLSWLUWYd_qhPGluf15daiGfur0Mg3a4hsCy5CicE3TtWA=w408-h725-k-no,America/Phoenix,megatoppers.brygid.online/zgrid/themes/13228/intro/index.jsp,megatoppers.brygid.online,"Wednesday(2026-09-02): [11 AM–9 PM], Thursday(2026-09-03): [11 AM–9 PM], Friday(2026-09-04): [11 AM–9 PM], Saturday(2026-09-05): [11 AM–9 PM], Sunday(2026-09-06): [11 AM–9 PM], Monday(2026-09-07): [Closed], Tuesday(2026-09-08): [Closed]",https://www.google.com/search?kgmid=/g/11c6zq1h2n,/g/11c6zq1h2n,https://www.google.com/maps?cid=11369886243470057110,ChIJPcjrKFNBzoARlh6iVkzzyZ0,,,,,,,,"Restaurant  Laughlin, US"
Humberto's Mexican Food,"1136 AZ-95, Bullhead City, AZ 86429",1136 AZ-95,"Bullhead City, AZ 86429","Mexican restaurant, Fast food restaurant","Accessibility: [Wheelchair accessible entrance, Wheelchair accessible parking lot, Wheelchair accessible restroom, Wheelchair accessible seating]",(928) 754-1313,"(928) 754-1313, +1 928-754-1313",NO,Humberto's Mexican Food (Owner),,,1000,4.4,"https://search.google.com/local/reviews?placeid=ChIJp1WerDVCzoAR0fFVqqj2AcM&q=Restaurant++Laughlin,+US&authuser=0&hl=en&gl=US",14051783516645355985,0x80ce4235ac9e55a7:0xc301f6a8aa55f1d1,35.1453118,-114.56846259999999,https://lh3.googleusercontent.com/gps-cs-s/AHRPTWmMDSWnQFQefjJazlINL8oOZFgn_QkSgaudssxVtN2c4YV8WENUA2KsbLvRD4Gk8GN0ujlYCNUiScXKfcgmzRVmS_VCrdq9rDcYcOp262rnZ1FW12JesH2ASeihGLTxq7GTq76H1A=w408-h306-k-no,America/Phoenix,humbertos.top/,humbertos.top,"Wednesday(2026-09-02): [8 AM–9 PM], Thursday(2026-09-03): [8 AM–9 PM], Friday(2026-09-04): [8 AM–9 PM], Saturday(2026-09-05): [8 AM–9 PM], Sunday(2026-09-06): [8 AM–9 PM], Monday(2026-09-07): [8 AM–9 PM], Tuesday(2026-09-08): [8 AM–9 PM]",https://www.google.com/search?kgmid=/g/12qhdwn9r,/g/12qhdwn9r,https://www.google.com/maps?cid=14051783516645355985,ChIJp1WerDVCzoAR0fFVqqj2AcM,,,,,,,,"Restaurant  Laughlin, US"
Subway,"1900 S Casino Dr, Laughlin, NV 89029",1900 S Casino Dr,"Laughlin, NV 89029","Sandwich shop, Caterer, Fast food restaurant, Takeout Restaurant, Restaurant","Accessibility: [Wheelchair accessible entrance, Wheelchair accessible parking lot, Wheelchair accessible restroom, Wheelchair accessible seating]",(702) 298-3586,"(702) 298-3586, +1 702-298-3586",YES,Subway (Owner),104281443374860759461,https://www.google.com/maps/contrib/104281443374860759461,180,3.9,"https://search.google.com/local/reviews?placeid=ChIJObu3SKtDzoAR3VJ57M0dZFM&q=Restaurant++Laughlin,+US&authuser=0&hl=en&gl=US",6008960573091959517,0x80ce43ab48b7bb39:0x53641dcdec7952dd,35.163592799999996,-114.5718821,https://lh3.googleusercontent.com/gps-cs-s/AHRPTWl2ObFKIUXR3SpY6DS-RdQa_nuw4jkbNqjiLMyz8t9ts8aH8Z0gXt4-JHKRmzbEvky3ZWP9535reWqlf-fhEdA1Gi0xhYqHD1IuSBJ_iz86sHtLNdUPXTzMLlUeKNjicTZzY1oU=w408-h306-k-no,America/Los_Angeles,restaurants.subway.com/united-states/nv/laughlin/1900-s-casino-dr?utm_source=yxt-goog&utm_medium=local&utm_term=acq&utm_content=26755&utm_campaign=evergreen-2020&y_source=1_MTQ5MDM5MDctNzE1LWxvY2F0aW9uLndlYnNpdGU%3D,restaurants.subway.com,"Wednesday(2026-09-02): [Open 24 hours], Thursday(2026-09-03): [Open 24 hours], Friday(2026-09-04): [Open 24 hours], Saturday(2026-09-05): [Open 24 hours], Sunday(2026-09-06): [Open 24 hours], Monday(2026-09-07): [Open 24 hours], Tuesday(2026-09-08): [Open 24 hours]",https://www.google.com/search?kgmid=/g/1tdnfjss,/g/1tdnfjss,https://www.google.com/maps?cid=6008960573091959517,ChIJObu3SKtDzoAR3VJ57M0dZFM,,,,,,,,"Restaurant  Laughlin, US"
Popeyes Louisiana Kitchen,"2350 Miracle Mile Ste 150, Bullhead City, AZ 86442",2350 Miracle Mile Ste 150,"Bullhead City, AZ 86442","Chicken restaurant, Fast food restaurant, Restaurant","Accessibility: [Wheelchair accessible entrance, Wheelchair accessible parking lot, Wheelchair accessible restroom, Wheelchair accessible seating]",(928) 201-3490,"(928) 201-3490, +1 928-201-3490",YES,Popeyes Louisiana Kitchen (Owner),105515327401720932667,https://www.google.com/maps/contrib/105515327401720932667,174,3.1,"https://search.google.com/local/reviews?placeid=ChIJWW2wfwdBzoARsRxvK2vSgmA&q=Restaurant++Laughlin,+US&authuser=0&hl=en&gl=US",6954352132345502897,0x80ce41077fb06d59:0x6082d26b2b6f1cb1,35.1029976,-114.59710009999999,https://lh3.googleusercontent.com/gps-cs-s/AHRPTWnZ6N7eCw1K7-we04f3N02IylRWFq166RzvR_X3_w7TRoM--Tns4cHDK0wlnZrocNgM_XDilzE0PGeQYjcRlCDR_0JN8ySzweBIZA08vYqeo2TySpANoYeZQfg2mi8T-gG2PpQn=w426-h240-k-no,America/Phoenix,www.popeyes.com/store-locator/store/restaurant_241596,www.popeyes.com,"Wednesday(2026-09-02): [8:30 AM–12 AM], Thursday(2026-09-03): [8:30 AM–12 AM], Friday(2026-09-04): [8:30 AM–12 AM], Saturday(2026-09-05): [8:30 AM–12 AM], Sunday(2026-09-06): [8:30 AM–12 AM], Monday(2026-09-07): [8:30 AM–12 AM], Tuesday(2026-09-08): [8:30 AM–12 AM]",https://www.google.com/search?kgmid=/g/11t74b7n0g,/g/11t74b7n0g,https://www.google.com/maps?cid=6954352132345502897,ChIJWW2wfwdBzoARsRxvK2vSgmA,,,,,,,,"Restaurant  Laughlin, US"
Humberto's Mexican Food,"3030 Needles Hwy #1100, Laughlin, NV 89029",3030 Needles Hwy #1100,"Laughlin, NV 89029",Mexican restaurant,,(702) 757-4117,"(702) 757-4117, +1 702-757-4117",NO,Humberto's Mexican Food (Owner),,,339,3.9,"https://search.google.com/local/reviews?placeid=ChIJzUAamHZEzoARzJkV7pzL0PI&q=Restaurant++Laughlin,+US&authuser=0&hl=en&gl=US",17496708427204106700,0x80ce4476981a40cd:0xf2d0cb9cee1599cc,35.1422145,-114.62267,https://lh3.googleusercontent.com/gps-cs-s/AHRPTWlTv2PaB2L8ypl8NCM2iWSFSnJ76URE4QsjLL-gEBzvX3nEz6hfo_dvtEgaPfv9-vRYNuObWln-gwEeNLagocclhe1ApqiK-Qc4QDLefRQ9L3nTgjMpdS-P1zg4HG0df5bkPSbn=w408-h544-k-no,America/Los_Angeles,,,,https://www.google.com/search?kgmid=/g/1tp_6p8s,/g/1tp_6p8s,https://www.google.com/maps?cid=17496708427204106700,ChIJzUAamHZEzoARzJkV7pzL0PI,,,,,,,,"Restaurant  Laughlin, US"
Katherine Landing at Lake Mohave Marina,"2690 Katherine Spur, Bullhead City, AZ 86429",2690 Katherine Spur,"Bullhead City, AZ 86429","Restaurant, Boat rental service, Motel, Marina, RV park, Storage facility","Accessibility: [Wheelchair accessible entrance, Wheelchair accessible parking lot]",(928) 754-3245,"(928) 754-3245, +1 928-754-3245",YES,Katherine Landing at Lake Mohave Marina (Owner),113365922233545258083,https://www.google.com/maps/contrib/113365922233545258083,1284,4.5,"https://search.google.com/local/reviews?placeid=ChIJ7TOHNCZ7zoARFG533mkozpM&q=Restaurant++Laughlin,+US&authuser=0&hl=en&gl=US",10650494603946847764,0x80ce7b26348733ed:0x93ce2869de776e14,35.218556,-114.56557989999999,https://lh3.googleusercontent.com/gps-cs-s/AHRPTWmVR09rl3s82bbG_ZB2uhO8mrJQpR8fRb4tPcGHtDvObqwPhzO5JJ21vmSV6bWo_4ic9w5R4CmnjEcv7AC5l6natSSgE0ZAUlyxLR3jOgKG16_ml1j0niLH0hQmfBbUw7MWfGeN=w408-h271-k-no,America/Phoenix,www.katherinelanding.com/,www.katherinelanding.com,,https://www.google.com/search?kgmid=/g/1tpf7dph,/g/1tpf7dph,https://www.google.com/maps?cid=10650494603946847764,ChIJ7TOHNCZ7zoARFG533mkozpM,,,,,,,,"Restaurant  Laughlin, US"
Panda Express,"1900 S Casino Dr, Laughlin, NV 89029",1900 S Casino Dr,"Laughlin, NV 89029","Chinese restaurant, Asian restaurant, Caterer, Chinese noodle restaurant, Chinese takeaway, Delivery Chinese restaurant, Fast food restaurant, Takeout Restaurant, Restaurant, Wok restaurant","Accessibility: [Wheelchair accessible entrance, Wheelchair accessible parking lot, Wheelchair accessible restroom, Wheelchair accessible seating]",(702) 760-8797,"(702) 760-8797, +1 702-760-8797",YES,Panda Express (Owner),110257723142883763351,https://www.google.com/maps/contrib/110257723142883763351,203,3.7,"https://search.google.com/local/reviews?placeid=ChIJObu3SKtDzoARQNNfSrjxXac&q=Restaurant++Laughlin,+US&authuser=0&hl=en&gl=US",12060061150992126784,0x80ce43ab48b7bb39:0xa75df1b84a5fd340,35.1675892,-114.56564329999999,https://lh3.googleusercontent.com/gps-cs-s/AHRPTWl_5ZRrW3oOG6OueGke89hxyWfhJUJkBo_otT1177Pbn69TGfRthEsr8n-uCyXZhA8V9INwITto1nq1a-Ko8h5oMPZf8AZ_sDOaM08h0cOoOjoGwx7DbSy8jEDIigaGbqTE_mQ=w408-h306-k-no,America/Phoenix,www.pandaexpress.com/locations/nv/laughlin/5120?utm_source=google_gbp&utm_medium=organic&utm_campaign=websitelink,www.pandaexpress.com,"Wednesday(2026-09-02): [12–9:30 PM], Thursday(2026-09-03): [12–9:30 PM], Friday(2026-09-04): [11 AM–12 AM], Saturday(2026-09-05): [11 AM–12 AM], Sunday(2026-09-06): [11 AM–9:30 PM], Monday(2026-09-07): [12–9:30 PM], Tuesday(2026-09-08): [12–9:30 PM]",https://www.google.com/search?kgmid=/g/1tgpsx94,/g/1tgpsx94,https://www.google.com/maps?cid=12060061150992126784,ChIJObu3SKtDzoARQNNfSrjxXac,,,,,,,,"Restaurant  Laughlin, US"
Sbarro,"10000 Aha Macav Pkwy, Laughlin, NV 89029",10000 Aha Macav Pkwy,"Laughlin, NV 89029","Pizza restaurant, Caterer, Fast food restaurant, Italian restaurant, Takeout Restaurant, Pasta shop, Pizza delivery, Pizza Takeout","Accessibility: [Wheelchair accessible entrance, Wheelchair accessible parking lot, Wheelchair accessible restroom, Wheelchair accessible seating]",(702) 535-4915,"(702) 535-4915, +1 702-535-4915",YES,Sbarro (Owner),100686719495298672970,https://www.google.com/maps/contrib/100686719495298672970,43,4.2,"https://search.google.com/local/reviews?placeid=ChIJQxNEw5c4zoARRo6Xn-IVq_Q&q=Restaurant++Laughlin,+US&authuser=0&hl=en&gl=US",17630209229356240454,0x80ce3897c3441343:0xf4ab15e29f978e46,35.015439,-114.641392,https://lh3.googleusercontent.com/gps-cs-s/AHRPTWln3l072OqvXqmMyYFRIbmGbhDUfoNgT0WxV8mQ4YFWCqZG4ZWTI3xWwLQqyjdllPwfVXpkx0Q97RAFYfrGLYrhHglXzqE2k1Es4H6iK7Pm8ESLBhX6c-6ShcSuHyT8QN4ABoqR=w426-h240-k-no,America/Los_Angeles,sbarro.com/,sbarro.com,"Wednesday(2026-09-02): [10 AM–9 PM], Thursday(2026-09-03): [10 AM–9 PM], Friday(2026-09-04): [10 AM–10 PM], Saturday(2026-09-05): [10 AM–10 PM], Sunday(2026-09-06): [10 AM–9 PM], Monday(2026-09-07): [10 AM–9 PM], Tuesday(2026-09-08): [10 AM–9 PM]",https://www.google.com/search?kgmid=/g/1thw2f8n,/g/1thw2f8n,https://www.google.com/maps?cid=17630209229356240454,ChIJQxNEw5c4zoARRo6Xn-IVq_Q,,,,,,,,"Restaurant  Laughlin, US"
Spa At Laughlin Ranch,"1360 William Hardy Dr, Bullhead City, AZ 86429",1360 William Hardy Dr,"Bullhead City, AZ 86429",Day spa,"Accessibility: [Wheelchair accessible entrance, Wheelchair accessible parking lot, Wheelchair accessible restroom]",(928) 754-4050,"(928) 754-4050, +1 928-754-4050",YES,Spa At Laughlin Ranch (Owner),103076734525095238351,https://www.google.com/maps/contrib/103076734525095238351,94,4.4,"https://search.google.com/local/reviews?placeid=ChIJifVA1QFCzoARITVmsMGh4GA&q=Restaurant++Laughlin,+US&authuser=0&hl=en&gl=US",6980757275684517153,0x80ce4201d540f589:0x60e0a1c1b0663521,35.138557399999996,-114.5261764,https://lh3.googleusercontent.com/gps-cs-s/AHRPTWlz6_braUPetAzXGyKXrxmqTq2PgPX4FsULPqYClOMXLnj77oLxtXXoKM7pmRKt-SXXiuOugMr7qVcUHij1YgjobXkk9jSU4_me5PWptLRdfvFyq9E4Kr4T8obI2yktHAhL4Ewg=w408-h544-k-no,America/Phoenix,www.laughlinranch.com/,www.laughlinranch.com,"Wednesday(2026-09-02): [8 AM–4 PM], Thursday(2026-09-03): [8 AM–4 PM], Friday(2026-09-04): [8 AM–4 PM], Saturday(2026-09-05): [8 AM–4 PM], Sunday(2026-09-06): [8 AM–3 PM], Monday(2026-09-07): [8 AM–3 PM], Tuesday(2026-09-08): [8 AM–3 PM]",https://www.google.com/search?kgmid=/g/1tg4x3kp,/g/1tg4x3kp,https://www.google.com/maps?cid=6980757275684517153,ChIJifVA1QFCzoARITVmsMGh4GA,,,,,,,,"Restaurant  Laughlin, US"
Pro-Fit-Kitchin,"2350 Miracle Mile Suite 306, Bullhead City, AZ 86442",2350 Miracle Mile Suite 306,"Bullhead City, AZ 86442",Restaurant,Accessibility: [Wheelchair accessible entrance],(928) 278-4220,"(928) 278-4220, +1 928-278-4220",YES,Pro-Fit-Kitchin (Owner),112510530307370777590,https://www.google.com/maps/contrib/112510530307370777590,188,4.7,"https://search.google.com/local/reviews?placeid=ChIJqUBASYxBzoARv_gWdAElZlw&q=Restaurant++Laughlin,+US&authuser=0&hl=en&gl=US",6658049787286714559,0x80ce418c494040a9:0x5c6625017416f8bf,35.101518,-114.59478999999999,https://lh3.googleusercontent.com/gps-cs-s/AHRPTWkjXUybMvUSt-jnYs2ePlcrdf6o1X3fttWvAt14tJZKTkYgezlQUCvKuYFQXLSnYUKt8lTM9FWoytldrZjRHyo5NF29GeWUv6NlDyRGaeNJGoCwAh1cjDTk6Y4s1kKOnupIZQVe=w426-h240-k-no,America/Phoenix,www.profitkitchin.com/,www.profitkitchin.com,,https://www.google.com/search?kgmid=/g/11mtd0n6jm,/g/11mtd0n6jm,https://www.google.com/maps?cid=6658049787286714559,ChIJqUBASYxBzoARv_gWdAElZlw,,,,,,,,"Restaurant  Laughlin, US"
Rilibertos mexican food,"1751 AZ-95, Bullhead City, AZ 86442",1751 AZ-95,"Bullhead City, AZ 86442","Mexican restaurant, Fast food restaurant","Accessibility: [Wheelchair accessible entrance, Wheelchair accessible parking lot, Wheelchair accessible restroom, Wheelchair accessible seating]",(928) 758-3359,"(928) 758-3359, +1 928-758-3359",YES,Rilibertos mexican food (Owner),113993033972990592325,https://www.google.com/maps/contrib/113993033972990592325,727,3.9,"https://search.google.com/local/reviews?placeid=ChIJtcXFX2JBzoARB9OYgVemrAI&q=Restaurant++Laughlin,+US&authuser=0&hl=en&gl=US",192711778836730631,0x80ce41625fc5c5b5:0x2aca6578198d307,35.1217942,-114.58684149999999,https://lh3.googleusercontent.com/gps-cs-s/AHRPTWmK1Gn_cjZ-99kPGgzOL5M6QB5AxQOIiWEwRp1w6Hdh_EzWhpyQ9gorU7CJkjR_c7RuTzQ2NQ7Vt7QZ2ElNUBtEro_5ViUlSidkji5tJjHklkqPoDnSZAtZXVeXqVn_I9X2d7JdDQ=w426-h240-k-no,America/Phoenix,www.rilibertos.com/,www.rilibertos.com,"Wednesday(2026-09-02): [7 AM–10 PM], Thursday(2026-09-03): [7 AM–10 PM], Friday(2026-09-04): [7 AM–12 AM], Saturday(2026-09-05): [7 AM–12 AM], Sunday(2026-09-06): [7 AM–12 AM], Monday(2026-09-07): [7 AM–10 PM], Tuesday(2026-09-08): [7 AM–10 PM]",https://www.google.com/search?kgmid=/g/11b7yprdv8,/g/11b7yprdv8,https://www.google.com/maps?cid=192711778836730631,ChIJtcXFX2JBzoARB9OYgVemrAI,,,,,,,,"Restaurant  Laughlin, US"
Wienerschnitzel,"2840 AZ-95 Unit 200, Bullhead City, AZ 86442",2840 AZ-95 Unit 200,"Bullhead City, AZ 86442","Fast food restaurant, American restaurant, Hot dog restaurant, Ice cream shop, Restaurant","Accessibility: [Wheelchair accessible entrance, Wheelchair accessible parking lot, Wheelchair accessible restroom, Wheelchair accessible seating]",(928) 704-4515,"(928) 704-4515, +1 928-704-4515",YES,Wienerschnitzel (Owner),110372998812062818476,https://www.google.com/maps/contrib/110372998812062818476,1058,4.1,"https://search.google.com/local/reviews?placeid=ChIJnaST6iFBzoAR-9TO43Cv5hk&q=Restaurant++Laughlin,+US&authuser=0&hl=en&gl=US",1866371994984830203,0x80ce4121ea93a49d:0x19e6af70e3ced4fb,35.0828299,-114.596666,https://lh3.googleusercontent.com/gps-cs-s/AHRPTWnKzAkmMzcPHYl_iA0Z_dm8opmQhbq6KPUEoVMEFLnbVQbiOTQ8QffyxAnJnlNWEmueBSPYrFSOe3F9PGN89z9yCpQsD6iO7frxc0NgRjhtdyQc7zBnbpfAh9Dc7NmOYCyBZ2TD=w493-h240-k-no,America/Phoenix,www.wienerschnitzel.com/location/713-mhave-valley-mohave-drive-bullhead-city-2840-highway-95-200-bullhead-city-az-86442/?utm_source=google&utm_medium=profiles&utm_campaign=local_profiles,www.wienerschnitzel.com,"Wednesday(2026-09-02): [9 AM–11 PM], Thursday(2026-09-03): [9 AM–11 PM], Friday(2026-09-04): [9 AM–12 AM], Saturday(2026-09-05): [9 AM–12 AM], Sunday(2026-09-06): [9 AM–11 PM], Monday(2026-09-07): [9 AM–11 PM], Tuesday(2026-09-08): [9 AM–11 PM]",https://www.google.com/search?kgmid=/g/1tfzh13p,/g/1tfzh13p,https://www.google.com/maps?cid=1866371994984830203,ChIJnaST6iFBzoAR-9TO43Cv5hk,,,,,,,,"Restaurant  Laughlin, US"
Mojave Resort Golf Club,"9905 Aha Macav Pkwy, Laughlin, NV 89029",9905 Aha Macav Pkwy,"Laughlin, NV 89029","Golf course, Bar, Bar & grill, Golf driving range, Golf instructor, Golf shop, Public golf course","Accessibility: [Wheelchair accessible entrance, Wheelchair accessible parking lot]",(702) 535-4653,"(702) 535-4653, +1 702-535-4653",YES,Mojave Resort Golf Club (Owner),109667037186823254518,https://www.google.com/maps/contrib/109667037186823254518,206,4.4,"https://search.google.com/local/reviews?placeid=ChIJiTPjskBHzoAR6s22m3zAz_A&q=Restaurant++Laughlin,+US&authuser=0&hl=en&gl=US",17352299530702736874,0x80ce4740b2e33389:0xf0cfc07c9bb6cdea,35.0218157,-114.6476867,https://lh3.googleusercontent.com/gps-cs-s/AHRPTWmFEjJgxDOuTh2UOhcH0D55QuHVFnjXtqPXhQvQ-nK9lDzeLciZmwHY5l8jGyx7mYj4A-U_0UPFbCUMUp7_03Dlk_7KXvPfxKEiPL9MswG-2GeMATZ6lPZPsCzckfRr50Yxyaqb=w408-h310-k-no,America/Los_Angeles,www.mojavegolf.com/,www.mojavegolf.com,,https://www.google.com/search?kgmid=/g/1tfc6x3l,/g/1tfc6x3l,https://www.google.com/maps?cid=17352299530702736874,ChIJiTPjskBHzoAR6s22m3zAz_A,,,,,,,,"Restaurant  Laughlin, US"
Riverside Cinema,"1650 S Casino Dr, Laughlin, NV 89029",1650 S Casino Dr,"Laughlin, NV 89029",Movie theater,,(702) 298-2535,,,,,,1298,4.5,"https://search.google.com/local/reviews?placeid=ChIJUeazSlVCzoARtkyZ-rWPiY4&q=Restaurant++Laughlin,+US&authuser=0&hl=en&gl=US",10270898436951329974,0x80ce42554ab3e651:0x8e898fb5fa994cb6,35.167952,-114.57140229999999,,America/Los_Angeles,www.riversideresort.com/riverside-cinemas-6-plex/,www.riversideresort.com,,https://www.google.com/search?kgmid=/g/1w455x6w,/g/1w455x6w,https://www.google.com/maps?cid=10270898436951329974,ChIJUeazSlVCzoARtkyZ-rWPiY4,,,,,,,,"Restaurant  Laughlin, US"
