Name,Fulladdress,Street,Municipality,Categories,About,Phone,Phones,Claimed,Owner,Owner Id,Owner Link,Review Count,Average Rating,Review URL,Cid,Fid,Latitude,Longitude,Featured Image,Time Zone,Website,Domain,Opening Hours,Google Knowledge URL,Kgmid,Google Maps URL,Place Id,Emails,Facebook Links,Instagram Links,Youtube Links,Tiktok Links,Linkedin Links,Twitter Links,Search Keyword
Brave New Restaurant,"2300 Cottondale Ln #105, Little Rock, AR 72202",2300 Cottondale Ln #105,"Little Rock, AR 72202","New American restaurant, American restaurant, Restaurant","Service options: [Outdoor seating, Curbside pickup, Delivery, Onsite services, Takeout, Dine-in], Highlights: [Fast service, Great beer selection, Great cocktails, Great coffee, Great dessert, Great wine list, Serves local specialty], Popular for: [Lunch, Dinner, Solo dining], Accessibility: [Wheelchair accessible entrance, Wheelchair accessible parking lot, Wheelchair accessible restroom, Wheelchair accessible seating], Offerings: [Alcohol, Beer, Cocktails, Coffee, Hard liquor, Healthy options, Private dining room, Small plates, Vegetarian options, Wine], Dining options: [Lunch, Dinner, Catering, Dessert, Seating, Table service], Amenities: [Bar onsite, Restroom], Atmosphere: [Cozy, Quiet, Romantic, Trendy, Upscale], Crowd: [Family-friendly, Groups], Planning: [Dinner reservations recommended, Accepts reservations], Payments: [Credit cards, Debit cards, NFC mobile payments, Credit cards], Children: [Good for kids, High chairs], Parking: [Free parking lot, Free street parking, Parking], Pets: [Dogs allowed inside, Dogs allowed outside]",(501) 663-2677,"(501) 663-2677, +1 501-663-2677",YES,Brave New Restaurant (Owner),102035560846821902850,https://www.google.com/maps/contrib/102035560846821902850,1027,4.7,"https://search.google.com/local/reviews?placeid=ChIJsaarCa280ocR0V72hAmDZrQ&q=Restaurant++Little+Rock,+US&authuser=0&hl=en&gl=US",12999221451360198353,0x87d2bcad09aba6b1:0xb466830984f65ed1,34.761648099999995,-92.30003459999999,https://lh3.googleusercontent.com/gps-cs-s/AHRPTWmB2s-Fzkt7LCfmj54HQRIzE1ajpm6Gn58l3ClihpuWt-jmeT4wdQ8RfGbbM3yeF71RzJlyyEShipJvRtPnPwC2pT-YE1kTRkUMsHg1D9VplRkFNzc9-vIeOM3aYjoUdrVq6bcelg=w408-h306-k-no,America/Chicago,www.bravenewrestaurant.com/,www.bravenewrestaurant.com,"Thursday(2026-09-03): [11 AM–2 PM, 5–9 PM], Friday(2026-09-04): [11 AM–2 PM, 5–10 PM], Saturday(2026-09-05): [5–10 PM], Sunday(2026-09-06): [Closed], Monday(2026-09-07): [Closed], Tuesday(2026-09-08): [11 AM–2 PM, 5–9 PM], Wednesday(2026-09-09): [11 AM–2 PM, 5–9 PM]",https://www.google.com/search?kgmid=/g/1tn01s10,/g/1tn01s10,https://www.google.com/maps?cid=12999221451360198353,ChIJsaarCa280ocR0V72hAmDZrQ,,,,,,,,"Restaurant  Little Rock, US"
The Pantry Restaurant,"11401 N Rodney Parham Rd, Little Rock, AR 72212",11401 N Rodney Parham Rd,"Little Rock, AR 72212",European restaurant,"Service options: [Outdoor seating, Onsite services, Takeout, Dine-in], Highlights: [Fast service, Great beer selection, Great cocktails, Great coffee, Great dessert, Great wine list, Serves local specialty], Popular for: [Lunch, Dinner, Solo dining], Accessibility: [Wheelchair accessible entrance, Wheelchair accessible parking lot, Wheelchair accessible restroom, Wheelchair accessible seating], Offerings: [Alcohol, Beer, Cocktails, Coffee, Comfort food, Happy hour drinks, Happy hour food, Hard liquor, Healthy options, Late-night food, Organic dishes, Small plates, Vegan options, Vegetarian options, Wine], Dining options: [Lunch, Dinner, Catering, Dessert, Seating, Table service], Amenities: [Bar onsite, Restroom], Atmosphere: [Casual, Cozy, Romantic, Trendy, Upscale], Crowd: [Groups, Tourists], Planning: [Accepts reservations], Payments: [Credit cards, Debit cards, NFC mobile payments, Credit cards], Children: [High chairs], Parking: [Free parking lot, Free street parking, Paid parking lot, Parking], Pets: [Dogs allowed outside]",(501) 353-1875,"(501) 353-1875, +1 501-353-1875",YES,The Pantry Restaurant (Owner),106924970138356222692,https://www.google.com/maps/contrib/106924970138356222692,1416,4.7,"https://search.google.com/local/reviews?placeid=ChIJvbVYBECh0ocRVqX8T_TmYhw&q=Restaurant++Little+Rock,+US&authuser=0&hl=en&gl=US",2045451117767992662,0x87d2a1400458b5bd:0x1c62e6f44ffca556,34.7718142,-92.40074899999999,https://lh3.googleusercontent.com/gps-cs-s/AHRPTWm0FtklucTl7i4LtvPCmBK33_ldcqcHg3_lUPeV5ftNB7AyuNS_J9fVoQsx_gfOyd4biCFFtqnylhpCt4amkN11Ea2orpyUcGVyxt3npNSLhIiXF2UEIsCbsjsdP7qNQTh-EMU=w426-h240-k-no,America/Chicago,www.littlerockpantry.com/,www.littlerockpantry.com,"Thursday(2026-09-03): [11 AM–10 PM], Friday(2026-09-04): [11 AM–11 PM], Saturday(2026-09-05): [4–11 PM], Sunday(2026-09-06): [Closed], Monday(2026-09-07): [11 AM–10 PM], Tuesday(2026-09-08): [11 AM–10 PM], Wednesday(2026-09-09): [11 AM–10 PM]",https://www.google.com/search?kgmid=/g/12jm0r6my,/g/12jm0r6my,https://www.google.com/maps?cid=2045451117767992662,ChIJvbVYBECh0ocRVqX8T_TmYhw,,,,,,,,"Restaurant  Little Rock, US"
Sullivan's Steakhouse,"17707 Chenal Pkwy, Little Rock, AR 72223",17707 Chenal Pkwy,"Little Rock, AR 72223","Steak house, American restaurant, Bar, Bar & grill, Fine dining restaurant","Service options: [Outdoor seating, Curbside pickup, No-contact delivery, Delivery, Onsite services, Takeout, Dine-in], Highlights: [Great beer selection, Great cocktails, Great dessert, Great wine list, Live music], Popular for: [Lunch, Dinner, Solo dining], Accessibility: [Wheelchair accessible entrance, Wheelchair accessible parking lot, Wheelchair accessible restroom, Wheelchair accessible seating, Assistive hearing loop], Offerings: [Alcohol, Beer, Cocktails, Coffee, Comfort food, Happy hour drinks, Happy hour food, Hard liquor, Healthy options, Late-night food, Private dining room, Small plates, Vegetarian options, Wine], Dining options: [Brunch, Lunch, Dinner, Catering, Dessert, Seating, Table service], Amenities: [Bar onsite, Restroom, Wi-Fi, Wi-Fi], Atmosphere: [Casual, Cozy, Quiet, Romantic, Trendy, Upscale], Crowd: [Family-friendly, Groups, LGBTQ+ friendly, Tourists, Transgender safespace], Planning: [Dinner reservations recommended, Accepts reservations], Payments: [Credit cards, Debit cards, NFC mobile payments], Children: [Good for kids, High chairs, Kids' menu], Parking: [Free parking lot, Free street parking, Parking]",(501) 817-3971,"(501) 817-3971, +1 501-817-3971",YES,Sullivan's Steakhouse (Owner),109627837250112475103,https://www.google.com/maps/contrib/109627837250112475103,3020,4.7,"https://search.google.com/local/reviews?placeid=ChIJ4QUH2Wuh0ocRAfVfAeGCg_4&q=Restaurant++Little+Rock,+US&authuser=0&hl=en&gl=US",18339646010485110017,0x87d2a16bd90705e1:0xfe8382e1015ff501,34.7672038,-92.4573626,https://lh3.googleusercontent.com/gps-cs-s/AHRPTWlZvz8dJfnvAST88UEO7u6l1SoFhx7zd-8SiwDBq98MiPfmh-5bs-4bWx_mXnmFqiHTO8iB65fhix7pNccjJDaUZQASFhRZf2xmISti3SEQOTZ1U17dKKkr9gMNqNvhJt512p4wsw=w408-h306-k-no,America/Chicago,www.sullivanssteakhouse.com/little-rock/,www.sullivanssteakhouse.com,"Thursday(2026-09-03): [11 AM–10 PM], Friday(2026-09-04): [11 AM–11 PM], Saturday(2026-09-05): [11 AM–11 PM], Sunday(2026-09-06): [11 AM–10 PM], Monday(2026-09-07): [11 AM–10 PM], Tuesday(2026-09-08): [11 AM–10 PM], Wednesday(2026-09-09): [11 AM–10 PM]",https://www.google.com/search?kgmid=/g/11rmwr1s6p,/g/11rmwr1s6p,https://www.google.com/maps?cid=18339646010485110017,ChIJ4QUH2Wuh0ocRAfVfAeGCg_4,,,,,,,,"Restaurant  Little Rock, US"
Rex's Restaurant,"1501 Main St Ste J, Little Rock, AR 72202",1501 Main St Ste J,"Little Rock, AR 72202","Restaurant, Bistro, Diner","Service options: [No-contact delivery, Delivery, Onsite services, Takeout, Dine-in], Highlights: [Fast service, Great beer selection, Great cocktails, Serves local specialty], Popular for: [Lunch, Dinner, Solo dining], Accessibility: [Wheelchair accessible entrance, Wheelchair accessible restroom, Wheelchair accessible seating], Offerings: [Alcohol, Beer, Cocktails, Coffee, Comfort food, Happy hour drinks, Happy hour food, Hard liquor, Small plates, Vegan options, Vegetarian options, Wine], Dining options: [Brunch, Lunch, Dinner, Catering, Dessert, Seating, Table service], Amenities: [Bar onsite, Restroom], Atmosphere: [Casual, Cozy, Trendy], Crowd: [Family-friendly, Groups, LGBTQ+ friendly, Tourists, Transgender safespace], Planning: [Accepts reservations], Payments: [Credit cards, Debit cards, NFC mobile payments, Credit cards], Children: [Kids' menu], Parking: [Free parking lot, Free street parking, Parking]",(501) 295-4457,"(501) 295-4457, +1 501-295-4457",YES,Rex's Restaurant (Owner),115201633559802634656,https://www.google.com/maps/contrib/115201633559802634656,130,4.8,"https://search.google.com/local/reviews?placeid=ChIJrYhF_a-70ocRJGGJ0uRxypI&q=Restaurant++Little+Rock,+US&authuser=0&hl=en&gl=US",10577391902431732004,0x87d2bbaffd4588ad:0x92ca71e4d2896124,34.734040799999995,-92.2727558,https://lh3.googleusercontent.com/gps-cs-s/AHRPTWlKpGA_5Mp4zdfy7CuS7JR0ocJbsheJvmmfagz-wOOc4RwAhi1tzCZb7Nclac1MVC-tbXfSgRNd_5U7EHDVIhpGanwPbEHlLUxzcXKT_fnM4I97pvHcvvoenP-RTs30556wrJ4hv0w7-ysv=w426-h240-k-no,America/Chicago,www.rexsrestaurant.com/,www.rexsrestaurant.com,"Thursday(2026-09-03): [5–9 PM], Friday(2026-09-04): [5–10 PM], Saturday(2026-09-05): [11 AM–2:30 PM, 5–10 PM], Sunday(2026-09-06): [11 AM–2:30 PM, 5–9 PM], Monday(2026-09-07): [Closed], Tuesday(2026-09-08): [Closed], Wednesday(2026-09-09): [5–9 PM]",https://www.google.com/search?kgmid=/g/11xfpph6vv,/g/11xfpph6vv,https://www.google.com/maps?cid=10577391902431732004,ChIJrYhF_a-70ocRJGGJ0uRxypI,,,,,,,,"Restaurant  Little Rock, US"
George's Little Rock,"5510 Kavanaugh Blvd, Little Rock, AR 72207",5510 Kavanaugh Blvd,"Little Rock, AR 72207",Italian restaurant,"Service options: [Outdoor seating, Onsite services, Takeout, Dine-in, Delivery], Highlights: [Great cocktails, Great dessert, Great wine list, Serves local specialty], Popular for: [Dinner, Solo dining], Accessibility: [Wheelchair accessible entrance, Wheelchair accessible parking lot, Wheelchair accessible restroom, Wheelchair accessible seating], Offerings: [Alcohol, Beer, Cocktails, Coffee, Comfort food, Hard liquor, Small plates, Wine], Dining options: [Dinner, Dessert, Seating, Table service], Amenities: [Bar onsite, Restroom], Atmosphere: [Cozy, Romantic, Trendy, Upscale], Crowd: [Tourists], Planning: [Dinner reservations recommended, Accepts reservations, Usually a wait], Payments: [Credit cards, Debit cards, NFC mobile payments, Credit cards], Parking: [Free street parking, Parking]",(501) 353-2239,"(501) 353-2239, +1 501-353-2239",YES,George's Little Rock (Owner),108552948570935004905,https://www.google.com/maps/contrib/108552948570935004905,317,4.6,"https://search.google.com/local/reviews?placeid=ChIJyyWONXKj0ocRka5NVVCn4Fg&q=Restaurant++Little+Rock,+US&authuser=0&hl=en&gl=US",6404302633591221905,0x87d2a372358e25cb:0x58e0a750554dae91,34.7704342,-92.33543329999999,https://lh3.googleusercontent.com/gps-cs-s/AHRPTWlGTwsp03NavPoYmCLHeeg_f8PdtzRDvZyZqEIqVTQF4iY0RIAUIE3w5e5Gs08fTlIgQhrpGFJGaQsl7fDopzUSvTBEDAxXhq88rQkAXcYtdkVcnp9pr8t39cW6FMi_0CtC1076=w408-h544-k-no,America/Chicago,www.georgeslittlerock.com/,www.georgeslittlerock.com,"Thursday(2026-09-03): [5–10 PM], Friday(2026-09-04): [5–10 PM], Saturday(2026-09-05): [5–10 PM], Sunday(2026-09-06): [5–10 PM], Monday(2026-09-07): [Closed], Tuesday(2026-09-08): [Closed], Wednesday(2026-09-09): [5–10 PM]",https://www.google.com/search?kgmid=/g/11v3mzx44f,/g/11v3mzx44f,https://www.google.com/maps?cid=6404302633591221905,ChIJyyWONXKj0ocRka5NVVCn4Fg,,,,,,,,"Restaurant  Little Rock, US"
The Root Cafe,"1500 Main St, Little Rock, AR 72202",1500 Main St,"Little Rock, AR 72202","American restaurant, Cafe, Hamburger restaurant, Sandwich shop, Vegetarian restaurant","Service options: [Outdoor seating, Delivery, Onsite services, Takeout, Dine-in], Highlights: [Fast service, Great coffee, Great dessert, Great tea selection, Serves local specialty], Popular for: [Breakfast, Lunch, Dinner, Solo dining], Accessibility: [Wheelchair accessible entrance, Wheelchair accessible parking lot, Wheelchair accessible restroom, Wheelchair accessible seating], Offerings: [Alcohol, Beer, Cocktails, Coffee, Comfort food, Hard liquor, Healthy options, Organic dishes, Prepared foods, Quick bite, Small plates, Vegan options, Vegetarian options, Wine], Dining options: [Breakfast, Brunch, Lunch, Dinner, Catering, Counter service, Dessert, Seating, Table service], Amenities: [Gender-neutral restroom, Restroom, Wi-Fi, Wi-Fi], Atmosphere: [Casual, Cozy, Quiet, Trendy], Crowd: [College students, Family-friendly, Groups, LGBTQ+ friendly, Tourists, Transgender safespace], Planning: [Accepts reservations, Usually a wait], Payments: [Checks, Credit cards, Debit cards, NFC mobile payments, Credit cards], Children: [Good for kids, Has changing table(s), High chairs, Kids' menu], Parking: [Free parking lot, Free street parking, On-site parking, Paid street parking, Parking], Pets: [Dogs allowed, Dogs allowed outside]",(501) 414-0423,"(501) 414-0423, +1 501-414-0423",YES,The Root Cafe (Owner),109802686043796491613,https://www.google.com/maps/contrib/109802686043796491613,3484,4.6,"https://search.google.com/local/reviews?placeid=ChIJg0GAiG270ocRuH_PteZeGh0&q=Restaurant++Little+Rock,+US&authuser=0&hl=en&gl=US",2097092921480150968,0x87d2bb6d88804183:0x1d1a5ee6b5cf7fb8,34.7342088,-92.27350469999999,https://lh3.googleusercontent.com/gps-cs-s/AHRPTWlUSKMRAs8LvEFudIxpxOWOojmKTRAk9hzTQI6yikiIPVJqXVja6jytQpyQtbn2idNQYwvbwBeDOItVn_FL_dpyjgBlPS9LE7nbM5zNsibEulNPJBnJZXrJRTL97hXoVAFaUuA=w408-h306-k-no,America/Chicago,www.therootcafe.com/,www.therootcafe.com,"Thursday(2026-09-03): [8 AM–8 PM], Friday(2026-09-04): [8 AM–8 PM], Saturday(2026-09-05): [8 AM–8 PM], Sunday(2026-09-06): [8 AM–8 PM], Monday(2026-09-07): [Closed], Tuesday(2026-09-08): [8 AM–8 PM], Wednesday(2026-09-09): [8 AM–8 PM]",https://www.google.com/search?kgmid=/g/1tjyp7lk,/g/1tjyp7lk,https://www.google.com/maps?cid=2097092921480150968,ChIJg0GAiG270ocRuH_PteZeGh0,,,,,,,,"Restaurant  Little Rock, US"
1916 Chop House & Spirits,"3610 Kavanaugh Blvd, Little Rock, AR 72205",3610 Kavanaugh Blvd,"Little Rock, AR 72205",Restaurant,"Service options: [Takeout, Dine-in, Delivery], Popular for: [Lunch, Dinner, Solo dining], Accessibility: [Wheelchair accessible entrance, Wheelchair accessible parking lot, Wheelchair accessible restroom, Wheelchair accessible seating], Offerings: [Comfort food, Small plates], Dining options: [Lunch, Dinner, Dessert], Amenities: [Restroom], Atmosphere: [Casual, Cozy, Trendy], Crowd: [Groups], Payments: [Credit cards, Debit cards, NFC mobile payments], Parking: [Free parking lot, Free street parking]",(501) 799-1916,"(501) 799-1916, +1 501-799-1916",YES,1916 Chop House & Spirits (Owner),116846654752768591641,https://www.google.com/maps/contrib/116846654752768591641,13,5,"https://search.google.com/local/reviews?placeid=ChIJBWZzo3Wj0ocROp7PXhzMT5E&q=Restaurant++Little+Rock,+US&authuser=0&hl=en&gl=US",10470812080881507898,0x87d2a375a3736605:0x914fcc1c5ecf9e3a,34.7626209,-92.331232,https://lh3.googleusercontent.com/gps-cs-s/AHRPTWnIXcL-1kFfyMBhHNYTUkghzIWp4JKzn9mF7pGmkMjfAK0jBtW_0qvAfKEY6Khf7Oceye79qZb8a_CTvBtgCBhDz3ckV40NUHuOwiaULurfMHAqY96S1Ivx1jqe1EhtSmjnA0T6zHaUh7I=w408-h544-k-no,America/Chicago,www.1916chophouse.com/,www.1916chophouse.com,"Thursday(2026-09-03): [4–10 PM], Friday(2026-09-04): [4–10 PM], Saturday(2026-09-05): [4–10 PM], Sunday(2026-09-06): [Closed], Monday(2026-09-07): [Closed], Tuesday(2026-09-08): [Closed], Wednesday(2026-09-09): [4–10 PM]",https://www.google.com/search?kgmid=/g/11nj98fvfz,/g/11nj98fvfz,https://www.google.com/maps?cid=10470812080881507898,ChIJBWZzo3Wj0ocROp7PXhzMT5E,,,,,,,,"Restaurant  Little Rock, US"
Allsopp & Chapple Restaurant + Bar,"311 Main St, Little Rock, AR 72201",311 Main St,"Little Rock, AR 72201",Restaurant,"Service options: [Delivery, Onsite services, Takeout, Dine-in], Highlights: [Great beer selection, Great cocktails, Great dessert, Great wine list, Serves local specialty], Popular for: [Dinner, Solo dining], Accessibility: [Wheelchair accessible entrance, Wheelchair accessible parking lot, Wheelchair accessible restroom, Wheelchair accessible seating], Offerings: [Alcohol, Beer, Cocktails, Coffee, Comfort food, Happy hour drinks, Happy hour food, Hard liquor, Healthy options, Small plates, Vegetarian options, Wine], Dining options: [Dinner, Dessert, Seating, Table service], Amenities: [Bar onsite, Gender-neutral restroom, Restroom, Wi-Fi, Wi-Fi], Atmosphere: [Cozy, Quiet, Romantic, Trendy, Upscale], Crowd: [Groups, LGBTQ+ friendly, Tourists], Planning: [Dinner reservations recommended, Accepts reservations], Payments: [Credit cards, Debit cards, NFC mobile payments, Credit cards], Children: [High chairs, Kids' menu], Parking: [Paid parking lot, Parking, Valet parking]",(501) 902-4911,"(501) 902-4911, +1 501-902-4911",YES,Allsopp & Chapple Restaurant + Bar (Owner),105315373153761517217,https://www.google.com/maps/contrib/105315373153761517217,496,4.6,"https://search.google.com/local/reviews?placeid=ChIJe0MTuxu70ocRHwjEaYK-dgk&q=Restaurant++Little+Rock,+US&authuser=0&hl=en&gl=US",681941860922689567,0x87d2bb1bbb13437b:0x976be8269c4081f,34.7456057,-92.270449,https://lh3.googleusercontent.com/gps-cs-s/AHRPTWlBuztdO-4kKQV39mJaaxjlUBa6b22umMGFjYtyvjiWufrSb7G83W1mxZhRkinROuASfYRDVPsnx06Y_aWWN8bYUu6SpPHHZ9kqV3LPvEph7BPpBk2BjoRpLSUXaEp6GmqdVqKR=w408-h309-k-no,America/Chicago,allsoppandchapple.com/,allsoppandchapple.com,"Thursday(2026-09-03): [4–9 PM], Friday(2026-09-04): [4–10 PM], Saturday(2026-09-05): [4–10 PM], Sunday(2026-09-06): [Closed], Monday(2026-09-07): [Closed], Tuesday(2026-09-08): [4–9 PM], Wednesday(2026-09-09): [4–9 PM]",https://www.google.com/search?kgmid=/g/11b7gs7bx9,/g/11b7gs7bx9,https://www.google.com/maps?cid=681941860922689567,ChIJe0MTuxu70ocRHwjEaYK-dgk,,,,,,,,"Restaurant  Little Rock, US"
El Sur Street Food Co,"1214 Main St, Little Rock, AR 72202",1214 Main St,"Little Rock, AR 72202",Restaurant,"From the business: [Identifies as Latino-owned, Identifies as LGBTQ+ owned], Service options: [Onsite services, Takeout, Dine-in, Delivery], Highlights: [Fast service, Great beer selection, Great cocktails, Serves local specialty], Popular for: [Breakfast, Lunch, Dinner, Solo dining], Accessibility: [Wheelchair accessible entrance, Wheelchair accessible parking lot, Wheelchair accessible restroom, Wheelchair accessible seating], Offerings: [Alcohol, Beer, Cocktails, Coffee, Comfort food, Happy hour drinks, Hard liquor, Healthy options, Quick bite, Small plates, Vegan options, Vegetarian options, Wine], Dining options: [Breakfast, Brunch, Lunch, Dinner, Counter service, Dessert, Seating, Table service], Amenities: [Bar onsite, Restroom], Atmosphere: [Casual, Trendy], Crowd: [Family-friendly, Groups, Tourists], Payments: [Credit cards, Debit cards, NFC mobile payments, Credit cards], Children: [Good for kids, High chairs], Parking: [Free parking lot, Free street parking, Paid parking lot, Paid street parking]",(501) 812-3066,"(501) 812-3066, +1 501-812-3066",YES,El Sur Street Food Co (Owner),113798630392230031967,https://www.google.com/maps/contrib/113798630392230031967,591,4.8,"https://search.google.com/local/reviews?placeid=ChIJkZHYwlu70ocRSTMmyapgpGw&q=Restaurant++Little+Rock,+US&authuser=0&hl=en&gl=US",7828488338912195401,0x87d2bb5bc2d89191:0x6ca460aac9263349,34.7367753,-92.2729262,https://lh3.googleusercontent.com/gps-cs-s/AHRPTWmGzCzcET4uQaUxTIxWyNVeJ3tGNWphIeKL58BYZCzyiIOY9SkFdfunH0OQkbMl7ufRcclZbfbfYmQR5qN6DHrAqx_Pt5gq3xp0c0QImh3_DLwrOQ1KLs0uiH5DmBLW5dySzB4qNw=w408-h306-k-no,America/Chicago,www.elsurstreetfoodco.com/,www.elsurstreetfoodco.com,"Thursday(2026-09-03): [11 AM–9 PM], Friday(2026-09-04): [11 AM–10 PM], Saturday(2026-09-05): [11 AM–10 PM], Sunday(2026-09-06): [11 AM–3 PM], Monday(2026-09-07): [11 AM–9 PM], Tuesday(2026-09-08): [Closed], Wednesday(2026-09-09): [11 AM–9 PM]",https://www.google.com/search?kgmid=/g/11j8w09g0b,/g/11j8w09g0b,https://www.google.com/maps?cid=7828488338912195401,ChIJkZHYwlu70ocRSTMmyapgpGw,,,,,,,,"Restaurant  Little Rock, US"
Petit & Keet,"1620 Market St, Little Rock, AR 72211",1620 Market St,"Little Rock, AR 72211","Restaurant, Bar, Bar & grill, Caterer","Service options: [Outdoor seating, Curbside pickup, Onsite services, Takeout, Dine-in], Highlights: [Fast service, Fireplace, Great beer selection, Great cocktails, Great coffee, Great dessert, Great wine list, Serves local specialty, Sports], Popular for: [Dinner, Solo dining], Accessibility: [Wheelchair accessible entrance, Wheelchair accessible parking lot, Wheelchair accessible restroom, Wheelchair accessible seating], Offerings: [Alcohol, Beer, Cocktails, Coffee, Comfort food, Happy hour drinks, Happy hour food, Hard liquor, Healthy options, Late-night food, Private dining room, Small plates, Vegan options, Vegetarian options, Wine], Dining options: [Dinner, Catering, Dessert, Seating, Table service], Amenities: [Bar onsite, Restroom], Atmosphere: [Cozy, Romantic, Trendy, Upscale], Crowd: [Family-friendly, Groups, LGBTQ+ friendly, Tourists, Transgender safespace], Planning: [Dinner reservations recommended, Accepts reservations], Payments: [Credit cards, Debit cards, NFC mobile payments, Credit cards], Children: [Good for kids, High chairs, Kids' menu], Parking: [Free parking lot, Free street parking, Parking, Valet parking], Pets: [Dogs allowed, Dogs allowed outside]",(501) 319-7675,"(501) 319-7675, +1 501-319-7675",YES,Petit & Keet (Owner),114318923550025749640,https://www.google.com/maps/contrib/114318923550025749640,917,4.6,"https://search.google.com/local/reviews?placeid=ChIJd47OA0Gh0ocRnI2cXPIm2ds&q=Restaurant++Little+Rock,+US&authuser=0&hl=en&gl=US",15841735986630135196,0x87d2a14103ce8e77:0xdbd926f25c9c8d9c,34.769481999999996,-92.398466,https://lh3.googleusercontent.com/gps-cs-s/AHRPTWm-lzO6xlHURk7FOztcfDPij2xFIyAXxXrFiA6L6NIMEOFTh3ljuvaQnVOCt2vdU1YUJa2mchaCHdOGGjLMRJtDa_4B-du6RboKuus_sPrcQkT3aboqznArhofvG_GTIOraTa83=w408-h272-k-no,America/Chicago,www.petitandkeet.com/,www.petitandkeet.com,"Thursday(2026-09-03): [4–10 PM], Friday(2026-09-04): [4–11 PM], Saturday(2026-09-05): [4–11 PM], Sunday(2026-09-06): [4–9 PM], Monday(2026-09-07): [4–9 PM], Tuesday(2026-09-08): [4–9 PM], Wednesday(2026-09-09): [4–10 PM]",https://www.google.com/search?kgmid=/g/11ddzl2cr8,/g/11ddzl2cr8,https://www.google.com/maps?cid=15841735986630135196,ChIJd47OA0Gh0ocRnI2cXPIm2ds,,,,,,,,"Restaurant  Little Rock, US"
All Aboard Restaurant & Grill,"6813 Cantrell Rd, Little Rock, AR 72207",6813 Cantrell Rd,"Little Rock, AR 72207","Family restaurant, American restaurant, Fish and chips takeaway, Gluten-free restaurant, Hamburger restaurant, Restaurant, Seafood restaurant, Southern restaurant (US), Vegan restaurant, Vegetarian restaurant","Service options: [Curbside pickup, No-contact delivery, Delivery, Onsite services, Takeout, Dine-in], Highlights: [Fast service], Popular for: [Lunch, Dinner, Solo dining], Accessibility: [Wheelchair accessible entrance, Wheelchair accessible parking lot, Wheelchair accessible restroom, Wheelchair accessible seating], Offerings: [Alcohol, Beer, Coffee, Comfort food, Quick bite, Small plates, Vegan options, Vegetarian options], Dining options: [Lunch, Dinner, Catering, Counter service, Dessert, Seating, Table service], Amenities: [Restroom, Wi-Fi, Wi-Fi], Atmosphere: [Casual, Cozy], Crowd: [Family-friendly, Groups, LGBTQ+ friendly, Tourists, Transgender safespace], Planning: [Accepts reservations], Payments: [Credit cards, Debit cards, NFC mobile payments, Credit cards], Children: [Good for kids, Good for kids birthday, Has changing table(s), High chairs, Kids' menu], Parking: [Free parking lot, Free street parking, Parking]",(501) 975-7401,"(501) 975-7401, +1 501-975-7401",YES,All Aboard Restaurant & Grill (Owner),107037622424657185436,https://www.google.com/maps/contrib/107037622424657185436,1495,4.4,"https://search.google.com/local/reviews?placeid=ChIJBYJvUZej0ocRIrtuG2EvNS0&q=Restaurant++Little+Rock,+US&authuser=0&hl=en&gl=US",3257561999590996770,0x87d2a397516f8205:0x2d352f611b6ebb22,34.767944899999996,-92.3513847,https://lh3.googleusercontent.com/gps-cs-s/AHRPTWlghiLU2YNHMm-UZQFgKdwBf7kkIrPQrQjKnLy69XD7_2AGCYwqoAcGXgzlqtiYwNum0DGY24u0EGiGHLgP2-aG1hiSECDswT3mzbmwvUiHDBqQ5mXRT9Tnmg9HpelCaUxdeue89g=w426-h240-k-no,America/Chicago,www.all-aboardrestaurant.com/,www.all-aboardrestaurant.com,"Thursday(2026-09-03): [10:30 AM–8 PM], Friday(2026-09-04): [10:30 AM–8 PM], Saturday(2026-09-05): [10:30 AM–8 PM], Sunday(2026-09-06): [10:30 AM–8 PM], Monday(2026-09-07): [10:30 AM–8 PM], Tuesday(2026-09-08): [10:30 AM–8 PM], Wednesday(2026-09-09): [10:30 AM–8 PM]",https://www.google.com/search?kgmid=/g/119x0d6n4,/g/119x0d6n4,https://www.google.com/maps?cid=3257561999590996770,ChIJBYJvUZej0ocRIrtuG2EvNS0,,,,,,,,"Restaurant  Little Rock, US"
Stickyz Rock'n'Roll Chicken Shack,"107 River Market Ave, Little Rock, AR 72201",107 River Market Ave,"Little Rock, AR 72201","Chicken restaurant, Live music venue","From the business: [Identifies as women-owned], Service options: [Outdoor seating, No-contact delivery, Delivery, Takeout, Dine-in], Highlights: [Fast service, Great beer selection, Great cocktails, Live music, Serves local specialty, Sports], Popular for: [Lunch, Dinner, Solo dining], Accessibility: [Wheelchair accessible entrance, Wheelchair accessible parking lot, Wheelchair accessible restroom, Wheelchair accessible seating], Offerings: [Alcohol, Beer, Cocktails, Comfort food, Happy hour drinks, Happy hour food, Hard liquor, Late-night food, Quick bite, Small plates, Wine], Dining options: [Brunch, Lunch, Dinner, Catering, Dessert, Seating, Table service], Amenities: [Bar onsite, Gender-neutral restroom, Restroom, Wi-Fi, Wi-Fi], Atmosphere: [Casual, Cozy, Trendy], Crowd: [College students, Family-friendly, Groups, LGBTQ+ friendly, Tourists, Transgender safespace], Planning: [Accepts reservations], Payments: [Credit cards, Debit cards, NFC mobile payments], Children: [Good for kids, High chairs, Kids' menu], Parking: [Free street parking, Paid parking garage, Paid street parking, Parking], Pets: [Dogs allowed, Dogs allowed outside]",(501) 372-7707,"(501) 372-7707, +1 501-372-7707",YES,Stickyz Rock'n'Roll Chicken Shack (Owner),104054771415187271358,https://www.google.com/maps/contrib/104054771415187271358,1787,4.4,"https://search.google.com/local/reviews?placeid=ChIJRzxtKnm70ocRMzKt5YGRGCY&q=Restaurant++Little+Rock,+US&authuser=0&hl=en&gl=US",2745103959972459059,0x87d2bb792a6d3c47:0x26189181e5ad3233,34.7471467,-92.265439,https://lh3.googleusercontent.com/gps-cs-s/AHRPTWlQQRJWNeZX1TmvlF3CkVz-K0SO_RF3t4sMNhn8OmcafiMdohNBDaZvQpLnNbwxIoZP3yd99LHEtJens6LOFJzKNdfpIJn3xSE83uo68hY0uHHHSok09TpL5Wlksc8pgmDYZQBhUA=w408-h306-k-no,America/Chicago,www.stickyz.com/,www.stickyz.com,"Thursday(2026-09-03): [11 AM–11:30 PM], Friday(2026-09-04): [11 AM–1 AM], Saturday(2026-09-05): [11 AM–12:30 AM], Sunday(2026-09-06): [11 AM–11 PM], Monday(2026-09-07): [Closed], Tuesday(2026-09-08): [11 AM–11:30 PM], Wednesday(2026-09-09): [11 AM–11:30 PM]",https://www.google.com/search?kgmid=/g/11b7771wq3,/g/11b7771wq3,https://www.google.com/maps?cid=2745103959972459059,ChIJRzxtKnm70ocRMzKt5YGRGCY,,,,,,,,"Restaurant  Little Rock, US"
Faded Rose Restaurant,"1619 Rebsamen Park Rd, Little Rock, AR 72202",1619 Rebsamen Park Rd,"Little Rock, AR 72202","Restaurant, Cajun restaurant","Service options: [Outdoor seating, Onsite services, Takeout, Dine-in, Delivery], Highlights: [Fast service, Great beer selection, Great cocktails, Great dessert, Great wine list, Serves local specialty], Popular for: [Lunch, Dinner, Solo dining], Accessibility: [Wheelchair accessible entrance, Wheelchair accessible parking lot, Wheelchair accessible restroom, Wheelchair accessible seating], Offerings: [Alcohol, Beer, Cocktails, Coffee, Comfort food, Happy hour drinks, Hard liquor, Quick bite, Small plates, Wine], Dining options: [Lunch, Dinner, Dessert, Seating, Table service], Amenities: [Bar onsite, Restroom], Atmosphere: [Casual, Cozy, Trendy], Crowd: [Groups, Tourists], Planning: [Accepts reservations], Payments: [Credit cards, Debit cards, Credit cards], Children: [Good for kids, High chairs, Kids' menu], Parking: [Free parking lot, Free street parking, Paid parking lot, Parking]",(501) 663-9734,"(501) 663-9734, +1 501-663-9734",YES,Faded Rose Restaurant (Owner),113283243896419614997,https://www.google.com/maps/contrib/113283243896419614997,1830,4.5,"https://search.google.com/local/reviews?placeid=ChIJJRC7U06j0ocRLZQWjNYDIsQ&q=Restaurant++Little+Rock,+US&authuser=0&hl=en&gl=US",14132862800650212397,0x87d2a34e53bb1025:0xc42203d68c16942d,34.7656026,-92.3097324,https://lh3.googleusercontent.com/gps-cs-s/AHRPTWlnO4hU1zBDO8ScmycMjvycCh3yZMeEjF1Nrt0kAluVDNsGmsEH_dibIYfrre8navOLcXF44UZlS7wtR6YALn6RuuM22e6USVzBfZooiVx7Lsjql6Vb0xZC6Hr4oA5jRLor2r4=w426-h240-k-no,America/Chicago,www.thefadedrose.com/,www.thefadedrose.com,"Thursday(2026-09-03): [11 AM–9 PM], Friday(2026-09-04): [11 AM–10 PM], Saturday(2026-09-05): [11 AM–10 PM], Sunday(2026-09-06): [11 AM–9 PM], Monday(2026-09-07): [11 AM–9 PM], Tuesday(2026-09-08): [11 AM–9 PM], Wednesday(2026-09-09): [11 AM–9 PM]",https://www.google.com/search?kgmid=/g/1x5qt9mj,/g/1x5qt9mj,https://www.google.com/maps?cid=14132862800650212397,ChIJJRC7U06j0ocRLZQWjNYDIsQ,,,,,,,,"Restaurant  Little Rock, US"
Park Grill | Arkansas Museum of Fine Arts,"MacArthur Park Historic District, 501 E 9th St, Little Rock, AR 72202",MacArthur Park Historic District,"501 E 9th St, Little Rock, AR 72202",Restaurant,"Service options: [Outdoor seating, Takeout, Dine-in, Delivery], Highlights: [Great beer selection, Great cocktails, Great coffee, Great dessert, Great wine list], Popular for: [Lunch, Dinner, Solo dining], Accessibility: [Wheelchair accessible entrance, Wheelchair accessible parking lot, Wheelchair accessible restroom, Wheelchair accessible seating], Offerings: [Alcohol, Beer, Cocktails, Coffee, Hard liquor, Healthy options, Small plates, Wine], Dining options: [Breakfast, Brunch, Lunch, Dinner, Dessert, Seating, Table service], Amenities: [Bar onsite, Restroom], Atmosphere: [Cozy, Romantic, Trendy, Upscale], Crowd: [Groups, Tourists], Planning: [Brunch reservations recommended, Dinner reservations recommended, Accepts reservations], Payments: [Credit cards, Debit cards, NFC mobile payments], Parking: [Free parking lot, Free street parking, Parking]",(501) 372-4000,"(501) 372-4000, +1 501-372-4000",NO,Park Grill | Arkansas Museum of Fine Arts (Owner),,,61,4.5,"https://search.google.com/local/reviews?placeid=ChIJAQDA7na70ocRrSrxXrOLLBw&q=Restaurant++Little+Rock,+US&authuser=0&hl=en&gl=US",2030151134545521325,0x87d2bb76eec00001:0x1c2c8bb35ef12aad,34.7377313,-92.26626979999999,https://lh3.googleusercontent.com/gps-cs-s/AHRPTWlOrD4_54s00BruoYvQxSMVukQYSydD4BK3kwV6Bu0M7ukiC-QLNF32SFn30cDyZJJnbx1mAAmeejMNpZaH9xfoOFlRCIHXwOTqgWAfZreOgAf7dG3aGWmLPywtsML6vkWVRnwn=w408-h306-k-no,America/Chicago,parkgrillatamfa.com/,parkgrillatamfa.com,"Thursday(2026-09-03): [11 AM–2 PM, 4–8 PM], Friday(2026-09-04): [11 AM–2 PM, 4–8 PM], Saturday(2026-09-05): [11 AM–2:30 PM], Sunday(2026-09-06): [11 AM–2:30 PM], Monday(2026-09-07): [Closed], Tuesday(2026-09-08): [11 AM–2 PM], Wednesday(2026-09-09): [11 AM–2 PM, 4–8 PM]",https://www.google.com/search?kgmid=/g/11stdnykq9,/g/11stdnykq9,https://www.google.com/maps?cid=2030151134545521325,ChIJAQDA7na70ocRrSrxXrOLLBw,,,,,,,,"Restaurant  Little Rock, US"
YaYas Euro Bistro in Little Rock,"17711 Chenal Pkwy, Little Rock, AR 72223",17711 Chenal Pkwy,"Little Rock, AR 72223","Modern European restaurant, American restaurant, Banquet hall, Bistro, Brunch restaurant, Fine dining restaurant, Mediterranean restaurant, Restaurant","Service options: [Outdoor seating, Curbside pickup, Delivery, Onsite services, Takeout, Dine-in], Highlights: [Fast service, Great beer selection, Great cocktails, Great dessert, Great wine list, Live music, Serves local specialty], Popular for: [Breakfast, Lunch, Dinner, Solo dining], Accessibility: [Wheelchair accessible entrance, Wheelchair accessible parking lot, Wheelchair accessible restroom, Wheelchair accessible seating], Offerings: [Alcohol, Beer, Cocktails, Coffee, Comfort food, Happy hour drinks, Happy hour food, Hard liquor, Healthy options, Private dining room, Small plates, Vegan options, Vegetarian options, Wine], Dining options: [Breakfast, Brunch, Lunch, Dinner, Catering, Dessert, Seating, Table service], Amenities: [Bar onsite, Restroom, Wi-Fi, Wi-Fi], Atmosphere: [Casual, Cozy, Romantic, Trendy, Upscale], Crowd: [Family-friendly, Groups, LGBTQ+ friendly, Tourists, Transgender safespace], Planning: [Brunch reservations recommended, Dinner reservations recommended, Accepts reservations], Payments: [Credit cards, Debit cards, NFC mobile payments, Credit cards], Children: [Good for kids, High chairs, Kids' menu], Parking: [Free parking lot, Free street parking, On-site parking, Parking], Pets: [Dogs allowed outside]",(501) 821-1144,"(501) 821-1144, +1 501-821-1144",YES,YaYas Euro Bistro in Little Rock (Owner),101980681517098938370,https://www.google.com/maps/contrib/101980681517098938370,1709,4.5,"https://search.google.com/local/reviews?placeid=ChIJ88ZjwKCg0ocRdA4QHQAjgGY&q=Restaurant++Little+Rock,+US&authuser=0&hl=en&gl=US",7385941872282177140,0x87d2a0a0c063c6f3:0x668023001d100e74,34.7660306,-92.45786389999999,https://lh3.googleusercontent.com/gps-cs-s/AHRPTWk56jrUm-uFiqJKdeRQerieVqKLs3tB1AkXTIm0HGfGwKnBc8FmPvT0Q2D-qGY08wn3OC2891cCrmxQj4eqVCYC9FQPcj_pPnUV8Gev1PRHOtD0htx4qOscUWlqiNQAci_7RP2M=w408-h270-k-no,America/Chicago,littlerock.yayaseurobistro.com/,littlerock.yayaseurobistro.com,"Thursday(2026-09-03): [11 AM–10 PM], Friday(2026-09-04): [11 AM–11 PM], Saturday(2026-09-05): [11 AM–11 PM], Sunday(2026-09-06): [10 AM–9 PM], Monday(2026-09-07): [11 AM–10 PM], Tuesday(2026-09-08): [11 AM–10 PM], Wednesday(2026-09-09): [11 AM–10 PM]",https://www.google.com/search?kgmid=/g/1td0y_t6,/g/1td0y_t6,https://www.google.com/maps?cid=7385941872282177140,ChIJ88ZjwKCg0ocRdA4QHQAjgGY,,,,,,,,"Restaurant  Little Rock, US"
The Pantry Crest,"722 N Palm St, Little Rock, AR 72205",722 N Palm St,"Little Rock, AR 72205",European restaurant,"Service options: [Outdoor seating, Onsite services, Takeout, Dine-in, Delivery], Highlights: [Fast service, Great beer selection, Great cocktails, Great coffee, Great dessert, Great wine list, Serves local specialty], Popular for: [Dinner, Solo dining], Accessibility: [Wheelchair accessible entrance, Wheelchair accessible parking lot, Wheelchair accessible restroom, Wheelchair accessible seating], Offerings: [Alcohol, Beer, Cocktails, Coffee, Comfort food, Happy hour drinks, Happy hour food, Hard liquor, Healthy options, Late-night food, Small plates, Vegetarian options, Wine], Dining options: [Dinner, Dessert, Seating, Table service], Amenities: [Bar onsite, Restroom, Wi-Fi, Wi-Fi], Atmosphere: [Casual, Cozy, Romantic, Trendy, Upscale], Crowd: [Groups, Tourists], Planning: [Accepts reservations], Payments: [Credit cards, Debit cards, NFC mobile payments, Credit cards], Children: [Good for kids, High chairs], Parking: [Free parking lot, Free street parking, Parking]",(501) 725-4945,"(501) 725-4945, +1 501-725-4945",YES,The Pantry Crest (Owner),117556998351959860717,https://www.google.com/maps/contrib/117556998351959860717,578,4.7,"https://search.google.com/local/reviews?placeid=ChIJ8dgoz2aj0ocRbcSp_QoaP7M&q=Restaurant++Little+Rock,+US&authuser=0&hl=en&gl=US",12916070890829628525,0x87d2a366cf28d8f1:0xb33f1a0afda9c46d,34.7580062,-92.3256856,https://lh3.googleusercontent.com/gps-cs-s/AHRPTWnaNQzWtXoQyJLmXjgNC7jqTqVO_PyUAP6Vr1WTAKDFTkT9TioyVcgjvMwiY48xO5s8iNOp15R7okWWOTUsw1DVznMNLMVwN2dBVmGS_BS0NK9Xx5wb-GMc00znmipnap3YRb080A=w408-h306-k-no,America/Chicago,www.littlerockpantry.com/,www.littlerockpantry.com,"Thursday(2026-09-03): [4–10 PM], Friday(2026-09-04): [4–11 PM], Saturday(2026-09-05): [4–11 PM], Sunday(2026-09-06): [Closed], Monday(2026-09-07): [Closed], Tuesday(2026-09-08): [4–10 PM], Wednesday(2026-09-09): [4–10 PM]",https://www.google.com/search?kgmid=/g/11b678fl4m,/g/11b678fl4m,https://www.google.com/maps?cid=12916070890829628525,ChIJ8dgoz2aj0ocRbcSp_QoaP7M,,,,,,,,"Restaurant  Little Rock, US"
Table 28,"1501 Merrill Dr, Little Rock, AR 72211",1501 Merrill Dr,"Little Rock, AR 72211","Restaurant, Bar","Service options: [Takeout, Dine-in, Delivery], Highlights: [Great beer selection, Great cocktails, Great coffee, Great dessert, Great wine list, Serves local specialty], Popular for: [Dinner, Solo dining], Accessibility: [Wheelchair accessible entrance, Wheelchair accessible parking lot, Wheelchair accessible restroom, Wheelchair accessible seating], Offerings: [Alcohol, Beer, Cocktails, Coffee, Comfort food, Happy hour drinks, Happy hour food, Hard liquor, Organic dishes, Private dining room, Small plates, Vegan options, Vegetarian options, Wine], Dining options: [Dinner, Dessert, Seating, Table service], Amenities: [Bar onsite, Restroom, Wi-Fi, Wi-Fi], Atmosphere: [Cozy, Quiet, Romantic, Trendy, Upscale], Crowd: [Family-friendly, Groups, Tourists], Planning: [Dinner reservations recommended, Accepts reservations], Payments: [Credit cards, Debit cards, Credit cards], Children: [High chairs], Parking: [Free parking lot, Parking]",(501) 224-2828,"(501) 224-2828, +1 501-224-2828",YES,Table 28 (Owner),109117396090040268981,https://www.google.com/maps/contrib/109117396090040268981,495,4.5,"https://search.google.com/local/reviews?placeid=ChIJN3VPzUCh0ocR_835YvXeVYI&q=Restaurant++Little+Rock,+US&authuser=0&hl=en&gl=US",9391657743459929599,0x87d2a140cd4f7537:0x8255def562f9cdff,34.7670422,-92.398983,https://lh3.googleusercontent.com/gps-cs-s/AHRPTWmxAF9A9LYHOPYJnihIeMlhP6A84_GktOVqN15SyZS38tCSqrwMSRzjpDpQwP-StlSB4baNNM9Ls--O3Ql-1dsg0ceBz4I9eLMHZc1dON0ih4h0xhgg-QS6yHuSLcI_MtE5Dbw3uA=w408-h272-k-no,America/Chicago,www.table28lr.com/,www.table28lr.com,"Thursday(2026-09-03): [5–9 PM], Friday(2026-09-04): [5–10 PM], Saturday(2026-09-05): [5–10 PM], Sunday(2026-09-06): [5–9 PM], Monday(2026-09-07): [Closed], Tuesday(2026-09-08): [5–9 PM], Wednesday(2026-09-09): [5–9 PM]",https://www.google.com/search?kgmid=/g/1pp2vbpl7,/g/1pp2vbpl7,https://www.google.com/maps?cid=9391657743459929599,ChIJN3VPzUCh0ocR_835YvXeVYI,,,,,,,,"Restaurant  Little Rock, US"
Cypress Social,"7103 Cock of the Walk Ln, North Little Rock, AR 72113",7103 Cock of the Walk Ln,"North Little Rock, AR 72113","Restaurant, Bar, Event venue","Service options: [Outdoor seating, Curbside pickup, Onsite services, Takeout, Dine-in, Delivery], Highlights: [Fast service, Great beer selection, Great cocktails, Great coffee, Great dessert, Great wine list, Serves local specialty, Sports], Popular for: [Dinner, Solo dining], Accessibility: [Wheelchair accessible entrance, Wheelchair accessible parking lot, Wheelchair accessible restroom, Wheelchair accessible seating], Offerings: [Alcohol, Beer, Cocktails, Coffee, Comfort food, Happy hour drinks, Happy hour food, Hard liquor, Healthy options, Late-night food, Private dining room, Small plates, Vegan options, Vegetarian options, Wine], Dining options: [Dinner, Catering, Dessert, Seating, Table service], Amenities: [Bar onsite, Restroom], Atmosphere: [Casual, Cozy, Romantic, Trendy, Upscale], Crowd: [Family-friendly, Groups, LGBTQ+ friendly, Tourists, Transgender safespace], Planning: [Dinner reservations recommended, Accepts reservations], Payments: [Credit cards, Debit cards, NFC mobile payments, Credit cards], Children: [Good for kids, High chairs, Kids' menu], Parking: [Free parking lot, Free street parking, Parking], Pets: [Dogs allowed, Dogs allowed outside]",(501) 916-2670,"(501) 916-2670, +1 501-916-2670",YES,Cypress Social (Owner),111934532615156967487,https://www.google.com/maps/contrib/111934532615156967487,1040,4.7,"https://search.google.com/local/reviews?placeid=ChIJq6q6DR6i0ocR7oX35BRxebI&q=Restaurant++Little+Rock,+US&authuser=0&hl=en&gl=US",12860434545487873518,0x87d2a21e0dbaaaab:0xb2797114e4f785ee,34.8221145,-92.3803358,https://lh3.googleusercontent.com/gps-cs-s/AHRPTWntHszm_cyL1b48CfFzv0IQRyJv6lAvrtS8HNkW4wGCP0XVhSwtGAmGVaonw0YZ1Hhqcpa3E2nFIQ7Kdvpp3pqPBNKskQTgUufU3xXph0N7zYrHuY3qcDqSZIIk9M57prnBDrAl=w426-h240-k-no,America/Chicago,cypresssocial.com/,cypresssocial.com,"Thursday(2026-09-03): [4–10 PM], Friday(2026-09-04): [4–10 PM], Saturday(2026-09-05): [4–10 PM], Sunday(2026-09-06): [Closed], Monday(2026-09-07): [4–10 PM], Tuesday(2026-09-08): [4–10 PM], Wednesday(2026-09-09): [4–10 PM]",https://www.google.com/search?kgmid=/g/11k6t5h07w,/g/11k6t5h07w,https://www.google.com/maps?cid=12860434545487873518,ChIJq6q6DR6i0ocR7oX35BRxebI,,,,,,,,"Restaurant  Little Rock, US"
The Rail Yard LR,"1212 E 6th St Suite 1, Little Rock, AR 72202",1212 E 6th St Suite 1,"Little Rock, AR 72202","Beer garden, Bar, Restaurant","Service options: [Outdoor seating, Delivery, Onsite services, Takeout, Dine-in], Highlights: [Bar games, Fast service, Fireplace, Great beer selection, Great cocktails, Karaoke, Live music, Live performances, Serves local specialty, Sports, Trivia night], Popular for: [Lunch, Dinner, Solo dining], Accessibility: [Wheelchair accessible entrance, Wheelchair accessible parking lot, Wheelchair accessible restroom, Wheelchair accessible seating], Offerings: [Alcohol, Beer, Cocktails, Coffee, Comfort food, Food, Food at bar, Happy hour drinks, Happy hour food, Hard liquor, Late-night food, Quick bite, Small plates, Wine], Dining options: [Brunch, Lunch, Dinner, Counter service, Dessert, Seating], Amenities: [Bar onsite, Gender-neutral restroom, Restroom, Wi-Fi, Wi-Fi], Atmosphere: [Casual, Cozy, Trendy], Crowd: [College students, Family-friendly, Groups, LGBTQ+ friendly, Tourists], Planning: [Accepts reservations], Payments: [Credit cards, Debit cards, NFC mobile payments], Children: [Good for kids], Parking: [Free parking lot, Free street parking, Parking], Pets: [Dogs allowed, Dogs allowed inside, Dogs allowed outside]",(501) 246-3118,"(501) 246-3118, +1 501-246-3118",YES,The Rail Yard LR (Owner),108682945300412508267,https://www.google.com/maps/contrib/108682945300412508267,701,4.4,"https://search.google.com/local/reviews?placeid=ChIJyzxJAQW70ocRL8vBSZn1rck&q=Restaurant++Little+Rock,+US&authuser=0&hl=en&gl=US",14532541611310697263,0x87d2bb0501493ccb:0xc9adf59949c1cb2f,34.7421226,-92.25757589999999,https://lh3.googleusercontent.com/gps-cs-s/AHRPTWmQMP8XFgS3RGeTqvIaeUVP_GKDLpTODyQP8XdnCL5sfGtpagmcsEqDGIxh_feozLBCTg6ZQaivS1i5Vz8nThzHiyTrLutcZSD4vnM4m7Ot0P1n8DgLhje4qrn1uE6ZfjiKjXw=w408-h306-k-no,America/Chicago,www.facebook.com/TheRailYardLR,www.facebook.com,"Thursday(2026-09-03): [11 AM–12 AM], Friday(2026-09-04): [11 AM–12 AM], Saturday(2026-09-05): [11 AM–12 AM], Sunday(2026-09-06): [11 AM–10 PM], Monday(2026-09-07): [11 AM–12 AM], Tuesday(2026-09-08): [11 AM–12 AM], Wednesday(2026-09-09): [11 AM–12 AM]",https://www.google.com/search?kgmid=/g/11fhkyptq9,/g/11fhkyptq9,https://www.google.com/maps?cid=14532541611310697263,ChIJyzxJAQW70ocRL8vBSZn1rck,,,,,,,,"Restaurant  Little Rock, US"
DRAFT + TABLE,"301 N Main St, North Little Rock, AR 72114",301 N Main St,"North Little Rock, AR 72114",Restaurant,"Service options: [Outdoor seating, Onsite services, Takeout, Dine-in, Delivery], Highlights: [Fast service, Great beer selection, Great cocktails, Great dessert, Great wine list, Serves local specialty], Popular for: [Lunch, Dinner, Solo dining], Accessibility: [Wheelchair accessible entrance, Wheelchair accessible parking lot, Wheelchair accessible restroom, Wheelchair accessible seating], Offerings: [Alcohol, Beer, Cocktails, Coffee, Comfort food, Happy hour drinks, Hard liquor, Healthy options, Private dining room, Small plates, Vegetarian options, Wine], Dining options: [Breakfast, Brunch, Lunch, Dinner, Dessert, Seating, Table service], Amenities: [Bar onsite, Restroom], Atmosphere: [Casual, Cozy, Romantic, Trendy, Upscale], Crowd: [Family-friendly, Groups, LGBTQ+ friendly, Tourists, Transgender safespace], Planning: [Accepts reservations], Payments: [Credit cards, Debit cards, NFC mobile payments, Credit cards], Parking: [Free parking lot, Free street parking, Parking]",(501) 441-4044,"(501) 441-4044, +1 501-441-4044",YES,DRAFT + TABLE (Owner),105397879809663186044,https://www.google.com/maps/contrib/105397879809663186044,400,4.5,"https://search.google.com/local/reviews?placeid=ChIJtSyOupS90ocRUlyBZ2x781A&q=Restaurant++Little+Rock,+US&authuser=0&hl=en&gl=US",5833141647898139730,0x87d2bd94ba8e2cb5:0x50f37b6c67815c52,34.7562095,-92.2679375,https://lh3.googleusercontent.com/gps-cs-s/AHRPTWmjSkWZsHppYstu0qI3APJ09iWQgoU06I28fk6kzXhFTd7xAhxHWzZNr-0oNrt1YQNcSPV4tWvuiQV9h2i8qfFp8q-OW5oYldnXjGMd2x1im9ZMedMM_nhQ034KGlhEQeUB2D4t=w408-h306-k-no,America/Chicago,www.draftandtable.com/,www.draftandtable.com,"Thursday(2026-09-03): [11 AM–10 PM], Friday(2026-09-04): [11 AM–11 PM], Saturday(2026-09-05): [10 AM–11 PM], Sunday(2026-09-06): [10 AM–10 PM], Monday(2026-09-07): [Closed], Tuesday(2026-09-08): [11 AM–10 PM], Wednesday(2026-09-09): [11 AM–10 PM]",https://www.google.com/search?kgmid=/g/11vj54h7p_,/g/11vj54h7p_,https://www.google.com/maps?cid=5833141647898139730,ChIJtSyOupS90ocRUlyBZ2x781A,,,,,,,,"Restaurant  Little Rock, US"
Capital Bar and Grill,"111 W Markham St, Little Rock, AR 72201",111 W Markham St,"Little Rock, AR 72201","Bar & grill, Restaurant","Service options: [Curbside pickup, Takeout, Dine-in, Delivery], Highlights: [Fast service, Great beer selection, Great cocktails, Great dessert, Great wine list, Live music, Serves local specialty], Popular for: [Lunch, Dinner, Solo dining], Accessibility: [Wheelchair accessible entrance, Wheelchair accessible parking lot, Wheelchair accessible restroom, Wheelchair accessible seating], Offerings: [Alcohol, Beer, Cocktails, Coffee, Comfort food, Food, Food at bar, Happy hour drinks, Hard liquor, Late-night food, Small plates, Wine], Dining options: [Lunch, Dinner, Dessert, Seating, Table service], Amenities: [Bar onsite, Restroom, Wi-Fi, Wi-Fi], Atmosphere: [Casual, Cozy, Historic, Quiet, Romantic, Trendy, Upscale], Crowd: [Family-friendly, Groups, Tourists], Planning: [Accepts reservations], Payments: [Credit cards, Debit cards, NFC mobile payments, Credit cards], Children: [Good for kids, High chairs], Parking: [Free street parking, Paid parking lot, Parking, Valet parking]",(501) 370-7013,"(501) 370-7013, +1 501-370-7013",YES,Capital Bar and Grill (Owner),117616019756654755244,https://www.google.com/maps/contrib/117616019756654755244,357,4.3,"https://search.google.com/local/reviews?placeid=ChIJiZuVm3y70ocRIi9uYlVs77g&q=Restaurant++Little+Rock,+US&authuser=0&hl=en&gl=US",13325988936391995170,0x87d2bb7c9b959b89:0xb8ef6c55626e2f22,34.748062399999995,-92.2712973,https://lh3.googleusercontent.com/gps-cs-s/AHRPTWlxQOaeOQTmJ7SQw6eyZnhoEmvw36tdb5RQ9GmxfNE_IYNdLJRLDpL_Re0xcxWU21H9FRKVMIFRc_cwYG1nKh5f1FasfjBwLEltcSMBYNoVZnqzeMPJo3KPNbc6Hwvd3eLkmv8M9w=w426-h240-k-no,America/Chicago,www.capitalbarandgrill.com/,www.capitalbarandgrill.com,"Thursday(2026-09-03): [11 AM–10 PM], Friday(2026-09-04): [11 AM–11 PM], Saturday(2026-09-05): [4–11 PM], Sunday(2026-09-06): [4–10 PM], Monday(2026-09-07): [11 AM–10 PM], Tuesday(2026-09-08): [11 AM–10 PM], Wednesday(2026-09-09): [11 AM–10 PM]",https://www.google.com/search?kgmid=/g/11g6nbss9b,/g/11g6nbss9b,https://www.google.com/maps?cid=13325988936391995170,ChIJiZuVm3y70ocRIi9uYlVs77g,,,,,,,,"Restaurant  Little Rock, US"
Doe's Eat Place,"1023 W Markham St, Little Rock, AR 72201",1023 W Markham St,"Little Rock, AR 72201","Steak house, American restaurant, Restaurant","Service options: [Onsite services, Takeout, Dine-in, Delivery], Highlights: [Fast service, Great beer selection, Serves local specialty, Sports], Popular for: [Lunch, Dinner, Solo dining], Accessibility: [Wheelchair accessible entrance, Wheelchair accessible parking lot, Wheelchair accessible restroom, Wheelchair accessible seating], Offerings: [Alcohol, Beer, Cocktails, Coffee, Comfort food, Hard liquor, Private dining room, Wine], Dining options: [Lunch, Dinner, Dessert, Seating, Table service], Amenities: [Bar onsite, Restroom], Atmosphere: [Casual, Cozy, Historic], Crowd: [Family-friendly, Groups, Tourists], Planning: [Accepts reservations], Payments: [Credit cards, Debit cards, NFC mobile payments, Credit cards], Children: [Good for kids, High chairs], Parking: [Free parking lot, Free street parking, Parking], Pets: [Dogs allowed]",(501) 376-1195,"(501) 376-1195, +1 501-376-1195",YES,Doe's Eat Place (Owner),115084024185149701005,https://www.google.com/maps/contrib/115084024185149701005,1150,4.5,"https://search.google.com/local/reviews?placeid=ChIJGwX3j2C70ocREj4bf1Fikmg&q=Restaurant++Little+Rock,+US&authuser=0&hl=en&gl=US",7535193228708625938,0x87d2bb608ff7051b:0x689262517f1b3e12,34.7495377,-92.2821347,https://lh3.googleusercontent.com/gps-cs-s/AHRPTWmURs9BPMDgk9yTzgOVBfK3ospwc2Abf6stAzvMJoP00pjmXPnZZPoQQEM40ocBpdorjv02DJZ79DQ1s7DohJVLyqdEVbmIflsF26CYDNScsBoyV-yOBGKKrBJQEQHH-pC1j9DS=w408-h306-k-no,America/Chicago,doeseatplacelr.com/,doeseatplacelr.com,"Thursday(2026-09-03): [11 AM–2 PM, 5–9 PM], Friday(2026-09-04): [11 AM–2 PM, 5–9 PM], Saturday(2026-09-05): [5–9 PM], Sunday(2026-09-06): [Closed], Monday(2026-09-07): [11 AM–2 PM, 5–9 PM], Tuesday(2026-09-08): [11 AM–2 PM, 5–9 PM], Wednesday(2026-09-09): [11 AM–2 PM, 5–9 PM]",https://www.google.com/search?kgmid=/g/1thcn9bw,/g/1thcn9bw,https://www.google.com/maps?cid=7535193228708625938,ChIJGwX3j2C70ocREj4bf1Fikmg,,,,,,,,"Restaurant  Little Rock, US"
Copper Grill,"300 E 3rd St #101, Little Rock, AR 72201",300 E 3rd St #101,"Little Rock, AR 72201",American restaurant,"Service options: [Outdoor seating, Curbside pickup, Delivery, Onsite services, Takeout, Dine-in], Highlights: [Fast service, Great beer selection, Great cocktails, Great dessert, Great wine list, Live music, Serves local specialty, Sports], Popular for: [Lunch, Dinner, Solo dining], Accessibility: [Wheelchair accessible entrance, Wheelchair accessible parking lot, Wheelchair accessible restroom, Wheelchair accessible seating], Offerings: [Alcohol, Beer, Cocktails, Coffee, Comfort food, Happy hour drinks, Happy hour food, Hard liquor, Healthy options, Private dining room, Small plates, Wine], Dining options: [Breakfast, Brunch, Lunch, Dinner, Catering, Dessert, Seating, Table service], Amenities: [Bar onsite, Restroom, Wi-Fi, Wi-Fi], Atmosphere: [Casual, Cozy, Romantic, Trendy, Upscale], Crowd: [Family-friendly, Groups, LGBTQ+ friendly, Tourists, Transgender safespace], Planning: [Accepts reservations], Payments: [Credit cards, Debit cards, NFC mobile payments, Credit cards], Children: [Good for kids, High chairs, Kids' menu], Parking: [Free parking lot, Free street parking, Paid parking garage, Paid parking lot, Paid street parking], Pets: [Dogs allowed outside]",(501) 375-3333,"(501) 375-3333, +1 501-375-3333",YES,Copper Grill (Owner),112641541050296776153,https://www.google.com/maps/contrib/112641541050296776153,1238,4.4,"https://search.google.com/local/reviews?placeid=ChIJaVNOYXm70ocRzNXNsgTacY4&q=Restaurant++Little+Rock,+US&authuser=0&hl=en&gl=US",10264224739468629452,0x87d2bb79614e5369:0x8e71da04b2cdd5cc,34.745934999999996,-92.26801449999999,https://lh3.googleusercontent.com/gps-cs-s/AHRPTWl71wvtCbn59zw1qmHhmovINaFUQnN0SeJ_KQ35J6-wPEixcEyVBtTm0I79GYzovA_N8pReCq9LSyrZlSnccqM-QvCvSuinr33Jm5o9cDNY69adF9dwHgz3bYu11e0YA1RPWOMo8g=w408-h306-k-no,America/Chicago,www.coppergrilllr.com/,www.coppergrilllr.com,"Thursday(2026-09-03): [11 AM–10 PM], Friday(2026-09-04): [11 AM–10 PM], Saturday(2026-09-05): [11 AM–10 PM], Sunday(2026-09-06): [Closed], Monday(2026-09-07): [11 AM–10 PM], Tuesday(2026-09-08): [11 AM–10 PM], Wednesday(2026-09-09): [11 AM–10 PM]",https://www.google.com/search?kgmid=/g/1thvt72f,/g/1thvt72f,https://www.google.com/maps?cid=10264224739468629452,ChIJaVNOYXm70ocRzNXNsgTacY4,,,,,,,,"Restaurant  Little Rock, US"
Local Lime | Little Rock,"17815 Chenal Pkwy, Little Rock, AR 72223",17815 Chenal Pkwy,"Little Rock, AR 72223","Mexican restaurant, Bar, Cocktail bar, Tex-Mex restaurant","Service options: [Outdoor seating, Delivery, Onsite services, Takeout, Dine-in], Highlights: [Fast service, Great beer selection, Great cocktails, Serves local specialty], Popular for: [Lunch, Dinner, Solo dining], Accessibility: [Wheelchair accessible entrance, Wheelchair accessible parking lot, Wheelchair accessible restroom, Wheelchair accessible seating], Offerings: [Alcohol, Beer, Cocktails, Coffee, Comfort food, Happy hour drinks, Happy hour food, Hard liquor, Quick bite, Small plates, Vegan options, Vegetarian options, Wine], Dining options: [Lunch, Dinner, Catering, Dessert, Seating, Table service], Amenities: [Bar onsite, Restroom, Wi-Fi, Wi-Fi], Atmosphere: [Casual, Trendy], Crowd: [College students, Groups, Tourists], Planning: [Usually a wait, Accepts reservations], Payments: [Credit cards, Debit cards, NFC mobile payments], Children: [Good for kids, High chairs, Kids' menu], Parking: [Free parking lot, Free street parking, Parking]",(501) 448-2226,"(501) 448-2226, +1 501-448-2226",YES,Local Lime | Little Rock (Owner),100703594529538764087,https://www.google.com/maps/contrib/100703594529538764087,1335,4.5,"https://search.google.com/local/reviews?placeid=ChIJ-bQ1mKCg0ocRasLZA2QSR6Q&q=Restaurant++Little+Rock,+US&authuser=0&hl=en&gl=US",11837450366337270378,0x87d2a0a09835b4f9:0xa447126403d9c26a,34.7677894,-92.4592768,https://lh3.googleusercontent.com/gps-cs-s/AHRPTWmIW2FMyG40WAk5JAncTcGPuIr0wOtJcQzLj4jfUa1TtPDv9zaLug8QEIMkuX0kA9iwt3wlCHA2o6747vTT4XjbxNJtYfFtq-Noytw-wDFAXM2sopFnXVT6UgmrUf5k9l4JXr3diw=w426-h240-k-no,America/Chicago,www.locallimetaco.com/,www.locallimetaco.com,"Thursday(2026-09-03): [11 AM–10 PM], Friday(2026-09-04): [11 AM–10 PM], Saturday(2026-09-05): [11 AM–10 PM], Sunday(2026-09-06): [11 AM–10 PM], Monday(2026-09-07): [11 AM–10 PM], Tuesday(2026-09-08): [11 AM–10 PM], Wednesday(2026-09-09): [11 AM–10 PM]",https://www.google.com/search?kgmid=/g/1hm382ggf,/g/1hm382ggf,https://www.google.com/maps?cid=11837450366337270378,ChIJ-bQ1mKCg0ocRasLZA2QSR6Q,,,,,,,,"Restaurant  Little Rock, US"
Wright’s Barbecue - Little Rock,"1311 Rebsamen Park Rd, Little Rock, AR 72202",1311 Rebsamen Park Rd,"Little Rock, AR 72202",Barbecue restaurant,"Service options: [Outdoor seating, Delivery, Onsite services, Takeout, Dine-in], Highlights: [Fast service, Great beer selection, Great cocktails, Serves local specialty, Sports], Popular for: [Lunch, Dinner, Solo dining], Accessibility: [Wheelchair accessible entrance, Wheelchair accessible parking lot, Wheelchair accessible restroom, Wheelchair accessible seating], Offerings: [Alcohol, Beer, Cocktails, Comfort food, Happy hour drinks, Hard liquor, Quick bite, Small plates, Wine], Dining options: [Lunch, Dinner, Catering, Counter service, Dessert, Seating, Table service], Amenities: [Bar onsite, Gender-neutral restroom, Restroom], Atmosphere: [Casual, Lively, Trendy], Crowd: [Family-friendly, Groups, LGBTQ+ friendly, Tourists], Planning: [Usually a wait, Accepts reservations], Payments: [Credit cards, Debit cards, NFC mobile payments, Credit cards], Children: [Good for kids, Has changing table(s), High chairs, Kids' menu], Parking: [Free parking lot, Free street parking, Paid parking lot, Parking], Pets: [Dogs allowed, Dogs allowed outside]",(501) 441-5774,"(501) 441-5774, +1 501-441-5774",YES,Wright’s Barbecue - Little Rock (Owner),107879421521351516982,https://www.google.com/maps/contrib/107879421521351516982,1199,4.7,"https://search.google.com/local/reviews?placeid=ChIJr_6VONuj0ocRLPjuepQD1o0&q=Restaurant++Little+Rock,+US&authuser=0&hl=en&gl=US",10220360340616443948,0x87d2a3db3895feaf:0x8dd603947aeef82c,34.7624075,-92.30907979999999,https://lh3.googleusercontent.com/gps-cs-s/AHRPTWkcyCdIeZYHNuQV-yhAhlRyjDsmb-jrd_xTE2tUMV6FvUYvrZKPQjPXsSKAgVRCHz4AIGRmy7AAfhIfc-4hSZGywkTUrKBvo6cryfxMH-haxwE_tOr58dw3Gbp6dxpU7yTU5QSn1c3NDA8=w408-h306-k-no,America/Chicago,wrightsbbq.com/,wrightsbbq.com,"Thursday(2026-09-03): [10:30 AM–9 PM], Friday(2026-09-04): [10:30 AM–9 PM], Saturday(2026-09-05): [10:30 AM–9 PM], Sunday(2026-09-06): [Closed], Monday(2026-09-07): [Closed], Tuesday(2026-09-08): [10:30 AM–9 PM], Wednesday(2026-09-09): [10:30 AM–9 PM]",https://www.google.com/search?kgmid=/g/11sjr1x33k,/g/11sjr1x33k,https://www.google.com/maps?cid=10220360340616443948,ChIJr_6VONuj0ocRLPjuepQD1o0,,,,,,,,"Restaurant  Little Rock, US"
Samantha's Tap Room & Wood Grill,"322 Main St, Little Rock, AR 72201",322 Main St,"Little Rock, AR 72201","Bar & grill, Restaurant","Service options: [Outdoor seating, Delivery, Onsite services, Takeout, Dine-in], Highlights: [Fast service, Great beer selection, Great cocktails, Great dessert, Great wine list, Serves local specialty], Popular for: [Lunch, Dinner, Solo dining], Accessibility: [Wheelchair accessible entrance, Wheelchair accessible parking lot, Wheelchair accessible restroom, Wheelchair accessible seating], Offerings: [Alcohol, Beer, Cocktails, Coffee, Comfort food, Food, Food at bar, Happy hour drinks, Happy hour food, Hard liquor, Healthy options, Private dining room, Small plates, Wine], Dining options: [Brunch, Lunch, Dinner, Catering, Dessert, Seating, Table service], Amenities: [Bar onsite, Restroom], Atmosphere: [Casual, Cozy, Romantic, Trendy, Upscale], Crowd: [Groups, Tourists], Planning: [Dinner reservations recommended, Accepts reservations, Usually a wait], Payments: [Credit cards, Debit cards, NFC mobile payments, Credit cards], Children: [High chairs], Parking: [Free street parking, Paid parking lot, Paid street parking], Pets: [Dogs allowed inside, Dogs allowed outside]",(501) 379-8019,"(501) 379-8019, +1 501-379-8019",YES,Samantha's Tap Room & Wood Grill (Owner),101164866507175043930,https://www.google.com/maps/contrib/101164866507175043930,2717,4.5,"https://search.google.com/local/reviews?placeid=ChIJ39nqDnu70ocRI41yDMzmcQ0&q=Restaurant++Little+Rock,+US&authuser=0&hl=en&gl=US",968809158917917987,0x87d2bb7b0eead9df:0xd71e6cc0c728d23,34.7453709,-92.2710555,https://lh3.googleusercontent.com/gps-cs-s/AHRPTWlIB6GheaALHjOt_7OR8r0PEgomrxPUj4qnXYCke60UYHlhqrM_8JlOgFcl4CtgyAZ32M4iOiER7dgTNJq0Rl2EcKtSR0Qeo9BX584jnvY36ztF6NOPGvnoLCI1s5pF4zdSfLsEfw=w408-h544-k-no,America/Chicago,samstap.com/,samstap.com,"Thursday(2026-09-03): [11 AM–10 PM], Friday(2026-09-04): [11 AM–10 PM], Saturday(2026-09-05): [11 AM–9 PM], Sunday(2026-09-06): [Closed], Monday(2026-09-07): [11 AM–10 PM], Tuesday(2026-09-08): [11 AM–10 PM], Wednesday(2026-09-09): [11 AM–10 PM]",https://www.google.com/search?kgmid=/g/11b75mr79s,/g/11b75mr79s,https://www.google.com/maps?cid=968809158917917987,ChIJ39nqDnu70ocRI41yDMzmcQ0,,,,,,,,"Restaurant  Little Rock, US"
the Loca Luna,"3519 Old Cantrell Rd Ste B, Little Rock, AR 72202",3519 Old Cantrell Rd Ste B,"Little Rock, AR 72202",Restaurant,"Service options: [Curbside pickup, No-contact delivery, Delivery, Takeout, Dine-in], Highlights: [Fast service], Popular for: [Dinner, Solo dining], Accessibility: [Wheelchair accessible entrance, Wheelchair accessible parking lot, Wheelchair accessible restroom, Wheelchair accessible seating], Offerings: [Alcohol, Comfort food, Small plates], Dining options: [Brunch, Lunch, Dinner, Dessert, Seating, Table service], Amenities: [Bar onsite, Restroom], Atmosphere: [Casual, Trendy], Crowd: [Groups], Planning: [Accepts reservations], Payments: [Credit cards, Debit cards, NFC mobile payments], Children: [Good for kids, High chairs, Kids' menu], Parking: [Free parking lot, Free street parking, On-site parking, Parking], Pets: [Dogs allowed outside]",(501) 663-4666,"(501) 663-4666, +1 501-663-4666",YES,the Loca Luna (Owner),110109747104777656254,https://www.google.com/maps/contrib/110109747104777656254,35,4,"https://search.google.com/local/reviews?placeid=ChIJBw1Ci2aj0ocRh0pfjS50Lcg&q=Restaurant++Little+Rock,+US&authuser=0&hl=en&gl=US",14424312924826716807,0x87d2a3668b420d07:0xc82d742e8d5f4a87,34.7647864,-92.3119574,https://lh3.googleusercontent.com/gps-cs-s/AHRPTWnze_9e75I6B6jMMotV_8S5okSy3JwMZcQ7iDkuNnNVwIicOPl97A_tVZLTiPRxpXL4gxOXOPDYZee7M_qxGoiRTV_9EbrD6rU1QNfKDuLTDzM0s-Js3r0QCfr2YMvg-3tUJcD-E-HGJyLx=w408-h271-k-no,America/Chicago,www.thelocaluna.com/,www.thelocaluna.com,"Thursday(2026-09-03): [11 AM–10 PM], Friday(2026-09-04): [11 AM–10 PM], Saturday(2026-09-05): [10 AM–2 PM, 5–10 PM], Sunday(2026-09-06): [10 AM–2 PM, 5–9 PM], Monday(2026-09-07): [Closed], Tuesday(2026-09-08): [11 AM–9 PM], Wednesday(2026-09-09): [11 AM–9 PM]",https://www.google.com/search?kgmid=/g/11z84hkhq3,/g/11z84hkhq3,https://www.google.com/maps?cid=14424312924826716807,ChIJBw1Ci2aj0ocRh0pfjS50Lcg,,,,,,,,"Restaurant  Little Rock, US"
Whole Hog Cafe,"2516 Cantrell Rd, Little Rock, AR 72202",2516 Cantrell Rd,"Little Rock, AR 72202","Barbecue restaurant, Restaurant","Service options: [Delivery, Onsite services, Takeout, Dine-in], Highlights: [Fast service, Serves local specialty], Popular for: [Lunch, Dinner, Solo dining], Accessibility: [Wheelchair accessible entrance, Wheelchair accessible parking lot, Wheelchair accessible restroom, Wheelchair accessible seating], Offerings: [Alcohol, Beer, Coffee, Comfort food, Quick bite], Dining options: [Lunch, Dinner, Catering, Counter service, Dessert, Seating], Amenities: [Restroom], Atmosphere: [Casual], Crowd: [College students, Family-friendly, Groups, Tourists], Planning: [Accepts reservations], Payments: [Credit cards, Debit cards, NFC mobile payments], Children: [Good for kids, High chairs, Kids' menu], Parking: [Free parking lot, Free street parking, Parking]",(501) 664-5025,"(501) 664-5025, +1 501-664-5025",YES,Whole Hog Cafe (Owner),105636103477340417292,https://www.google.com/maps/contrib/105636103477340417292,1252,4.4,"https://search.google.com/local/reviews?placeid=ChIJ04iV_Wmj0ocRoL0Xi4tqtfU&q=Restaurant++Little+Rock,+US&authuser=0&hl=en&gl=US",17705174657643560352,0x87d2a369fd9588d3:0xf5b56a8b8b17bda0,34.760357,-92.30590099999999,https://lh3.googleusercontent.com/gps-cs-s/AHRPTWmm-J5G-CbiEzWRsbNc5kAk2EhmCzMiugFhGZH6R6fwJzJkLWdyJwqO8Y3PZ75sjSmee7UH1b0HsIf-qMLHk25zaR6WCn-OLEfMAnlkmPc7x6tDbkROANyFLzbVUSYY3-DkvHkb=w426-h240-k-no,America/Chicago,www.wholehogcafe.com/,www.wholehogcafe.com,"Thursday(2026-09-03): [11 AM–9 PM], Friday(2026-09-04): [11 AM–9 PM], Saturday(2026-09-05): [11 AM–9 PM], Sunday(2026-09-06): [11 AM–8 PM], Monday(2026-09-07): [11 AM–9 PM], Tuesday(2026-09-08): [11 AM–9 PM], Wednesday(2026-09-09): [11 AM–9 PM]",https://www.google.com/search?kgmid=/g/1tdcs1t1,/g/1tdcs1t1,https://www.google.com/maps?cid=17705174657643560352,ChIJ04iV_Wmj0ocRoL0Xi4tqtfU,,,,,,,,"Restaurant  Little Rock, US"
The Fold | Botanas & Bar,"3501 Old Cantrell Rd, Little Rock, AR 72202",3501 Old Cantrell Rd,"Little Rock, AR 72202","Restaurant, Bar, Brunch restaurant, Gluten-free restaurant, Taco restaurant, Vegan restaurant","Service options: [Outdoor seating, Curbside pickup, Delivery, Onsite services, Takeout, Dine-in], Highlights: [Fast service, Great beer selection, Great cocktails, Serves local specialty, Sports], Popular for: [Lunch, Dinner, Solo dining], Accessibility: [Wheelchair accessible entrance, Wheelchair accessible parking lot, Wheelchair accessible restroom, Wheelchair accessible seating], Offerings: [Alcohol, Beer, Cocktails, Coffee, Comfort food, Happy hour drinks, Happy hour food, Hard liquor, Healthy options, Late-night food, Quick bite, Small plates, Vegan options, Vegetarian options, Wine], Dining options: [Brunch, Lunch, Dinner, Catering, Dessert, Seating, Table service], Amenities: [Bar onsite, Restroom, Wi-Fi], Atmosphere: [Casual, Cozy, Trendy], Crowd: [College students, Family-friendly, Groups, LGBTQ+ friendly, Tourists, Transgender safespace], Planning: [Accepts reservations], Payments: [Credit cards, Debit cards, NFC mobile payments, Credit cards], Children: [High chairs, Kids' menu], Parking: [Free parking lot, Free street parking, Paid parking lot, Parking], Pets: [Dogs allowed outside]",(501) 916-9706,"(501) 916-9706, +1 501-916-9706",YES,The Fold | Botanas & Bar (Owner),109557727541027727666,https://www.google.com/maps/contrib/109557727541027727666,967,4.5,"https://search.google.com/local/reviews?placeid=ChIJV_-ck0-j0ocRKTpNqTN5eyQ&q=Restaurant++Little+Rock,+US&authuser=0&hl=en&gl=US",2628828070291520041,0x87d2a34f939cff57:0x247b7933a94d3a29,34.7648426,-92.3114404,https://lh3.googleusercontent.com/gps-cs-s/AHRPTWl5JeFjYFBXqVi4iJyxgUmPO9adE3kmfMqOSk2VEyF3C8k4saSpfPoVqRrXK4qYE7An01RWXd9B0KPBqvkthAf4Ua6tzgT5j1q1ZBINloR77kKls_YeF8v2AUNBM0s4Gs_EyZ3Quw=w424-h240-k-no,America/Chicago,thefoldlr.com/,thefoldlr.com,"Thursday(2026-09-03): [11 AM–9 PM], Friday(2026-09-04): [11 AM–10 PM], Saturday(2026-09-05): [11 AM–10 PM], Sunday(2026-09-06): [11 AM–9 PM], Monday(2026-09-07): [Closed], Tuesday(2026-09-08): [11 AM–9 PM], Wednesday(2026-09-09): [11 AM–9 PM]",https://www.google.com/search?kgmid=/g/12hq28d89,/g/12hq28d89,https://www.google.com/maps?cid=2628828070291520041,ChIJV_-ck0-j0ocRKTpNqTN5eyQ,,,,,,,,"Restaurant  Little Rock, US"
"Flying Fish Little Rock, AR","511 President Clinton Ave, Little Rock, AR 72201",511 President Clinton Ave,"Little Rock, AR 72201","Cajun restaurant, American restaurant, Family restaurant, Seafood restaurant","Service options: [No-contact delivery, Delivery, Onsite services, Takeout, Dine-in], Highlights: [Fast service, Great beer selection, Serves local specialty], Popular for: [Lunch, Dinner, Solo dining], Accessibility: [Wheelchair accessible entrance, Wheelchair accessible parking lot, Wheelchair accessible restroom, Wheelchair accessible seating], Offerings: [Alcohol, Beer, Cocktails, Coffee, Comfort food, Healthy options, Late-night food, Quick bite, Small plates, Wine], Dining options: [Lunch, Dinner, Catering, Counter service, Dessert, Seating, Table service], Amenities: [Restroom, Wi-Fi, Wi-Fi], Atmosphere: [Casual, Trendy], Crowd: [College students, Family-friendly, Groups, LGBTQ+ friendly, Tourists, Transgender safespace], Planning: [Usually a wait, Accepts reservations], Payments: [Credit cards, Debit cards, NFC mobile payments, Credit cards], Children: [Good for kids, High chairs, Kids' menu], Parking: [Free street parking, Paid street parking, Parking]",(501) 375-3474,"(501) 375-3474, +1 501-375-3474",YES,"Flying Fish Little Rock, AR (Owner)",104694616842096640865,https://www.google.com/maps/contrib/104694616842096640865,3220,4.4,"https://search.google.com/local/reviews?placeid=ChIJ2ZJE1Hi70ocRFSzXuhohtdU&q=Restaurant++Little+Rock,+US&authuser=0&hl=en&gl=US",15399250899550809109,0x87d2bb78d44492d9:0xd5b5211abad72c15,34.7471349,-92.265086,https://lh3.googleusercontent.com/gps-cs-s/AHRPTWm7NyCoxRapYpBw9dNtsbNIwcc1xgn20e9_rgJC4cxL1UDVgLWcuZR9fs2FxDhC2Y3Okt8J-S0u79LYn8OMzjrdqZFYWQ5gD1EvzJEw093N60KE6K3PXurjUOwzmaNR3AYpTloe=w408-h271-k-no,America/Chicago,www.flyingfishinthe.net/little-rock/,www.flyingfishinthe.net,"Thursday(2026-09-03): [11 AM–9 PM], Friday(2026-09-04): [11 AM–10 PM], Saturday(2026-09-05): [11 AM–10 PM], Sunday(2026-09-06): [11 AM–9 PM], Monday(2026-09-07): [11 AM–9 PM], Tuesday(2026-09-08): [11 AM–9 PM], Wednesday(2026-09-09): [11 AM–9 PM]",https://www.google.com/search?kgmid=/g/1vvdvrl6,/g/1vvdvrl6,https://www.google.com/maps?cid=15399250899550809109,ChIJ2ZJE1Hi70ocRFSzXuhohtdU,,,,,,,,"Restaurant  Little Rock, US"
"Walk-On's Sports Bistreaux - Little Rock, AR","16103 Chenal Pkwy Ste 900, Little Rock, AR 72223",16103 Chenal Pkwy Ste 900,"Little Rock, AR 72223","Restaurant, Sports bar","Service options: [Outdoor seating, Delivery, Onsite services, Takeout, Dine-in], Highlights: [Fast service, Great beer selection, Great cocktails, Serves local specialty, Sports], Popular for: [Lunch, Dinner, Solo dining], Accessibility: [Wheelchair accessible entrance, Wheelchair accessible parking lot, Wheelchair accessible restroom, Wheelchair accessible seating], Offerings: [Alcohol, Beer, Cocktails, Coffee, Comfort food, Happy hour drinks, Happy hour food, Hard liquor, Late-night food, Quick bite, Small plates, Wine], Dining options: [Lunch, Dinner, Dessert, Seating, Table service], Amenities: [Bar onsite, Restroom, Wi-Fi], Atmosphere: [Casual, Trendy], Crowd: [College students, Groups, Tourists], Payments: [Credit cards, Debit cards, NFC mobile payments, Credit cards], Children: [High chairs, Kids' menu], Parking: [Free parking lot, Free street parking, Parking], Pets: [Dogs allowed outside]",(501) 501-1881,"(501) 501-1881, +1 501-501-1881",YES,"Walk-On's Sports Bistreaux - Little Rock, AR (Owner)",103761347764236005876,https://www.google.com/maps/contrib/103761347764236005876,696,4.5,"https://search.google.com/local/reviews?placeid=ChIJ43RaB3Wh0ocRTDYw21rR3H4&q=Restaurant++Little+Rock,+US&authuser=0&hl=en&gl=US",9141411531809896012,0x87d2a175075a74e3:0x7edcd15adb30364c,34.75647,-92.44732139999999,https://lh3.googleusercontent.com/gps-cs-s/AHRPTWmMSdV9rhRind1iJVbIsxqD0_PQE2bBEgjVv9rAHsppheH2ueBw_jOx40icmAm45Bm99eUY2uUrQ84BRcF-L2y1zK5UcnjWc9N0tR38Y0HptbS-xaFRiPiH3P6hgcS6Y_z3ACgi=w408-h544-k-no,America/Chicago,locate.walk-ons.com/ar/littlerock/restaurants-457.html,locate.walk-ons.com,"Thursday(2026-09-03): [11 AM–11 PM], Friday(2026-09-04): [11 AM–12 AM], Saturday(2026-09-05): [11 AM–12 AM], Sunday(2026-09-06): [11 AM–11 PM], Monday(2026-09-07): [11 AM–11 PM], Tuesday(2026-09-08): [11 AM–11 PM], Wednesday(2026-09-09): [11 AM–11 PM]",https://www.google.com/search?kgmid=/g/11vf1qcg91,/g/11vf1qcg91,https://www.google.com/maps?cid=9141411531809896012,ChIJ43RaB3Wh0ocRTDYw21rR3H4,,,,,,,,"Restaurant  Little Rock, US"
Maryam's Grill | Mediterranean Restaurant,"323 Center St, Little Rock, AR 72201",323 Center St,"Little Rock, AR 72201","Mediterranean restaurant, Bakery, Middle Eastern restaurant","Service options: [Delivery, Drive-through, Takeout, Dine-in], Highlights: [Serves local specialty], Popular for: [Breakfast, Lunch, Dinner, Solo dining], Accessibility: [Wheelchair accessible entrance, Wheelchair accessible parking lot, Wheelchair accessible restroom, Wheelchair accessible seating], Offerings: [Coffee, Comfort food, Healthy options, Quick bite, Small plates, Vegan options, Vegetarian options], Dining options: [Breakfast, Brunch, Lunch, Dinner, Catering, Dessert, Seating, Table service], Amenities: [Restroom], Atmosphere: [Casual, Quiet], Crowd: [Family-friendly, Groups], Planning: [Accepts reservations], Payments: [Credit cards, Debit cards, NFC mobile payments, Credit cards], Children: [Good for kids, High chairs], Parking: [Free parking lot, Free street parking, Paid parking lot, Paid street parking], Pets: [Dogs allowed outside]",(501) 374-2633,"(501) 374-2633, +1 501-374-2633",YES,Maryam's Grill | Mediterranean Restaurant (Owner),108124190850552299595,https://www.google.com/maps/contrib/108124190850552299595,308,4.6,"https://search.google.com/local/reviews?placeid=ChIJAVKgzmS70ocR3A6F8NDRzS4&q=Restaurant++Little+Rock,+US&authuser=0&hl=en&gl=US",3372582391289024220,0x87d2bb64cea05201:0x2ecdd1d0f0850edc,34.745565899999995,-92.2727341,https://lh3.googleusercontent.com/gps-cs-s/AHRPTWmLrqpHty_u0V08pzHlqGw-9PglsWHPY3SVaZTphoAkunBjB7B0Q3MLs2biQdsJwCX0PBcjLbUGekaG6vCG7Q6d2VCYEj6NM7XLRvzL9-tl7zqInHtf0LfuwAK9rGB5UI_iH7c=w408-h544-k-no,America/Chicago,www.maryamsgrill.com/,www.maryamsgrill.com,"Thursday(2026-09-03): [10 AM–2 PM], Friday(2026-09-04): [10 AM–2 PM], Saturday(2026-09-05): [Closed], Sunday(2026-09-06): [Closed], Monday(2026-09-07): [10 AM–2 PM], Tuesday(2026-09-08): [10 AM–2 PM], Wednesday(2026-09-09): [10 AM–2 PM]",https://www.google.com/search?kgmid=/g/11bx1zbxkq,/g/11bx1zbxkq,https://www.google.com/maps?cid=3372582391289024220,ChIJAVKgzmS70ocR3A6F8NDRzS4,,,,,,,,"Restaurant  Little Rock, US"
Southern Tail Brewing,"900 E 9th St, Little Rock, AR 72202",900 E 9th St,"Little Rock, AR 72202","Restaurant, Brewery, Brewpub, Brunch restaurant, Family restaurant, Lunch restaurant, Sports bar","Service options: [Outdoor seating, Curbside pickup, Onsite services, Takeout, Dine-in, Delivery], Highlights: [Fast service, Fireplace, Great beer selection, Great cocktails, Great dessert, Live music, Serves local specialty, Sports], Popular for: [Lunch, Dinner, Solo dining], Accessibility: [Wheelchair accessible entrance, Wheelchair accessible parking lot, Wheelchair accessible restroom, Wheelchair accessible seating], Offerings: [Alcohol, Beer, Cocktails, Coffee, Comfort food, Happy hour drinks, Happy hour food, Hard liquor, Late-night food, Organic dishes, Private dining room, Quick bite, Small plates, Wine], Dining options: [Breakfast, Brunch, Lunch, Dinner, Catering, Dessert, Seating, Table service], Amenities: [Bar onsite, Gender-neutral restroom, Restroom], Atmosphere: [Casual, Cozy, Trendy], Crowd: [Groups, LGBTQ+ friendly, Tourists, Transgender safespace], Planning: [Accepts reservations], Payments: [Credit cards, Debit cards, NFC mobile payments, Credit cards], Children: [Good for kids, Has changing table(s), High chairs, Kids' menu], Parking: [Free parking garage, Free parking lot, Free street parking, On-site parking, Parking], Pets: [Dogs allowed, Dogs allowed outside]",(501) 912-0980,"(501) 912-0980, +1 501-912-0980",YES,Southern Tail Brewing (Owner),117692561766345985842,https://www.google.com/maps/contrib/117692561766345985842,1064,4.6,"https://search.google.com/local/reviews?placeid=ChIJe7AsgOq70ocRnKMheC2pZGo&q=Restaurant++Little+Rock,+US&authuser=0&hl=en&gl=US",7666438478445519772,0x87d2bbea802cb07b:0x6a64a92d7821a39c,34.7397803,-92.26113699999999,https://lh3.googleusercontent.com/gps-cs-s/AHRPTWlGY4srq78W8EVbpPS4Z0fAmf4IYO-zt61n_1_NBaF9Dv4y16uRnE8B0P-kQvpJAw_sz9BlhBThIXifLTebK_-cOwnoR986TzA0Q5fEZ2xhQe_QB9pYIpi4jgCg_9UkFVBqxia85GjS9zQH=w408-h306-k-no,America/Chicago,www.southerntailbrewing.com/,www.southerntailbrewing.com,"Thursday(2026-09-03): [10:45 AM–10 PM], Friday(2026-09-04): [10:45 AM–11 PM], Saturday(2026-09-05): [10:45 AM–11 PM], Sunday(2026-09-06): [10:45 AM–9 PM], Monday(2026-09-07): [Closed], Tuesday(2026-09-08): [10:45 AM–10 PM], Wednesday(2026-09-09): [10:45 AM–10 PM]",https://www.google.com/search?kgmid=/g/11l2bqsk2t,/g/11l2bqsk2t,https://www.google.com/maps?cid=7666438478445519772,ChIJe7AsgOq70ocRnKMheC2pZGo,,,,,,,,"Restaurant  Little Rock, US"
Roni's Mac Bar - Little Rock,"1220 S Main St, Little Rock, AR 72202",1220 S Main St,"Little Rock, AR 72202",Restaurant,"Service options: [Delivery, Onsite services, Takeout, Dine-in], Popular for: [Lunch, Dinner, Solo dining], Accessibility: [Wheelchair accessible entrance, Wheelchair accessible parking lot, Wheelchair accessible restroom, Wheelchair accessible seating, Assistive hearing loop], Offerings: [Comfort food, Vegetarian options], Dining options: [Lunch, Dinner, Catering, Counter service, Dessert, Seating, Table service], Amenities: [Gender-neutral restroom, Restroom], Atmosphere: [Casual], Crowd: [Family-friendly, Groups, LGBTQ+ friendly, Transgender safespace], Planning: [Accepts reservations], Payments: [Credit cards, Debit cards, NFC mobile payments, Credit cards], Children: [Good for kids, Has changing table(s), High chairs, Kids' menu], Parking: [Free parking lot, Free street parking, Paid parking lot, Paid street parking]",(501) 213-1826,"(501) 213-1826, +1 501-213-1826",YES,Roni's Mac Bar - Little Rock (Owner),113048679275373729574,https://www.google.com/maps/contrib/113048679275373729574,141,4.4,"https://search.google.com/local/reviews?placeid=ChIJKzK4dlS70ocRnAZCu5tH1lI&q=Restaurant++Little+Rock,+US&authuser=0&hl=en&gl=US",5969037090313340572,0x87d2bb5476b8322b:0x52d6479bbb42069c,34.73658,-92.2727544,https://lh3.googleusercontent.com/gps-cs-s/AHRPTWl9xeo7bqoymw8GbcY8RgT96m7CnbTdJiEKpxq0TlzKpo-i-IrUlvQnVw8y7lpR6LfhvjC2gNUmohRE6ALe7G5jsVSOLhwRKKU05gegwJ6vMbe-yCWBOVBXQQ940QGoYyiquTogPsjdhwaY=w408-h544-k-no,America/Chicago,www.ronismacbar.com/app,www.ronismacbar.com,"Thursday(2026-09-03): [11 AM–10 PM], Friday(2026-09-04): [11 AM–10 PM], Saturday(2026-09-05): [11 AM–10 PM], Sunday(2026-09-06): [11 AM–10 PM], Monday(2026-09-07): [11 AM–10 PM], Tuesday(2026-09-08): [11 AM–10 PM], Wednesday(2026-09-09): [11 AM–10 PM]",https://www.google.com/search?kgmid=/g/11njt0mchm,/g/11njt0mchm,https://www.google.com/maps?cid=5969037090313340572,ChIJKzK4dlS70ocRnAZCu5tH1lI,,,,,,,,"Restaurant  Little Rock, US"
Trio's Restaurant,"8201 Cantrell Rd Suite 100, Little Rock, AR 72227",8201 Cantrell Rd Suite 100,"Little Rock, AR 72227","New American restaurant, Lunch restaurant, Restaurant","Service options: [Outdoor seating, Curbside pickup, Delivery, Takeout, Dine-in], Highlights: [Fast service, Great beer selection, Great cocktails, Great coffee, Great dessert, Great tea selection, Great wine list, Serves local specialty], Popular for: [Lunch, Dinner, Solo dining], Accessibility: [Wheelchair accessible entrance, Wheelchair accessible parking lot, Wheelchair accessible restroom, Wheelchair accessible seating], Offerings: [Alcohol, Beer, Cocktails, Coffee, Comfort food, Happy hour drinks, Hard liquor, Healthy options, Organic dishes, Private dining room, Small plates, Vegan options, Vegetarian options, Wine], Dining options: [Lunch, Dinner, Catering, Counter service, Dessert, Seating, Table service], Amenities: [Bar onsite, Gender-neutral restroom, Restroom, Wi-Fi, Wi-Fi], Atmosphere: [Casual, Cozy, Quiet, Romantic, Trendy, Upscale], Crowd: [Family-friendly, Groups, LGBTQ+ friendly, Tourists, Transgender safespace], Planning: [Dinner reservations recommended, Accepts reservations], Payments: [Checks, Credit cards, Debit cards, NFC mobile payments, Credit cards], Children: [Good for kids, High chairs, Kids' menu], Parking: [Free parking lot, Free street parking], Pets: [Dogs allowed outside]",(501) 221-3330,"(501) 221-3330, +1 501-221-3330",YES,Trio's Restaurant (Owner),115906804754109094884,https://www.google.com/maps/contrib/115906804754109094884,560,4.6,"https://search.google.com/local/reviews?placeid=ChIJUaYNecGj0ocRsVDpmorL_5g&q=Restaurant++Little+Rock,+US&authuser=0&hl=en&gl=US",11024754208991170737,0x87d2a3c1790da651:0x98ffcb8a9ae950b1,34.7764069,-92.3657704,https://lh3.googleusercontent.com/gps-cs-s/AHRPTWnkwE6Y-tJRoUMKyv2gQj5-yJI2RnhNToMwbizZPEs_DrkjZ61-EvXYjcJ1W31yziQxftCEfgzkI9Uh0DpjSr_xFLOgMsPq2Xu1QGsDR4AijENRccSGL1eYbNuIgPFgtmvYsHV7=w408-h258-k-no,America/Chicago,www.triosrestaurant.com/,www.triosrestaurant.com,"Thursday(2026-09-03): [11 AM–2 PM, 5–9 PM], Friday(2026-09-04): [11 AM–2 PM, 5–9 PM], Saturday(2026-09-05): [11 AM–2 PM, 5–9 PM], Sunday(2026-09-06): [Closed], Monday(2026-09-07): [11 AM–2 PM], Tuesday(2026-09-08): [11 AM–2 PM, 5–9 PM], Wednesday(2026-09-09): [11 AM–2 PM, 5–9 PM]",https://www.google.com/search?kgmid=/g/1tdb9cbp,/g/1tdb9cbp,https://www.google.com/maps?cid=11024754208991170737,ChIJUaYNecGj0ocRsVDpmorL_5g,,,,,,,,"Restaurant  Little Rock, US"
Big Bad Breakfast - Downtown Little Rock,"306 Main St, Little Rock, AR 72201",306 Main St,"Little Rock, AR 72201",Restaurant,"Service options: [Outdoor seating, Delivery, Onsite services, Takeout, Dine-in], Highlights: [Fast service, Great cocktails, Great coffee, Serves local specialty], Popular for: [Breakfast, Lunch, Solo dining], Accessibility: [Wheelchair accessible entrance, Wheelchair accessible parking lot, Wheelchair accessible restroom, Wheelchair accessible seating], Offerings: [Alcohol, Beer, Cocktails, Coffee, Comfort food, Hard liquor, Healthy options, Quick bite, Small plates, Vegan options, Vegetarian options, Wine], Dining options: [Breakfast, Brunch, Lunch, Catering, Dessert, Seating, Table service], Amenities: [Bar onsite, Restroom, Wi-Fi, Wi-Fi], Atmosphere: [Casual, Cozy, Trendy], Crowd: [Groups, Tourists], Payments: [Credit cards, Debit cards, NFC mobile payments, Credit cards], Children: [Good for kids, Has changing table(s), High chairs, Kids' menu], Parking: [Free street parking, Paid parking lot, Paid street parking], Pets: [Dogs allowed outside]",(501) 387-1158,"(501) 387-1158, +1 501-387-1158",YES,Big Bad Breakfast - Downtown Little Rock (Owner),113043885709804402553,https://www.google.com/maps/contrib/113043885709804402553,579,4.6,"https://search.google.com/local/reviews?placeid=ChIJ81DZfBC70ocRSNH6RvSQrKk&q=Restaurant++Little+Rock,+US&authuser=0&hl=en&gl=US",12226306467241316680,0x87d2bb107cd950f3:0xa9ac90f446fad148,34.7458308,-92.2709323,https://lh3.googleusercontent.com/gps-cs-s/AHRPTWnmm1AtRUah2OOYYbyeVenvwLVdOenCeQKwYuXyMVgaY10VExisKsP9tY3LfcG6tzmOLMn-ILTeD0Pr7YcqbVePOirQsITmuXeAbuaN10yeU8Y3m05FZCNMtxE9p7f-Vt8Lijt3=w408-h306-k-no,America/Chicago,bigbadbreakfast.com/,bigbadbreakfast.com,"Thursday(2026-09-03): [7 AM–2:30 PM], Friday(2026-09-04): [7 AM–2:30 PM], Saturday(2026-09-05): [7 AM–2:30 PM], Sunday(2026-09-06): [7 AM–2:30 PM], Monday(2026-09-07): [7 AM–2:30 PM], Tuesday(2026-09-08): [7 AM–2:30 PM], Wednesday(2026-09-09): [7 AM–2:30 PM]",https://www.google.com/search?kgmid=/g/11vbtk4p_1,/g/11vbtk4p_1,https://www.google.com/maps?cid=12226306467241316680,ChIJ81DZfBC70ocRSNH6RvSQrKk,,,,,,,,"Restaurant  Little Rock, US"
BCW,"1424 Main St #101, Little Rock, AR 72202",1424 Main St #101,"Little Rock, AR 72202","American restaurant, Wine bar","Service options: [Outdoor seating, Takeout, Dine-in, Delivery], Highlights: [Fast service, Great beer selection, Great cocktails, Great dessert, Great wine list, Serves local specialty], Popular for: [Lunch, Dinner, Solo dining], Accessibility: [Wheelchair accessible entrance, Wheelchair accessible parking lot, Wheelchair accessible restroom, Wheelchair accessible seating], Offerings: [Alcohol, Beer, Cocktails, Coffee, Comfort food, Happy hour drinks, Happy hour food, Hard liquor, Healthy options, Late-night food, Small plates, Vegan options, Vegetarian options, Wine], Dining options: [Breakfast, Brunch, Lunch, Dinner, Catering, Dessert, Seating, Table service], Amenities: [Bar onsite, Restroom], Atmosphere: [Casual, Cozy, Romantic, Trendy, Upscale], Crowd: [Groups, Tourists], Planning: [Accepts reservations], Payments: [Credit cards, Debit cards, NFC mobile payments, Credit cards], Children: [High chairs], Parking: [Free street parking], Pets: [Dogs allowed outside]",(501) 379-4290,"(501) 379-4290, +1 501-379-4290",YES,BCW (Owner),114089132210308772814,https://www.google.com/maps/contrib/114089132210308772814,275,4.7,"https://search.google.com/local/reviews?placeid=ChIJfZ83obO70ocRusfhfCYH3nI&q=Restaurant++Little+Rock,+US&authuser=0&hl=en&gl=US",8277061027038873530,0x87d2bbb3a1379f7d:0x72de07267ce1c7ba,34.7345322,-92.2732083,https://lh3.googleusercontent.com/gps-cs-s/AHRPTWnJf4lbaWSY48eJgXQjRHzqy-vH5f-4Me4Nb_VKsYzj-9oKHRjgDf1E6KZ2beqByWd-zgnMLsTRZUXOKkU4av8yKGRFPcFxyn9c7AtjhTzOgwOc0HURqf0wtoHgANbslXNXS76T=w408-h306-k-no,America/Chicago,www.bcwlittlerock.com/,www.bcwlittlerock.com,"Thursday(2026-09-03): [11 AM–9 PM], Friday(2026-09-04): [11 AM–10 PM], Saturday(2026-09-05): [11 AM–10 PM], Sunday(2026-09-06): [10 AM–4 PM], Monday(2026-09-07): [11 AM–9 PM], Tuesday(2026-09-08): [11 AM–9 PM], Wednesday(2026-09-09): [11 AM–9 PM]",https://www.google.com/search?kgmid=/g/11vbvgtmqk,/g/11vbvgtmqk,https://www.google.com/maps?cid=8277061027038873530,ChIJfZ83obO70ocRusfhfCYH3nI,,,,,,,,"Restaurant  Little Rock, US"
42 bar and table,"1200 President Clinton Ave, Little Rock, AR 72201",1200 President Clinton Ave,"Little Rock, AR 72201","American restaurant, Bar, Restaurant","Service options: [Outdoor seating, No-contact delivery, Delivery, Takeout, Dine-in], Highlights: [Fast service, Fireplace, Great beer selection, Great cocktails, Great coffee, Great dessert, Great wine list, Serves local specialty], Popular for: [Lunch, Dinner, Solo dining], Accessibility: [Wheelchair accessible entrance, Wheelchair accessible parking lot, Wheelchair accessible restroom, Wheelchair accessible seating], Offerings: [Alcohol, Beer, Cocktails, Coffee, Comfort food, Hard liquor, Healthy options, Private dining room, Small plates, Vegan options, Vegetarian options, Wine], Dining options: [Brunch, Lunch, Dinner, Catering, Counter service, Dessert, Seating, Table service], Amenities: [Bar onsite, Restroom, Wi-Fi, Wi-Fi], Atmosphere: [Cozy, Quiet, Trendy, Upscale], Crowd: [Family-friendly, Groups, LGBTQ+ friendly, Tourists, Transgender safespace], Planning: [Brunch reservations recommended, Dinner reservations recommended, Accepts reservations], Payments: [Credit cards, Debit cards, NFC mobile payments, Credit cards], Children: [Good for kids, High chairs, Kids' menu], Parking: [Free parking lot, Free street parking, On-site parking, Parking, Valet parking], Pets: [Dogs allowed outside]",(501) 537-0042,"(501) 537-0042, +1 501-537-0042",YES,42 bar and table (Owner),112402930107641613577,https://www.google.com/maps/contrib/112402930107641613577,503,4.5,"https://search.google.com/local/reviews?placeid=ChIJcWsmz4O70ocRyOuvrad43-E&q=Restaurant++Little+Rock,+US&authuser=0&hl=en&gl=US",16275860239909120968,0x87d2bb83cf266b71:0xe1df78a7adafebc8,34.7465158,-92.2583544,https://lh3.googleusercontent.com/gps-cs-s/AHRPTWmW5P8j9W38qPVzpVYymV4LulVjoenb6UdUJgw48cTeO5J0lyjqfz2GbtCljEEVxD_FFZPh55x70jtROTHhSiQy8Ez7GfLc7Kp3c-IDCcQsxfaue-lLjA_LLgXJ9kNekJEcQx6t=w426-h240-k-no,America/Chicago,42barandtable.org/,42barandtable.org,"Thursday(2026-09-03): [11 AM–2 PM], Friday(2026-09-04): [11 AM–2 PM], Saturday(2026-09-05): [10:30 AM–2:30 PM], Sunday(2026-09-06): [10:30 AM–2:30 PM], Monday(2026-09-07): [11 AM–2 PM], Tuesday(2026-09-08): [11 AM–2 PM], Wednesday(2026-09-09): [11 AM–2 PM]",https://www.google.com/search?kgmid=/g/1v76_5xv,/g/1v76_5xv,https://www.google.com/maps?cid=16275860239909120968,ChIJcWsmz4O70ocRyOuvrad43-E,,,,,,,,"Restaurant  Little Rock, US"
Reno's Cafe,"312 Main St, North Little Rock, AR 72114",312 Main St,"North Little Rock, AR 72114","Bar & grill, Live music venue","Service options: [Takeout, Dine-in, Delivery], Highlights: [Fast service, Great beer selection, Great cocktails, Live music, Live performances, Serves local specialty, Sports], Popular for: [Lunch, Dinner, Solo dining], Accessibility: [Wheelchair accessible entrance, Wheelchair accessible parking lot, Wheelchair accessible restroom, Wheelchair accessible seating], Offerings: [Alcohol, Beer, Cocktails, Coffee, Comfort food, Food, Food at bar, Happy hour drinks, Happy hour food, Hard liquor, Late-night food, Quick bite, Small plates, Wine], Dining options: [Lunch, Dinner, Dessert, Table service], Amenities: [Bar onsite, Restroom, Wi-Fi], Atmosphere: [Casual, Cozy, Historic, Trendy], Crowd: [Groups, Tourists], Planning: [Accepts reservations], Payments: [Credit cards, Debit cards, Credit cards], Parking: [Free parking lot, Free street parking, Parking]",(501) 376-2900,"(501) 376-2900, +1 501-376-2900",YES,Reno's Cafe (Owner),114550698330312546417,https://www.google.com/maps/contrib/114550698330312546417,415,4.5,"https://search.google.com/local/reviews?placeid=ChIJT31EZYG80ocRwOY-eJe1Ms4&q=Restaurant++Little+Rock,+US&authuser=0&hl=en&gl=US",14858137782810764992,0x87d2bc8165447d4f:0xce32b597783ee6c0,34.756616099999995,-92.26759249999999,https://lh3.googleusercontent.com/gps-cs-s/AHRPTWkWW7Ib4iMRhsfsTGzRog8sDZnyOVDLuadyOwOgkHpmUrlTxwoLApPfnJmW8lYURqyvhEpHcsNzkPkrl5ZGF4kUonwcHGSgGc50jaHO4y3w_D9KLapG1Dmpg-82qLGE47GXY8o=w426-h240-k-no,America/Chicago,renoscafe.com/,renoscafe.com,"Wednesday(2026-09-02): [11 AM–1 AM], Thursday(2026-09-03): [11 AM–2 AM], Friday(2026-09-04): [11 AM–2 AM], Saturday(2026-09-05): [11 AM–1 AM], Sunday(2026-09-06): [Closed], Monday(2026-09-07): [11 AM–12 AM], Tuesday(2026-09-08): [11 AM–1 AM]",https://www.google.com/search?kgmid=/g/1v16qvgh,/g/1v16qvgh,https://www.google.com/maps?cid=14858137782810764992,ChIJT31EZYG80ocRwOY-eJe1Ms4,,,,,,,,"Restaurant  Little Rock, US"
Riverfront Steakhouse,"2 Riverfront Pl, North Little Rock, AR 72114",2 Riverfront Pl,"North Little Rock, AR 72114","Restaurant, American restaurant, Family restaurant, Fine dining restaurant, Steak house","Service options: [Onsite services, Takeout, Dine-in, Delivery], Highlights: [Fast service, Great beer selection, Great cocktails, Great dessert, Great wine list, Serves local specialty], Popular for: [Dinner, Solo dining], Accessibility: [Wheelchair accessible entrance, Wheelchair accessible parking lot, Wheelchair accessible restroom, Wheelchair accessible seating], Offerings: [Alcohol, Beer, Cocktails, Coffee, Comfort food, Hard liquor, Healthy options, Private dining room, Salad bar, Vegetarian options, Wine], Dining options: [Dinner, Dessert, Seating, Table service], Amenities: [Bar onsite, Restroom, Wi-Fi, Wi-Fi], Atmosphere: [Cozy, Quiet, Romantic, Trendy, Upscale], Crowd: [Family-friendly, Groups, Tourists], Planning: [Dinner reservations recommended, Accepts reservations], Payments: [Credit cards, Debit cards, Credit cards], Children: [High chairs], Parking: [Free parking lot, Free street parking]",(501) 375-7825,"(501) 375-7825, +1 501-375-7825",YES,Riverfront Steakhouse (Owner),109878271820762181965,https://www.google.com/maps/contrib/109878271820762181965,547,4.2,"https://search.google.com/local/reviews?placeid=ChIJ9dMiXoK80ocRl9rMGu9epJg&q=Restaurant++Little+Rock,+US&authuser=0&hl=en&gl=US",10999020570985421463,0x87d2bc825e22d3f5:0x98a45eef1accda97,34.754552499999996,-92.2705793,https://lh3.googleusercontent.com/gps-cs-s/AHRPTWmEZFg2vuQR9-cZr3seP7QIt09lcPpNukidEr0TzLowAgfvTL-7gGz6voVmdZiSEstlI4PuJF-MoxFsvu8IDTMHTi3fPNXlSTEo0-H_R5b4vpdjnZNfc5Q8cfsfYoEYR_BEPk51cQ=w408-h271-k-no,America/Chicago,www.riverfront-steakhouse.com/,www.riverfront-steakhouse.com,"Thursday(2026-09-03): [5–9 PM], Friday(2026-09-04): [5–9 PM], Saturday(2026-09-05): [5–9 PM], Sunday(2026-09-06): [Closed], Monday(2026-09-07): [Closed], Tuesday(2026-09-08): [Closed], Wednesday(2026-09-09): [Closed]",https://www.google.com/search?kgmid=/g/1tfctrtb,/g/1tfctrtb,https://www.google.com/maps?cid=10999020570985421463,ChIJ9dMiXoK80ocRl9rMGu9epJg,,,,,,,,"Restaurant  Little Rock, US"
Ease Supper Club,"501 Main St, North Little Rock, AR 72114",501 Main St,"North Little Rock, AR 72114","Restaurant, Caterer, Event venue","From the business: [Identifies as women-owned], Service options: [Outdoor seating, Dine-in], Highlights: [Live music], Popular for: [Dinner, Solo dining], Accessibility: [Assistive hearing loop, Wheelchair accessible entrance, Wheelchair accessible parking lot, Wheelchair accessible restroom, Wheelchair accessible seating], Offerings: [Alcohol, Private dining room, Vegan options, Vegetarian options, Wine], Dining options: [Dinner, Catering, Dessert, Seating, Table service], Amenities: [Bar onsite, Gender-neutral restroom, Restroom, Wi-Fi, Wi-Fi], Atmosphere: [Cozy, Trendy], Crowd: [Groups], Planning: [Reservations required, Accepts reservations], Payments: [Credit cards, Debit cards, NFC mobile payments, Credit cards], Parking: [Free parking lot, Free street parking, Parking], Pets: [Dogs allowed outside]",(501) 400-7487,"(501) 400-7487, +1 501-400-7487",YES,Ease Supper Club (Owner),103560951413028478787,https://www.google.com/maps/contrib/103560951413028478787,17,4.9,"https://search.google.com/local/reviews?placeid=ChIJcZlpC7u90ocR87EsJuQQweY&q=Restaurant++Little+Rock,+US&authuser=0&hl=en&gl=US",16627589871307633139,0x87d2bdbb0b699971:0xe6c110e4262cb1f3,34.7582461,-92.2679491,https://lh3.googleusercontent.com/gps-cs-s/AHRPTWlr2oevFdBwBiW7JeLySd0qBJ27hYN4DzWPzR85VPtKnVlvqWDFKLnzmKOQINafdbrpwUXaE4gtJtNB3qe9MWj5p7CI1Ki3NT50ImLJ5af9aT0OfOtEIdw6sE8z12qeH2HiehRG4Za7nZo=w408-h408-k-no,America/Chicago,easesupper.club/,easesupper.club,,https://www.google.com/search?kgmid=/g/11vt3zlpmd,/g/11vt3zlpmd,https://www.google.com/maps?cid=16627589871307633139,ChIJcZlpC7u90ocR87EsJuQQweY,,,,,,,,"Restaurant  Little Rock, US"
Cache,"425 President Clinton Ave, Little Rock, AR 72201",425 President Clinton Ave,"Little Rock, AR 72201",New American restaurant,"Service options: [Outdoor seating, Delivery, Takeout, Dine-in], Highlights: [Great beer selection, Great cocktails, Great dessert, Great wine list, Live music, Serves local specialty], Popular for: [Lunch, Dinner, Solo dining], Accessibility: [Wheelchair accessible entrance, Wheelchair accessible parking lot, Wheelchair accessible restroom, Wheelchair accessible seating], Offerings: [Alcohol, Beer, Cocktails, Coffee, Happy hour drinks, Happy hour food, Hard liquor, Healthy options, Late-night food, Organic dishes, Private dining room, Small plates, Vegetarian options, Wine], Dining options: [Lunch, Dinner, Catering, Dessert, Seating, Table service], Amenities: [Bar onsite, Restroom], Atmosphere: [Cozy, Romantic, Trendy, Upscale], Crowd: [Groups, Tourists], Planning: [Dinner reservations recommended, Accepts reservations], Payments: [Credit cards, Debit cards, Credit cards], Parking: [Valet parking]",(501) 285-8381,"(501) 285-8381, +1 501-285-8381",YES,Cache (Owner),118211655419253340697,https://www.google.com/maps/contrib/118211655419253340697,794,4.3,"https://search.google.com/local/reviews?placeid=ChIJw7I-LXm70ocR8K9BUBjCxU8&q=Restaurant++Little+Rock,+US&authuser=0&hl=en&gl=US",5748213909089791984,0x87d2bb792d3eb2c3:0x4fc5c2185041aff0,34.747352899999996,-92.26568619999999,https://lh3.googleusercontent.com/gps-cs-s/AHRPTWnmHneSbwUr_Rrk5SRC_PllAJ_oB8zIRn-XQuSlS0YXghRPgu3H_jKIepUkX0IzlgZXJ47mfTW9NYNRigNjwQGcM609APAuVrH15UIBaelyNP5GQGAM9qrFnVl8kLLd-gwmyn4O=w408-h306-k-no,America/Chicago,www.cachelittlerock.com/,www.cachelittlerock.com,"Thursday(2026-09-03): [11 AM–2 PM, 5–10 PM], Friday(2026-09-04): [11 AM–2 PM, 5–10 PM], Saturday(2026-09-05): [5–10 PM], Sunday(2026-09-06): [Closed], Monday(2026-09-07): [11 AM–2 PM, 5–10 PM], Tuesday(2026-09-08): [11 AM–2 PM, 5–10 PM], Wednesday(2026-09-09): [11 AM–2 PM, 5–10 PM]",https://www.google.com/search?kgmid=/g/1pt_ff1ms,/g/1pt_ff1ms,https://www.google.com/maps?cid=5748213909089791984,ChIJw7I-LXm70ocR8K9BUBjCxU8,,,,,,,,"Restaurant  Little Rock, US"
Brood and Barley,"411 Main St, North Little Rock, AR 72114",411 Main St,"North Little Rock, AR 72114",Gastropub,"Service options: [Outdoor seating, Takeout, Dine-in, Delivery], Highlights: [Fast service, Great beer selection, Great cocktails, Great wine list, Serves local specialty], Popular for: [Lunch, Dinner, Solo dining], Accessibility: [Wheelchair accessible entrance, Wheelchair accessible parking lot, Wheelchair accessible restroom, Wheelchair accessible seating], Offerings: [Alcohol, Beer, Cocktails, Coffee, Comfort food, Food, Food at bar, Happy hour drinks, Happy hour food, Hard liquor, Healthy options, Late-night food, Small plates, Wine], Dining options: [Brunch, Lunch, Dinner, Dessert, Seating, Table service], Amenities: [Bar onsite, Gender-neutral restroom, Restroom, Wi-Fi, Wi-Fi], Atmosphere: [Casual, Cozy, Trendy], Crowd: [Groups, LGBTQ+ friendly, Tourists], Planning: [Accepts reservations], Payments: [Credit cards, Debit cards, NFC mobile payments, Credit cards], Children: [Good for kids, High chairs], Parking: [Free street parking, Paid parking lot], Pets: [Dogs allowed, Dogs allowed outside]",(501) 400-8967,"(501) 400-8967, +1 501-400-8967",YES,Brood and Barley (Owner),111089582035462527502,https://www.google.com/maps/contrib/111089582035462527502,749,4.5,"https://search.google.com/local/reviews?placeid=ChIJn_-HGX690ocRsGAPl56ndZs&q=Restaurant++Little+Rock,+US&authuser=0&hl=en&gl=US",11202043947735015600,0x87d2bd7e1987ff9f:0x9b75a79e970f60b0,34.7575145,-92.26783239999999,https://lh3.googleusercontent.com/gps-cs-s/AHRPTWkvwuEphqzbonhnsmLqeXlYseIfteQvTw3b6VSBeFsmXADKwsgGazq8-Yr-I_Gf5DLN0i4Xm0dzECuHZcEEHpuVhT5KUPHD_hGt8nGe9JN3JGv0Mn9J-GCLaAmO71-dzZFSvMLj=w408-h306-k-no,America/Chicago,www.broodandbarley.com/,www.broodandbarley.com,"Thursday(2026-09-03): [11 AM–10 PM], Friday(2026-09-04): [11 AM–11 PM], Saturday(2026-09-05): [11 AM–11 PM], Sunday(2026-09-06): [Closed], Monday(2026-09-07): [11 AM–10 PM], Tuesday(2026-09-08): [11 AM–10 PM], Wednesday(2026-09-09): [11 AM–10 PM]",https://www.google.com/search?kgmid=/g/11jp2s9whk,/g/11jp2s9whk,https://www.google.com/maps?cid=11202043947735015600,ChIJn_-HGX690ocRsGAPl56ndZs,,,,,,,,"Restaurant  Little Rock, US"
Smashed N' Stacked,"1020 E 6th St #4, Little Rock, AR 72202",1020 E 6th St #4,"Little Rock, AR 72202","Restaurant, Mobile caterer","Service options: [Delivery, Onsite services, Takeout], Offerings: [Coffee, Comfort food, Late-night food, Vegan options, Vegetarian options], Dining options: [Lunch, Dinner], Crowd: [Family-friendly, LGBTQ+ friendly, Transgender safespace], Payments: [Credit cards, Debit cards, NFC mobile payments, Credit cards], Children: [Good for kids, Kids' menu], Parking: [Parking]",(501) 291-2353,"(501) 291-2353, +1 501-291-2353",YES,Smashed N' Stacked (Owner),115760821755841897093,https://www.google.com/maps/contrib/115760821755841897093,251,4.7,"https://search.google.com/local/reviews?placeid=ChIJq4H6ISq70ocRARdM_-tq20Y&q=Restaurant++Little+Rock,+US&authuser=0&hl=en&gl=US",5105792164387624705,0x87d2bb2a21fa81ab:0x46db6aebff4c1701,34.742120899999996,-92.2592312,https://lh3.googleusercontent.com/gps-cs-s/AHRPTWkdEXKwCEIKB5a161lrpJUxDbBHB_vdFbkABS7qSYvI1jQBmxssPR9IOGPqzuDsfuoIaxRlaSR1rem-2RZuOcbYaBpRVC60vdtEPh2HA4X-hPehnb_qNOhJWgyqbz4KZAnvU7dOMg=w408-h306-k-no,America/Chicago,www.toasttab.com/smashednstacked,www.toasttab.com,"Thursday(2026-09-03): [11 AM–5 PM], Friday(2026-09-04): [11 AM–9 PM], Saturday(2026-09-05): [11 AM–9 PM], Sunday(2026-09-06): [Closed], Monday(2026-09-07): [Closed], Tuesday(2026-09-08): [11 AM–9 PM], Wednesday(2026-09-09): [11 AM–9 PM]",https://www.google.com/search?kgmid=/g/11tg6fdc0f,/g/11tg6fdc0f,https://www.google.com/maps?cid=5105792164387624705,ChIJq4H6ISq70ocRARdM_-tq20Y,,,,,,,,"Restaurant  Little Rock, US"
White Water Tavern,"2500 W 7th St, Little Rock, AR 72205",2500 W 7th St,"Little Rock, AR 72205","Restaurant, Live music bar","From the business: [Identifies as women-owned], Service options: [Outdoor seating, Onsite services, Takeout, Dine-in, Delivery], Highlights: [Active military discounts, Bar games, Fast service, Great beer selection, Great cocktails, Karaoke, Live music, Live performances, Sports, Trivia night], Popular for: [Solo dining], Accessibility: [Wheelchair accessible entrance, Wheelchair accessible parking lot, Wheelchair accessible seating, Assistive hearing loop], Offerings: [Alcohol, Beer, Cocktails, Food, Food at bar, Happy hour drinks, Happy hour food, Hard liquor, Wine], Dining options: [Seating, Table service], Amenities: [Bar onsite, Restaurant, Restroom, Wi-Fi, Wi-Fi], Atmosphere: [Casual, Cozy, Trendy], Crowd: [Groups, LGBTQ+ friendly, Tourists], Planning: [Accepts reservations], Payments: [Credit cards, Debit cards, NFC mobile payments, Credit cards], Parking: [Free parking lot, Free street parking, Parking], Pets: [Dogs allowed]",(501) 375-8400,"(501) 375-8400, +1 501-375-8400",YES,White Water Tavern (Owner),116750254604345947892,https://www.google.com/maps/contrib/116750254604345947892,677,4.7,"https://search.google.com/local/reviews?placeid=ChIJ_3BlFVO70ocRQKlT8Qldn80&q=Restaurant++Little+Rock,+US&authuser=0&hl=en&gl=US",14816663596357101888,0x87d2bb53156570ff:0xcd9f5d09f153a940,34.745416,-92.301265,https://lh3.googleusercontent.com/gps-cs-s/AHRPTWlYJWdzwoGB3RrHA6ZALZfyNT6tVoiDSdj1FxPKgRLdE3QLuL43x5-U8iSWMs2jQ_ZUxh_oLy022skG9KzR3mXyDrAzzsRbHSLUG2mAD_TZBVhdGxPLBfrlnmppzQmW45jtAit_=w408-h307-k-no,America/Chicago,whitewatertavern.com/,whitewatertavern.com,"Thursday(2026-09-03): [4 PM–12 AM], Friday(2026-09-04): [4 PM–2 AM], Saturday(2026-09-05): [7 PM–1 AM], Sunday(2026-09-06): [4–10 PM], Monday(2026-09-07): [Closed], Tuesday(2026-09-08): [4 PM–12 AM], Wednesday(2026-09-09): [4 PM–12 AM]",https://www.google.com/search?kgmid=/g/1tl_m7qh,/g/1tl_m7qh,https://www.google.com/maps?cid=14816663596357101888,ChIJ_3BlFVO70ocRQKlT8Qldn80,,,,,,,,"Restaurant  Little Rock, US"
One Eleven,"111 W Markham St, Little Rock, AR 72201",111 W Markham St,"Little Rock, AR 72201","Fine dining restaurant, American restaurant, Bar, Eclectic restaurant, Restaurant","Service options: [Onsite services, Takeout, Dine-in, Delivery], Highlights: [Great cocktails, Great coffee, Great dessert, Great wine list], Popular for: [Breakfast, Lunch, Dinner, Solo dining], Accessibility: [Wheelchair accessible entrance, Wheelchair accessible parking lot, Wheelchair accessible restroom, Wheelchair accessible seating], Offerings: [Alcohol, Beer, Cocktails, Coffee, Comfort food, Hard liquor, Healthy options, Vegetarian options, Wine], Dining options: [Breakfast, Brunch, Lunch, Dinner, Dessert, Table service], Amenities: [Bar onsite, Restroom, Wi-Fi, Wi-Fi], Atmosphere: [Cozy, Historic, Quiet, Romantic, Trendy, Upscale], Crowd: [Groups, Tourists], Planning: [Brunch reservations recommended, Dinner reservations recommended, Accepts reservations], Payments: [Credit cards, Debit cards], Children: [High chairs], Parking: [Valet parking]",(501) 370-7011,"(501) 370-7011, +1 501-370-7011",YES,One Eleven (Owner),112522684451187561993,https://www.google.com/maps/contrib/112522684451187561993,179,4.4,"https://search.google.com/local/reviews?placeid=ChIJV68kmny70ocRd5xVaNWX9l0&q=Restaurant++Little+Rock,+US&authuser=0&hl=en&gl=US",6770766032632388727,0x87d2bb7c9a24af57:0x5df697d568559c77,34.748097699999995,-92.27104109999999,https://lh3.googleusercontent.com/gps-cs-s/AHRPTWmvgcXhR3YTnhk8lvm-oSWrQd5lWX3E9F0M7iLZNjEIIyFTJ4PaCPSIlHUVFuBIGtRaTZys9jrRYgRNQa2Ddkt3dm4FCVD0JJWy3_UoEddp-gvYCpjOE9MM01aU6QZXWut2R0AjVA=w408-h306-k-no,America/Chicago,www.oneelevenlittlerock.com/,www.oneelevenlittlerock.com,"Thursday(2026-09-03): [7 AM–10 PM], Friday(2026-09-04): [7 AM–10 PM], Saturday(2026-09-05): [7 AM–2 PM], Sunday(2026-09-06): [7 AM–2 PM], Monday(2026-09-07): [7 AM–10 PM], Tuesday(2026-09-08): [7 AM–10 PM], Wednesday(2026-09-09): [7 AM–10 PM]",https://www.google.com/search?kgmid=/g/1tgpnkm5,/g/1tgpnkm5,https://www.google.com/maps?cid=6770766032632388727,ChIJV68kmny70ocRd5xVaNWX9l0,,,,,,,,"Restaurant  Little Rock, US"
Cotham's In the City,"1401 W 3rd St, Little Rock, AR 72201",1401 W 3rd St,"Little Rock, AR 72201","Restaurant, American restaurant, Chicken restaurant, Hamburger restaurant, Southern restaurant (US)","Service options: [Delivery, Takeout, Dine-in], Highlights: [Serves local specialty], Popular for: [Lunch, Solo dining], Accessibility: [Wheelchair accessible entrance, Wheelchair accessible parking lot, Wheelchair accessible restroom, Wheelchair accessible seating], Offerings: [Coffee, Comfort food, Quick bite], Dining options: [Lunch, Catering, Dessert, Seating, Table service], Amenities: [Restroom], Atmosphere: [Casual, Cozy, Historic, Trendy], Crowd: [Family-friendly, Groups, Tourists], Planning: [Accepts reservations], Payments: [Credit cards, Debit cards, Credit cards], Children: [Good for kids, High chairs, Kids' menu], Parking: [Free parking lot, Free street parking, On-site parking, Parking]",(501) 370-9177,"(501) 370-9177, +1 501-370-9177",YES,Cotham's In the City (Owner),112036780149934524121,https://www.google.com/maps/contrib/112036780149934524121,755,4.6,"https://search.google.com/local/reviews?placeid=ChIJe8vJvV670ocRrfOTXqGHtMw&q=Restaurant++Little+Rock,+US&authuser=0&hl=en&gl=US",14750563806691455917,0x87d2bb5ebdc9cb7b:0xccb487a15e93f3ad,34.7481346,-92.2865417,https://lh3.googleusercontent.com/gps-cs-s/AHRPTWkbgT53Io8rgek9sNRAsgLRXcFN6gJWadEMtLovr3K0alPA12cF7DOTqTEdoj11VFyEjsI85v8jUwLWOJXPCcOAMkXkQ5uCyKO_pq4HEdyB5bNUw1cpegzgf4N5lplGjQirJH2I=w426-h240-k-no,America/Chicago,www.cothams.com/,www.cothams.com,"Thursday(2026-09-03): [11 AM–2 PM], Friday(2026-09-04): [11 AM–2 PM], Saturday(2026-09-05): [Closed], Sunday(2026-09-06): [Closed], Monday(2026-09-07): [11 AM–2 PM], Tuesday(2026-09-08): [11 AM–2 PM], Wednesday(2026-09-09): [11 AM–2 PM]",https://www.google.com/search?kgmid=/g/1tfzsg4z,/g/1tfzsg4z,https://www.google.com/maps?cid=14750563806691455917,ChIJe8vJvV670ocRrfOTXqGHtMw,,,,,,,,"Restaurant  Little Rock, US"
Camp David Restaurant,"600 I-30, Little Rock, AR 72202",600 I-30,"Little Rock, AR 72202",Restaurant,"From the business: [Identifies as women-owned], Service options: [Outdoor seating, Takeout, Dine-in, Delivery], Highlights: [Fast service, Great dessert, Serves local specialty, Sports], Popular for: [Breakfast, Lunch, Dinner, Solo dining], Accessibility: [Wheelchair accessible entrance, Wheelchair accessible parking lot, Wheelchair accessible restroom, Wheelchair accessible seating], Offerings: [Alcohol, Beer, Cocktails, Coffee, Comfort food, Happy hour drinks, Hard liquor, Late-night food, Organic dishes, Quick bite, Small plates, Vegan options, Vegetarian options, Wine], Dining options: [Breakfast, Brunch, Lunch, Dinner, Catering, Dessert, Seating, Table service], Amenities: [Bar onsite, Restroom, Wi-Fi, Wi-Fi], Atmosphere: [Casual, Cozy], Crowd: [Family-friendly, Groups, LGBTQ+ friendly, Tourists], Planning: [Accepts reservations], Payments: [Credit cards, Debit cards, Credit cards], Children: [Good for kids, High chairs, Kids' menu], Parking: [Free parking garage, Free parking lot, Free street parking]",(501) 200-4242,"(501) 200-4242, +1 501-200-4242",YES,Camp David Restaurant (Owner),107376828604361948391,https://www.google.com/maps/contrib/107376828604361948391,91,3.9,"https://search.google.com/local/reviews?placeid=ChIJC5pUw3e70ocRqKAPgTmGU1Y&q=Restaurant++Little+Rock,+US&authuser=0&hl=en&gl=US",6220463091865329832,0x87d2bb77c3549a0b:0x56538639810fa0a8,34.7418225,-92.2637398,https://lh3.googleusercontent.com/gps-cs-s/AHRPTWkTbZOIJW9beuk0xFlsZp0lQrdJAxIl0febuDIG1BNpexHcjXU9LBzIkoItu1_5wfPNA4aTUmMN609VuTcg1t4_L9-CMzmQWs33kMo2YJ_d7BciPDErk94f9hjhKEqjHR37JQJH=w408-h271-k-no,America/Chicago,www.facebook.com/CampDavidLittleRock/,www.facebook.com,"Thursday(2026-09-03): [6–10 AM, 5–10 PM], Friday(2026-09-04): [6–10 AM, 5–10 PM], Saturday(2026-09-05): [7–10 AM, 5–10 PM], Sunday(2026-09-06): [7–10 AM, 5–10 PM], Monday(2026-09-07): [6–10 AM, 5–10 PM], Tuesday(2026-09-08): [6–10 AM, 5–10 PM], Wednesday(2026-09-09): [6–10 AM, 5–10 PM]",https://www.google.com/search?kgmid=/g/1tcx7k2m,/g/1tcx7k2m,https://www.google.com/maps?cid=6220463091865329832,ChIJC5pUw3e70ocRqKAPgTmGU1Y,,,,,,,,"Restaurant  Little Rock, US"
Dizzy's Gypsy Bistro,"200 River Market Ave #150, Little Rock, AR 72201",200 River Market Ave #150,"Little Rock, AR 72201","Bistro, Bar, Restaurant","Service options: [Outdoor seating, No-contact delivery, Delivery, Takeout, Dine-in], Highlights: [Fast service, Great beer selection, Great cocktails, Great dessert, Great wine list, Serves local specialty], Popular for: [Lunch, Dinner, Solo dining], Accessibility: [Wheelchair accessible entrance, Wheelchair accessible parking lot, Wheelchair accessible restroom, Wheelchair accessible seating], Offerings: [Alcohol, Beer, Cocktails, Coffee, Comfort food, Happy hour drinks, Happy hour food, Hard liquor, Healthy options, Quick bite, Small plates, Wine], Dining options: [Brunch, Lunch, Dinner, Dessert, Seating, Table service], Amenities: [Bar onsite, Restroom], Atmosphere: [Casual, Cozy, Quiet, Romantic, Trendy], Crowd: [College students, Groups, Tourists], Planning: [Accepts reservations], Payments: [Credit cards, Debit cards, NFC mobile payments, Credit cards], Children: [High chairs, Kids' menu], Parking: [Free street parking, Paid parking lot, Paid street parking, Parking], Pets: [Dogs allowed outside]",(501) 375-3500,"(501) 375-3500, +1 501-375-3500",YES,Dizzy's Gypsy Bistro (Owner),103169402540871166569,https://www.google.com/maps/contrib/103169402540871166569,945,4.6,"https://search.google.com/local/reviews?placeid=ChIJYUVdGnm70ocR2o1K6t51vDo&q=Restaurant++Little+Rock,+US&authuser=0&hl=en&gl=US",4232387350095367642,0x87d2bb791a5d4561:0x3abc75deea4a8dda,34.7458738,-92.2660047,https://lh3.googleusercontent.com/gps-cs-s/AHRPTWlYDplZ07i0OpywXi7kxq1t9AvJC7ESAmqcWUpXErd6VKLBFLqU_tQux3D6iRA3NPFKOFlhzS2xXmH8NormY08N-WGt_W_gfQmufpVBaUpvtUwuInjoyuwuPq5Vt8n24zZ8Tx-p=w426-h240-k-no,America/Chicago,dizzyslr.com/,dizzyslr.com,"Thursday(2026-09-03): [11 AM–9 PM], Friday(2026-09-04): [11 AM–10 PM], Saturday(2026-09-05): [11 AM–10 PM], Sunday(2026-09-06): [Closed], Monday(2026-09-07): [Closed], Tuesday(2026-09-08): [11 AM–9 PM], Wednesday(2026-09-09): [11 AM–9 PM]",https://www.google.com/search?kgmid=/g/1tfjr771,/g/1tfjr771,https://www.google.com/maps?cid=4232387350095367642,ChIJYUVdGnm70ocR2o1K6t51vDo,,,,,,,,"Restaurant  Little Rock, US"
Little Rock Marriott,"3 Statehouse Plaza, Little Rock, AR 72201",3 Statehouse Plaza,"Little Rock, AR 72201","Hotel, Conference center",Crowd: [LGBTQ+ friendly],(501) 906-4000,"(501) 906-4000, +1 501-906-4000",YES,Little Rock Marriott (Owner),116646643567376071522,https://www.google.com/maps/contrib/116646643567376071522,4084,4.5,"https://search.google.com/local/reviews?placeid=ChIJp-UylHy70ocRzn9eHqCL2UM&q=Restaurant++Little+Rock,+US&authuser=0&hl=en&gl=US",4889092390307921870,0x87d2bb7c9432e5a7:0x43d98ba01e5e7fce,34.7484053,-92.2713122,https://lh3.googleusercontent.com/gps-cs-s/AHRPTWka9fNkLYoZQlm2ZlnXGeCSfju9IxPCuUMxg2C2nj2eLOB-h8YddufwHiwXvKRs-FklDXbE66IIznYgpvQyKVPP-boCrdcFecXnmQzkV_kAOmsyzoIXLg5BzcXpK_9GhnzUO83F=w426-h240-k-no,America/Chicago,www.marriott.com/en-us/hotels/litpb-little-rock-marriott/overview/?scid=f2ae0541-1279-4f24-b197-a979c79310b0,www.marriott.com,,https://www.google.com/search?kgmid=/g/11bbrp5xps,/g/11bbrp5xps,https://www.google.com/maps?cid=4889092390307921870,ChIJp-UylHy70ocRzn9eHqCL2UM,,,,,,,,"Restaurant  Little Rock, US"
Lost Forty Brewing,"501 Byrd St, Little Rock, AR 72202",501 Byrd St,"Little Rock, AR 72202","Brewery, Restaurant","Service options: [Onsite services, Delivery], Accessibility: [Wheelchair accessible entrance, Wheelchair accessible parking lot, Wheelchair accessible restroom, Wheelchair accessible seating], Offerings: [Alcohol, Beer], Amenities: [Bar onsite, Gender-neutral restroom], Payments: [Credit cards, Debit cards, NFC mobile payments, Credit cards], Parking: [Free parking lot, Free street parking, Paid parking lot, Paid street parking]",(501) 319-7275,"(501) 319-7275, +1 501-319-7275",YES,Lost Forty Brewing (Owner),114398355133673219763,https://www.google.com/maps/contrib/114398355133673219763,1357,4.7,"https://search.google.com/local/reviews?placeid=ChIJ4xamJYO70ocRamvEDoqa10M&q=Restaurant++Little+Rock,+US&authuser=0&hl=en&gl=US",4888545838277880682,0x87d2bb8325a616e3:0x43d79a8a0ec46b6a,34.742613,-92.25926199999999,https://lh3.googleusercontent.com/gps-cs-s/AHRPTWkFSpYb97kFLAdqJKuZ-rFuY25bgVLs6LOLDAmLADtqr0yD17L0eznICAM9ggJqP6nAUHaiDRdV1K32-rl-391gAR_WMHeEqN0_D4-dRwe9YGcdmrS3JcxWjeOZTQSij5T1u_t7=w408-h306-k-no,America/Chicago,www.lost40brewing.com/,www.lost40brewing.com,"Thursday(2026-09-03): [11 AM–9 PM], Friday(2026-09-04): [11 AM–10 PM], Saturday(2026-09-05): [11 AM–10 PM], Sunday(2026-09-06): [9 AM–9 PM], Monday(2026-09-07): [11 AM–9 PM], Tuesday(2026-09-08): [11 AM–9 PM], Wednesday(2026-09-09): [11 AM–9 PM]",https://www.google.com/search?kgmid=/g/11b6vrtll5,/g/11b6vrtll5,https://www.google.com/maps?cid=4888545838277880682,ChIJ4xamJYO70ocRamvEDoqa10M,,,,,,,,"Restaurant  Little Rock, US"
Gus's World Famous Fried Chicken,"300 President Clinton Ave, Little Rock, AR 72201",300 President Clinton Ave,"Little Rock, AR 72201","Chicken restaurant, Soul food restaurant","Service options: [Delivery, Onsite services, Takeout, Dine-in], Highlights: [Fast service, Serves local specialty], Popular for: [Lunch, Dinner, Solo dining], Accessibility: [Wheelchair accessible entrance, Wheelchair accessible parking lot, Wheelchair accessible restroom, Wheelchair accessible seating], Offerings: [Alcohol, Beer, Comfort food, Quick bite, Small plates], Dining options: [Brunch, Lunch, Dinner, Catering, Counter service, Dessert, Seating, Table service], Amenities: [Restroom], Atmosphere: [Casual, Cozy, Trendy], Crowd: [College students, Family-friendly, Tourists], Planning: [Accepts reservations], Payments: [Credit cards, Debit cards, NFC mobile payments, Credit cards], Children: [Good for kids, High chairs, Kids' menu], Parking: [Free parking lot, Free street parking, Paid parking lot, Paid street parking, Parking]",(501) 372-2211,"(501) 372-2211, +1 501-372-2211",YES,Gus's World Famous Fried Chicken (Owner),109459406522789108367,https://www.google.com/maps/contrib/109459406522789108367,1504,4.2,"https://search.google.com/local/reviews?placeid=ChIJ8aVMqn670ocRkpMGBWeT3So&q=Restaurant++Little+Rock,+US&authuser=0&hl=en&gl=US",3088786990121259922,0x87d2bb7eaa4ca5f1:0x2add936705069392,34.7477944,-92.2674378,https://lh3.googleusercontent.com/gps-cs-s/AHRPTWmxsfjqPjsuLy_6zLe6aE8JlHoHB4xm7rVU83TgGFGvrJo1DeNzr6-3xia4w60dh1M7-MT6aDsrQFXVfgTOLynhgaoTWEYGsWlketioGxIj2o-j3yGf9UjN936qQ89Fy2zpCTII=w426-h240-k-no,America/Chicago,gusfriedchicken.com/,gusfriedchicken.com,"Thursday(2026-09-03): [11 AM–9 PM], Friday(2026-09-04): [11 AM–10 PM], Saturday(2026-09-05): [11 AM–10 PM], Sunday(2026-09-06): [11 AM–9 PM], Monday(2026-09-07): [11 AM–9 PM], Tuesday(2026-09-08): [11 AM–9 PM], Wednesday(2026-09-09): [11 AM–9 PM]",https://www.google.com/search?kgmid=/g/12hm0512z,/g/12hm0512z,https://www.google.com/maps?cid=3088786990121259922,ChIJ8aVMqn670ocRkpMGBWeT3So,,,,,,,,"Restaurant  Little Rock, US"
Deluca's Pizza - Little Rock,"10301 N Rodney Parham Rd, Little Rock, AR 72227",10301 N Rodney Parham Rd,"Little Rock, AR 72227","Pizza restaurant, Bar","Service options: [Curbside pickup, Onsite services, Takeout, Dine-in, Delivery], Highlights: [Fast service, Great beer selection, Great cocktails, Serves local specialty], Popular for: [Lunch, Dinner, Solo dining], Accessibility: [Wheelchair accessible entrance, Wheelchair accessible parking lot, Wheelchair accessible restroom, Wheelchair accessible seating], Offerings: [Alcohol, Beer, Cocktails, Comfort food, Happy hour drinks, Hard liquor, Private dining room, Small plates, Vegan options, Vegetarian options, Wine], Dining options: [Lunch, Dinner, Dessert, Seating, Table service], Amenities: [Bar onsite, Restroom], Atmosphere: [Casual, Cozy, Trendy], Crowd: [Family-friendly, Groups, LGBTQ+ friendly, Tourists, Transgender safespace], Planning: [Accepts reservations], Payments: [Credit cards, Debit cards, NFC mobile payments, Credit cards], Children: [Good for kids, High chairs], Parking: [Free parking lot, Free street parking, On-site parking], Pets: [Dogs allowed outside]",(501) 246-5656,"(501) 246-5656, +1 501-246-5656",YES,Deluca's Pizza - Little Rock (Owner),109953115446163533691,https://www.google.com/maps/contrib/109953115446163533691,388,4.4,"https://search.google.com/local/reviews?placeid=ChIJD6p1WwCh0ocRFRXrHh1JTDc&q=Restaurant++Little+Rock,+US&authuser=0&hl=en&gl=US",3984640159737648405,0x87d2a1005b75aa0f:0x374c491d1eeb1515,34.7661234,-92.3885,https://lh3.googleusercontent.com/gps-cs-s/AHRPTWnwRMj5Z_t1ZqaznzhacMPeo_URfpP6Tde0tO363Gpo3CMEV-rTLuKyZ-670s55bUf9lBnMfk7y2yqm12K5m60XP5k7cu2SgiylFavWmAUEfXHYn1Q8oET1YcNzh3PyWm0fmlWGWpfsqlU=w408-h272-k-no,America/Chicago,originaldelucas.com/,originaldelucas.com,"Thursday(2026-09-03): [4–9 PM], Friday(2026-09-04): [11 AM–9 PM], Saturday(2026-09-05): [11 AM–9 PM], Sunday(2026-09-06): [11 AM–8 PM], Monday(2026-09-07): [Closed], Tuesday(2026-09-08): [4–9 PM], Wednesday(2026-09-09): [4–9 PM]",https://www.google.com/search?kgmid=/g/11wjcjy743,/g/11wjcjy743,https://www.google.com/maps?cid=3984640159737648405,ChIJD6p1WwCh0ocRFRXrHh1JTDc,,,,,,,,"Restaurant  Little Rock, US"
Raduno | Brick Oven & Barroom,"1318 S Main St Suite 100, Little Rock, AR 72202",1318 S Main St Suite 100,"Little Rock, AR 72202","Restaurant, Bar, Brunch restaurant","Service options: [Outdoor seating, Delivery, Onsite services, Takeout, Dine-in], Highlights: [Fast service, Great beer selection, Great cocktails, Great wine list, Serves local specialty, Sports], Popular for: [Lunch, Dinner, Solo dining], Accessibility: [Wheelchair accessible entrance, Wheelchair accessible parking lot, Wheelchair accessible restroom, Wheelchair accessible seating], Offerings: [Alcohol, Beer, Cocktails, Coffee, Comfort food, Happy hour drinks, Happy hour food, Hard liquor, Healthy options, Small plates, Vegan options, Vegetarian options, Wine], Dining options: [Breakfast, Brunch, Lunch, Dinner, Catering, Dessert, Seating, Table service], Amenities: [Bar onsite, Gender-neutral restroom, Restroom, Wi-Fi, Wi-Fi], Atmosphere: [Casual, Cozy, Trendy], Crowd: [Family-friendly, Groups, LGBTQ+ friendly, Tourists, Transgender safespace], Planning: [Accepts reservations], Payments: [Credit cards, Debit cards, NFC mobile payments, Credit cards], Children: [Good for kids, High chairs, Kids' menu], Parking: [Free parking lot, Free street parking, Paid parking lot, Paid street parking, Parking], Pets: [Dogs allowed, Dogs allowed outside]",(501) 374-7476,"(501) 374-7476, +1 501-374-7476",YES,Raduno | Brick Oven & Barroom (Owner),117957989452686892437,https://www.google.com/maps/contrib/117957989452686892437,899,4.5,"https://search.google.com/local/reviews?placeid=ChIJ22_QB3K70ocRl-Ektnz-uvA&q=Restaurant++Little+Rock,+US&authuser=0&hl=en&gl=US",17346456726356156823,0x87d2bb7207d06fdb:0xf0bafe7cb624e197,34.735800399999995,-92.2731378,https://lh3.googleusercontent.com/gps-cs-s/AHRPTWnExf4QzCDmPRWbfMkP7QNV6oXOs8awxPvaCATTR4-cd9WgkTVj1wdzNcFkSGlGJOBdpUmqjQzYkvJoNBsabc1awaBwHnbJwT5d992P8IgdQ6XRWbXDLMLa4PwrfYuhemb2oCjhSA=w408-h306-k-no,America/Chicago,radunolr.com/,radunolr.com,"Thursday(2026-09-03): [11 AM–9 PM], Friday(2026-09-04): [11 AM–10 PM], Saturday(2026-09-05): [11 AM–10 PM], Sunday(2026-09-06): [10 AM–9 PM], Monday(2026-09-07): [Closed], Tuesday(2026-09-08): [11 AM–9 PM], Wednesday(2026-09-09): [11 AM–9 PM]",https://www.google.com/search?kgmid=/g/11c3k6g3qv,/g/11c3k6g3qv,https://www.google.com/maps?cid=17346456726356156823,ChIJ22_QB3K70ocRl-Ektnz-uvA,,,,,,,,"Restaurant  Little Rock, US"
Rock N Roll Sushi,"12800 Chenal Pkwy #10, Little Rock, AR 72211",12800 Chenal Pkwy #10,"Little Rock, AR 72211","Restaurant, Asian fusion restaurant, Bar, Cocktail bar, Fish restaurant, Japanese restaurant, Lunch restaurant, Seafood restaurant, Sushi restaurant, Sushi takeaway","Service options: [Delivery, Onsite services, Takeout, Dine-in], Highlights: [Fast service, Great cocktails, Great tea selection], Popular for: [Lunch, Dinner, Solo dining], Accessibility: [Assistive hearing loop, Wheelchair accessible entrance, Wheelchair accessible parking lot, Wheelchair accessible restroom, Wheelchair accessible seating], Offerings: [Alcohol, Healthy options, Late-night food, Quick bite, Vegetarian options], Dining options: [Lunch, Dinner, Catering, Table service], Amenities: [Restroom], Atmosphere: [Casual, Cozy, Trendy], Crowd: [College students, Family-friendly, Groups, Tourists], Planning: [Accepts reservations], Payments: [Credit cards, Debit cards, Credit cards], Children: [Good for kids, Kids' menu], Parking: [Free parking lot, Free street parking, Parking]",(501) 313-4241,"(501) 313-4241, +1 501-313-4241",YES,Rock N Roll Sushi (Owner),115802358697431081607,https://www.google.com/maps/contrib/115802358697431081607,1058,4.5,"https://search.google.com/local/reviews?placeid=ChIJ4UdNxx2h0ocRLxa8cRZcXOI&q=Restaurant++Little+Rock,+US&authuser=0&hl=en&gl=US",16311013201896281647,0x87d2a11dc74d47e1:0xe25c5c1671bc162f,34.755089,-92.4169356,https://lh3.googleusercontent.com/gps-cs-s/AHRPTWn4vXDdkGHFfRqUo7nADLRTPtf6ZK0LDxCL-UYa_2_j5mKK8CAnePhCACXl_ZPdApGm6dbPa3J8Z62t8RB7cNrXrVGoSJl6-HIhAVa__uNlaN_QQyzNhGR8WvUjiI_nek7v3dZ9JA=w408-h544-k-no,America/Chicago,rocknrollsushi.com/locations/little-rock-ar-chenal/?utm_source=GoogleBusinessProfile&utm_medium=Website&utm_campaign=MapLabs,rocknrollsushi.com,"Thursday(2026-09-03): [11 AM–10 PM], Friday(2026-09-04): [11 AM–10 PM], Saturday(2026-09-05): [11 AM–10 PM], Sunday(2026-09-06): [11 AM–10 PM], Monday(2026-09-07): [11 AM–10 PM], Tuesday(2026-09-08): [11 AM–10 PM], Wednesday(2026-09-09): [11 AM–10 PM]",https://www.google.com/search?kgmid=/g/11j8mfg384,/g/11j8mfg384,https://www.google.com/maps?cid=16311013201896281647,ChIJ4UdNxx2h0ocRLxa8cRZcXOI,,,,,,,,"Restaurant  Little Rock, US"
Layla's Gyro,"9501 N Rodney Parham Rd #7, Little Rock, AR 72227",9501 N Rodney Parham Rd #7,"Little Rock, AR 72227","Gyro restaurant, Mediterranean restaurant, Restaurant","Service options: [Outdoor seating, Curbside pickup, Onsite services, Takeout, Dine-in], Highlights: [Serves local specialty], Popular for: [Lunch, Dinner, Solo dining], Accessibility: [Wheelchair accessible entrance, Wheelchair accessible parking lot, Wheelchair accessible restroom, Wheelchair accessible seating], Offerings: [Coffee, Comfort food, Healthy options, Quick bite, Small plates, Vegan options, Vegetarian options], Dining options: [Lunch, Dinner, Catering, Dessert, Seating, Table service], Amenities: [Restroom], Atmosphere: [Casual, Cozy, Quiet, Trendy], Crowd: [College students, Family-friendly, Groups], Planning: [Accepts reservations], Payments: [Credit cards, Debit cards, NFC mobile payments, Credit cards], Children: [Good for kids, High chairs], Parking: [Free parking lot, Free street parking, Paid parking lot, Parking]",(501) 227-7272,"(501) 227-7272, +1 501-227-7272",YES,Layla's Gyro (Owner),115756123839984551651,https://www.google.com/maps/contrib/115756123839984551651,1710,4.7,"https://search.google.com/local/reviews?placeid=ChIJe-4RBv2j0ocR6DG5cjlqYFM&q=Restaurant++Little+Rock,+US&authuser=0&hl=en&gl=US",6007918697882661352,0x87d2a3fd0611ee7b:0x53606a3972b931e8,34.7592165,-92.3797232,https://lh3.googleusercontent.com/gps-cs-s/AHRPTWmeRMWSoNuAg04AsCCmteNbu_g8d6vth4_EWC89-_c2iNQZRcv0mOwahqfahFv51BCqdxPolRWHD5xTLrEGKHjiJUBU2T4UyNwlJZZ9EznEUCQcXLFUWtb0P79i3bgzl-wFlpY=w408-h306-k-no,America/Chicago,laylasgyro.com/,laylasgyro.com,"Thursday(2026-09-03): [11 AM–8 PM], Friday(2026-09-04): [11 AM–8 PM], Saturday(2026-09-05): [11 AM–8 PM], Sunday(2026-09-06): [11 AM–4 PM], Monday(2026-09-07): [11 AM–8 PM], Tuesday(2026-09-08): [11 AM–8 PM], Wednesday(2026-09-09): [11 AM–8 PM]",https://www.google.com/search?kgmid=/g/1tc_4mqk,/g/1tc_4mqk,https://www.google.com/maps?cid=6007918697882661352,ChIJe-4RBv2j0ocR6DG5cjlqYFM,,,,,,,,"Restaurant  Little Rock, US"
The Grumpy Rabbit,"105 Front St SW, Lonoke, AR 72086",105 Front St SW,"Lonoke, AR 72086",American restaurant,"Service options: [Outdoor seating, Onsite services, Takeout, Dine-in, Delivery], Highlights: [Fast service, Great beer selection, Great cocktails, Great coffee, Great dessert, Great tea selection, Great wine list, Serves local specialty], Popular for: [Breakfast, Lunch, Dinner, Solo dining], Accessibility: [Wheelchair accessible entrance, Wheelchair accessible parking lot, Wheelchair accessible restroom, Wheelchair accessible seating], Offerings: [Alcohol, Beer, Cocktails, Coffee, Comfort food, Hard liquor, Healthy options, Private dining room, Small plates, Vegetarian options, Wine], Dining options: [Breakfast, Brunch, Lunch, Dinner, Catering, Dessert, Seating, Table service], Amenities: [Bar onsite, Restroom, Wi-Fi, Wi-Fi], Atmosphere: [Casual, Cozy, Quiet, Trendy], Crowd: [Groups, Tourists], Planning: [Accepts reservations], Payments: [Checks, Credit cards, Debit cards, NFC mobile payments, Credit cards], Children: [Good for kids, High chairs, Kids' menu], Parking: [Free parking lot, Free street parking, Paid parking lot, Parking], Pets: [Dogs allowed outside]",+1 501-438-8005,"(501) 438-8005, +1 501-438-8005",YES,The Grumpy Rabbit (Owner),100738581373734717700,https://www.google.com/maps/contrib/100738581373734717700,861,4.6,"https://search.google.com/local/reviews?placeid=ChIJcXmVMC7f0ocR-WUrh9lvJ1s&q=Restaurant++Little+Rock,+US&authuser=0&hl=en&gl=CA",6568341561609512441,0x87d2df2e30957971:0x5b276fd9872b65f9,34.7838262,-91.9004185,https://lh3.googleusercontent.com/gps-cs-s/AHRPTWkC6VfuoZ4KtZHZnXUuIOApI93Io7cZZzgo_FaCA6kc1B9HBsVOvd-pXFZ48oyuXDkXRTSlqW311zlYdxbuMWvbsgcqoIKl2kk1J-zTeU4S4f08tG5ZGfoqcxyncp-P3Pi-0ey9IA=w408-h306-k-no,America/Chicago,grumpyrabbitlonoke.com/,grumpyrabbitlonoke.com,"Thursday(2026-09-03): [11 a.m.–9 p.m.], Friday(2026-09-04): [11 a.m.–9 p.m.], Saturday(2026-09-05): [11 a.m.–9 p.m.], Sunday(2026-09-06): [11 a.m.–2 p.m.], Monday(2026-09-07): [Closed], Tuesday(2026-09-08): [Closed], Wednesday(2026-09-09): [11 a.m.–9 p.m.]",https://www.google.com/search?kgmid=/g/11qndx1xxp,/g/11qndx1xxp,https://www.google.com/maps?cid=6568341561609512441,ChIJcXmVMC7f0ocR-WUrh9lvJ1s,,,,,,,,"Restaurant  Little Rock, US"
Middle Eastern Cuisine,"400 President Clinton Ave, Little Rock, AR 72201",400 President Clinton Ave,"Little Rock, AR 72201",Middle Eastern restaurant,"Service options: [Onsite services, Takeout, Dine-in, Delivery], Popular for: [Lunch, Dinner, Solo dining], Accessibility: [Wheelchair accessible entrance, Wheelchair accessible parking lot, Wheelchair accessible restroom, Wheelchair accessible seating], Offerings: [Comfort food, Healthy options, Quick bite, Small plates, Vegan options, Vegetarian options], Dining options: [Lunch, Dinner, Dessert], Amenities: [Restroom], Atmosphere: [Casual, Quiet], Crowd: [Tourists], Payments: [Credit cards, Debit cards, NFC mobile payments, Credit cards], Children: [Good for kids], Parking: [Free parking lot, Free street parking, Paid street parking, Parking]",+1 501-372-1662,"(501) 372-1662, +1 501-372-1662",NO,Middle Eastern Cuisine (Owner),,,119,4.8,"https://search.google.com/local/reviews?placeid=ChIJMRS8yn670ocR_2icxKjf308&q=Restaurant++Little+Rock,+US&authuser=0&hl=en&gl=CA",5755564764748867839,0x87d2bb7ecabc1431:0x4fdfdfa8c49c68ff,34.7477704,-92.26626879999999,https://lh3.googleusercontent.com/gps-cs-s/AHRPTWmlMBoNcq6yzHMJFi-7nKG2Eb7Ou3r27l2ugv611jDiHUz8mbei_f9uOmFacmzvmVgEDlAX0ZpBw12LLeZ4G_LpnyYOJ6OMt4HPd6-igAvtsm6VjrATHlv7twFENqVYW66mZ2w-=w408-h306-k-no,America/Chicago,middle-eastern-cuisine.jany.io/,middle-eastern-cuisine.jany.io,"Thursday(2026-09-03): [7 a.m.–2 p.m.], Friday(2026-09-04): [7 a.m.–2 p.m.], Saturday(2026-09-05): [7 a.m.–3 p.m.], Sunday(2026-09-06): [Closed], Monday(2026-09-07): [7 a.m.–2 p.m.], Tuesday(2026-09-08): [7 a.m.–2 p.m.], Wednesday(2026-09-09): [7 a.m.–2 p.m.]",https://www.google.com/search?kgmid=/g/1tds76zq,/g/1tds76zq,https://www.google.com/maps?cid=5755564764748867839,ChIJMRS8yn670ocR_2icxKjf308,,,,,,,,"Restaurant  Little Rock, US"
Funky Stretch Pizza,"500 N Magnolia St, North Little Rock, AR 72114",500 N Magnolia St,"North Little Rock, AR 72114",American restaurant,"Service options: [Outdoor seating, Takeout, Dine-in], Highlights: [Fast service], Popular for: [Lunch, Dinner, Solo dining], Accessibility: [Wheelchair accessible entrance, Wheelchair accessible parking lot, Wheelchair accessible restroom, Wheelchair accessible seating], Offerings: [Alcohol, Beer, Cocktails, Comfort food, Quick bite, Small plates], Dining options: [Lunch, Dinner, Dessert, Seating], Amenities: [Bar onsite, Restroom], Atmosphere: [Casual, Cozy, Trendy], Crowd: [Groups, Tourists], Payments: [Credit cards, Debit cards, NFC mobile payments], Children: [Good for kids], Parking: [Free parking lot, Free street parking, Parking], Pets: [Dogs allowed outside]",+1 501-353-1123,"(501) 353-1123, +1 501-353-1123",NO,Funky Stretch Pizza (Owner),,,125,4.6,"https://search.google.com/local/reviews?placeid=ChIJnxQPZgC90ocRRmBePiyT7EI&q=Restaurant++Little+Rock,+US&authuser=0&hl=en&gl=CA",4822391119241175110,0x87d2bd00660f149f:0x42ec932c3e5e6046,34.758156299999996,-92.26492359999999,https://lh3.googleusercontent.com/gps-cs-s/AHRPTWmHbtowYW4VXmR0V4Q7rUQmexmkE7uWfbIadluTTYFNZN4NfTQ85-bUXgAe8naFXBnRRlc0-spNm282Sgtk0WPF9ZV9fbl7HZcptztuaMA-lRzmWcEov18ljsmt_0iJh4oxnrIcWRZcHPbU=w408-h306-k-no,America/Chicago,www.funkystretchpizza.com/,www.funkystretchpizza.com,"Thursday(2026-09-03): [11 a.m.–9 p.m.], Friday(2026-09-04): [11 a.m.–10 p.m.], Saturday(2026-09-05): [11 a.m.–10 p.m.], Sunday(2026-09-06): [11 a.m.–9 p.m.], Monday(2026-09-07): [11 a.m.–9 p.m.], Tuesday(2026-09-08): [Closed], Wednesday(2026-09-09): [11 a.m.–9 p.m.]",https://www.google.com/search?kgmid=/g/11n3wxhtv7,/g/11n3wxhtv7,https://www.google.com/maps?cid=4822391119241175110,ChIJnxQPZgC90ocRRmBePiyT7EI,,,,,,,,"Restaurant  Little Rock, US"
Capeo | Italian,"425 Main St, North Little Rock, AR 72114",425 Main St,"North Little Rock, AR 72114",Italian restaurant,"Service options: [Curbside pickup, Takeout, Dine-in, Delivery], Highlights: [Great cocktails, Great coffee, Great dessert, Great wine list, Serves local specialty], Popular for: [Dinner, Solo dining], Accessibility: [Wheelchair accessible entrance, Wheelchair accessible parking lot, Wheelchair accessible restroom, Wheelchair accessible seating], Offerings: [Alcohol, Beer, Cocktails, Coffee, Comfort food, Hard liquor, Small plates, Vegetarian options, Wine], Dining options: [Dinner, Dessert, Seating, Table service], Amenities: [Bar onsite, Gender-neutral restroom, Restroom], Atmosphere: [Cozy, Historic, Quiet, Romantic, Trendy, Upscale], Crowd: [Family-friendly, Groups, LGBTQ+ friendly, Tourists], Planning: [Dinner reservations recommended, Accepts reservations], Payments: [Credit cards, Debit cards, NFC mobile payments, Credit cards], Children: [High chairs], Parking: [Free parking lot, Free street parking, Paid street parking, Parking]",+1 501-376-3463,"(501) 376-3463, +1 501-376-3463",YES,Capeo | Italian (Owner),104283212623253589656,https://www.google.com/maps/contrib/104283212623253589656,666,4.5,"https://search.google.com/local/reviews?placeid=ChIJh6xP_YO80ocRY5QSAF6lnCA&q=Restaurant++Little+Rock,+US&authuser=0&hl=en&gl=CA",2349934928727282787,0x87d2bc83fd4fac87:0x209ca55e00129463,34.7579292,-92.26788739999999,https://lh3.googleusercontent.com/gps-cs-s/AHRPTWlQaioJraqRATBp8cNu-1OibX42j5es-80DReRKds7lh86faBhmdaAr2wIW6MMMCqwQk-7ikH_XOj_Pw12g5txdfegppHzZ-gqFNF0asUP-Iu8pIzlyLFQ6MndZE83VlYGpFVSvKw=w408-h306-k-no,America/Chicago,www.capeo.us/,www.capeo.us,"Thursday(2026-09-03): [5–9 p.m.], Friday(2026-09-04): [5–9 p.m.], Saturday(2026-09-05): [5–9 p.m.], Sunday(2026-09-06): [Closed], Monday(2026-09-07): [5–9 p.m.], Tuesday(2026-09-08): [5–9 p.m.], Wednesday(2026-09-09): [5–9 p.m.]",https://www.google.com/search?kgmid=/g/1td5rtm6,/g/1td5rtm6,https://www.google.com/maps?cid=2349934928727282787,ChIJh6xP_YO80ocRY5QSAF6lnCA,,,,,,,,"Restaurant  Little Rock, US"
Ottenheimer Market Hall,"400 President Clinton Ave, Little Rock, AR 72201",400 President Clinton Ave,"Little Rock, AR 72201","Restaurant, Shopping mall","Service options: [Outdoor seating, Onsite services, Takeout, Dine-in, Delivery], Highlights: [Fast service, Serves local specialty], Popular for: [Lunch, Dinner, Solo dining], Accessibility: [Wheelchair accessible entrance, Wheelchair accessible parking lot, Wheelchair accessible restroom, Wheelchair accessible seating], Offerings: [Alcohol, Beer, Cocktails, Coffee, Comfort food, Quick bite, Small plates], Dining options: [Breakfast, Lunch, Dinner, Dessert, Seating], Amenities: [Restroom], Atmosphere: [Casual, Trendy], Crowd: [Family-friendly, Groups, Tourists], Planning: [Accepts reservations], Payments: [Credit cards, Debit cards, NFC mobile payments], Children: [Good for kids], Parking: [Paid parking garage, Paid parking lot, Paid street parking, Parking]",,,NO,Ottenheimer Market Hall (Owner),,,900,4.3,"https://search.google.com/local/reviews?placeid=ChIJ0QbY0n670ocRJx6Yq-9KCIQ&q=Restaurant++Little+Rock,+US&authuser=0&hl=en&gl=CA",9513936606056685095,0x87d2bb7ed2d806d1:0x84084aefab981e27,34.7476913,-92.26611679999999,https://lh3.googleusercontent.com/gps-cs-s/AHRPTWkAGeiZzn1ClrBYi89tjQ6RUq2H0U4eSazicM1ZAuA640cStc74jMPCSMowbeFBazvZaQ3tYyBHAhOzxdOCTduWVMFM4aWqmaoNXT1DTCySKfICU0PwZbqNQ7LN7KXXE-czb_4=w408-h306-k-no,America/Chicago,,,"Thursday(2026-09-03): [10 a.m.–2 p.m.], Friday(2026-09-04): [10 a.m.–2 p.m.], Saturday(2026-09-05): [10 a.m.–2 p.m.], Sunday(2026-09-06): [Closed], Monday(2026-09-07): [10 a.m.–2 p.m.], Tuesday(2026-09-08): [10 a.m.–2 p.m.], Wednesday(2026-09-09): [10 a.m.–2 p.m.]",https://www.google.com/search?kgmid=/g/1q69p32r_,/g/1q69p32r_,https://www.google.com/maps?cid=9513936606056685095,ChIJ0QbY0n670ocRJx6Yq-9KCIQ,,,,,,,,"Restaurant  Little Rock, US"
Sonny Williams' Steak Room,"500 President Clinton Ave #1, Little Rock, AR 72201",500 President Clinton Ave #1,"Little Rock, AR 72201","Steak house, Restaurant, Seafood restaurant","Service options: [Curbside pickup, Takeout, Dine-in, Delivery], Highlights: [Great cocktails, Great dessert, Great wine list, Live music], Popular for: [Dinner, Solo dining], Accessibility: [Wheelchair accessible parking lot, Wheelchair accessible restroom, Wheelchair accessible seating], Offerings: [Alcohol, Beer, Cocktails, Coffee, Happy hour drinks, Happy hour food, Hard liquor, Private dining room, Small plates, Wine], Dining options: [Dinner, Catering, Dessert, Seating, Table service], Amenities: [Bar onsite, Restroom], Atmosphere: [Cozy, Romantic, Trendy, Upscale], Crowd: [Family-friendly, Groups, LGBTQ+ friendly, Tourists, Transgender safespace], Planning: [Dinner reservations recommended, Accepts reservations], Payments: [Credit cards, Debit cards, NFC mobile payments, Credit cards], Children: [High chairs, Kids' menu], Parking: [Valet parking]",+1 501-324-2999,"(501) 324-2999, +1 501-324-2999",YES,Sonny Williams' Steak Room (Owner),117515140543565092308,https://www.google.com/maps/contrib/117515140543565092308,533,4.4,"https://search.google.com/local/reviews?placeid=ChIJVUmT0ni70ocRD0q0pEDClg0&q=Restaurant++Little+Rock,+US&authuser=0&hl=en&gl=CA",979183551896635919,0x87d2bb78d2934955:0xd96c240a4b44a0f,34.747521299999995,-92.2653428,https://lh3.googleusercontent.com/gps-cs-s/AHRPTWkS7JRjA-A0JPpv_fjPHmUWMMx_beVuFAA3kKiYX7fkQ9loyBG4qYZk9PkqYNFub80DjbOmLKJGQpVgIkkAV2IHXlWfQ1CEjnNXXdfSiaVbpZ2yZH_MfEa1SyT1jW9Xfy9cT4QCiQ=w408-h306-k-no,America/Chicago,www.sonnywilliamssteakroom.com/,www.sonnywilliamssteakroom.com,"Thursday(2026-09-03): [5–9 p.m.], Friday(2026-09-04): [5–9 p.m.], Saturday(2026-09-05): [5–9 p.m.], Sunday(2026-09-06): [Closed], Monday(2026-09-07): [5–9 p.m.], Tuesday(2026-09-08): [5–9 p.m.], Wednesday(2026-09-09): [5–9 p.m.]",https://www.google.com/search?kgmid=/g/1ths9x2s,/g/1ths9x2s,https://www.google.com/maps?cid=979183551896635919,ChIJVUmT0ni70ocRD0q0pEDClg0,,,,,,,,"Restaurant  Little Rock, US"
LRFoodTruck Stop,"LR Food Truck Stop, 801 S Chester St, Little Rock, AR 72201",LR Food Truck Stop,"801 S Chester St, Little Rock, AR 72201","Truck stop, American restaurant, New American restaurant",,+1 501-247-6132,,,,,,188,4.4,"https://search.google.com/local/reviews?placeid=ChIJDWjZ5Ge70ocRajNXnk8HuAE&q=Restaurant++Little+Rock,+US&authuser=0&hl=en&gl=CA",123857028293014378,0x87d2bb67e4d9680d:0x1b8074f9e57336a,34.742118999999995,-92.282156,,America/Chicago,www.facebook.com/lrfoodtruckstop/,www.facebook.com,"Thursday(2026-09-03): [11 a.m.–2:30 p.m.], Friday(2026-09-04): [11 a.m.–2:30 p.m.], Saturday(2026-09-05): [Closed], Sunday(2026-09-06): [Closed], Monday(2026-09-07): [11 a.m.–2:30 p.m.], Tuesday(2026-09-08): [11 a.m.–2:30 p.m.], Wednesday(2026-09-09): [11 a.m.–2:30 p.m.]",https://www.google.com/search?kgmid=/g/11clklkyrf,/g/11clklkyrf,https://www.google.com/maps?cid=123857028293014378,ChIJDWjZ5Ge70ocRajNXnk8HuAE,,,,,,,,"Restaurant  Little Rock, US"
Heritage Grille | Steak & Fin,"3 Statehouse Plaza, Little Rock, AR 72201",3 Statehouse Plaza,"Little Rock, AR 72201",Steak house,"Service options: [Onsite services, Takeout, Dine-in, Delivery], Highlights: [Fast service, Great cocktails, Great coffee, Great dessert, Great wine list], Popular for: [Lunch, Dinner, Solo dining], Accessibility: [Wheelchair accessible entrance, Wheelchair accessible parking lot, Wheelchair accessible restroom, Wheelchair accessible seating], Offerings: [Alcohol, Beer, Cocktails, Coffee, Comfort food, Hard liquor, Wine], Dining options: [Breakfast, Brunch, Lunch, Dinner, Dessert, Seating, Table service], Amenities: [Bar onsite, Restroom, Wi-Fi], Atmosphere: [Cozy, Quiet], Crowd: [Groups, Tourists], Planning: [Accepts reservations], Payments: [Credit cards, Debit cards, NFC mobile payments], Children: [High chairs], Parking: [Free parking lot, Paid parking garage, Paid parking lot, Paid street parking, Parking, Valet parking]",+1 501-906-4000,"(501) 906-4000, +1 501-906-4000",YES,Heritage Grille | Steak & Fin (Owner),114921455283321994019,https://www.google.com/maps/contrib/114921455283321994019,280,4,"https://search.google.com/local/reviews?placeid=ChIJp-UylHy70ocRIubjp-9knGM&q=Restaurant++Little+Rock,+US&authuser=0&hl=en&gl=CA",7177722886598420002,0x87d2bb7c9432e5a7:0x639c64efa7e3e622,34.7483406,-92.2714865,https://lh3.googleusercontent.com/gps-cs-s/AHRPTWlQg6iVIR8OFAOaNWRg1RKsEuEkom8Y5mAGl68mKNE0LcS-l-je5M0qxr9nF2oVLZhL5-shXVb7e6J1NuxquJUk1uiAuW_Izeh4b-yrewWvJSVWnQUOCdDu0gm3s7hUmgPItYpZ=w493-h240-k-no,America/Chicago,www.heritagegrillelittlerock.com/,www.heritagegrillelittlerock.com,"Thursday(2026-09-03): [6:30 a.m.–11 p.m.], Friday(2026-09-04): [6:30 a.m.–11 p.m.], Saturday(2026-09-05): [7 a.m.–11 p.m.], Sunday(2026-09-06): [7 a.m.–11 p.m.], Monday(2026-09-07): [6:30 a.m.–11 p.m.], Tuesday(2026-09-08): [6:30 a.m.–11 p.m.], Wednesday(2026-09-09): [6:30 a.m.–11 p.m.]",https://www.google.com/search?kgmid=/g/11bbyhfbk2,/g/11bbyhfbk2,https://www.google.com/maps?cid=7177722886598420002,ChIJp-UylHy70ocRIubjp-9knGM,,,,,,,,"Restaurant  Little Rock, US"
The Bistro – Eat. Drink. Connect.®,"521 President Clinton Ave, Little Rock, AR 72201",521 President Clinton Ave,"Little Rock, AR 72201","Bistro, Coffee shop","Service options: [Onsite services, Takeout, Dine-in, Delivery], Highlights: [Fast service, Great coffee], Popular for: [Breakfast, Lunch, Solo dining], Accessibility: [Wheelchair accessible entrance, Wheelchair accessible parking lot, Wheelchair accessible restroom, Wheelchair accessible seating], Offerings: [Alcohol, Beer, Cocktails, Coffee, Comfort food, Late-night food, Quick bite, Wine], Dining options: [Breakfast, Lunch, Dinner, Dessert, Seating, Table service], Amenities: [Restroom, Wi-Fi], Atmosphere: [Casual, Cozy, Trendy], Crowd: [Tourists], Payments: [Credit cards, Debit cards, NFC mobile payments]",,,YES,The Bistro – Eat. Drink. Connect.® (Owner),104339658662193740229,https://www.google.com/maps/contrib/104339658662193740229,19,4.4,"https://search.google.com/local/reviews?placeid=ChIJR7Ekz3i70ocRQep16jqZMlA&q=Restaurant++Little+Rock,+US&authuser=0&hl=en&gl=CA",5778849750190516801,0x87d2bb78cf24b147:0x5032993aea75ea41,34.7471685,-92.2645782,https://lh3.googleusercontent.com/gps-cs-s/AHRPTWnVBlZ-bTD0snUD1Z3Pij8iTQNm3ChoEbT2DWm0VBHEwiHpYy0rikx_cylIo95lcMorudBTUFrEeo06eCxBNZ8vjZJf0jWR0VTKj0s2Lbo0kl2erDzrLYPjd_a_7PCK1buZ1dVV=w408-h282-k-no,America/Chicago,www.marriott.com/en-us/hotels/litdt-courtyard-little-rock-downtown/dining/?scid=feed67b0-9a2f-4de1-8df6-114544116108,www.marriott.com,"Thursday(2026-09-03): [6:30–10 a.m., 5–10 p.m.], Friday(2026-09-04): [6:30–10 a.m., 5–10 p.m.], Saturday(2026-09-05): [7–10 a.m., 5–10 p.m.], Sunday(2026-09-06): [7–10 a.m., 5–10 p.m.], Monday(2026-09-07): [6:30–10 a.m., 5–10 p.m.], Tuesday(2026-09-08): [6:30–10 a.m., 5–10 p.m.], Wednesday(2026-09-09): [6:30–10 a.m., 5–10 p.m.]",https://www.google.com/search?kgmid=/g/11g8741hq1,/g/11g8741hq1,https://www.google.com/maps?cid=5778849750190516801,ChIJR7Ekz3i70ocRQep16jqZMlA,,,,,,,,"Restaurant  Little Rock, US"
Bruno's Little Italy,"310 Main St, Little Rock, AR 72201",310 Main St,"Little Rock, AR 72201","Italian restaurant, Bar, Pizza restaurant","Service options: [Outdoor seating, Onsite services, Takeout, Dine-in], Highlights: [Fast service, Great beer selection, Great cocktails, Great coffee, Great dessert, Great wine list, Serves local specialty], Popular for: [Dinner, Solo dining], Accessibility: [Wheelchair accessible entrance, Wheelchair accessible parking lot, Wheelchair accessible restroom, Wheelchair accessible seating], Offerings: [Alcohol, Beer, Cocktails, Coffee, Comfort food, Hard liquor, Small plates, Vegetarian options, Wine], Dining options: [Dinner, Dessert, Seating, Table service], Amenities: [Bar onsite, Restroom], Atmosphere: [Casual, Cozy, Romantic, Trendy], Crowd: [Groups, Tourists], Payments: [Credit cards, Debit cards, NFC mobile payments, Credit cards], Children: [Good for kids, High chairs, Kids' menu], Parking: [Free parking lot, Free street parking, Paid parking lot, Paid street parking], Pets: [Dogs allowed outside]",+1 501-372-7866,"(501) 372-7866, +1 501-372-7866",YES,Bruno's Little Italy (Owner),109029453769739528711,https://www.google.com/maps/contrib/109029453769739528711,1221,4.6,"https://search.google.com/local/reviews?placeid=ChIJY79FDnu70ocRCjwYbhBhhqo&q=Restaurant++Little+Rock,+US&authuser=0&hl=en&gl=CA",12287615356521430026,0x87d2bb7b0e45bf63:0xaa8661106e183c0a,34.745621,-92.27094,https://lh3.googleusercontent.com/gps-cs-s/AHRPTWk7sUFFyhOCymBAoT8fmgtR4gTV7PgbRe9hGwH2zDKggOlkCIc160c2Y98ooXPIHMTNXDHRtRazZDjoWtjPO1Kuej3TVhTs20cd-x_FSVhDZcrwMgeAMFeoOVe7pXzFkjYxv9Qoig=w408-h306-k-no,America/Chicago,brunoslittleitaly.com/,brunoslittleitaly.com,"Thursday(2026-09-03): [5–9 p.m.], Friday(2026-09-04): [5–9 p.m.], Saturday(2026-09-05): [5–9 p.m.], Sunday(2026-09-06): [Closed], Monday(2026-09-07): [Closed], Tuesday(2026-09-08): [5–9 p.m.], Wednesday(2026-09-09): [5–9 p.m.]",https://www.google.com/search?kgmid=/g/1pv2bz6s3,/g/1pv2bz6s3,https://www.google.com/maps?cid=12287615356521430026,ChIJY79FDnu70ocRCjwYbhBhhqo,,,,,,,,"Restaurant  Little Rock, US"
Four Quarter Bar,"415 Main St, North Little Rock, AR 72114",415 Main St,"North Little Rock, AR 72114",Bar & grill,"Service options: [Outdoor seating, Takeout, Dine-in, Delivery], Highlights: [Bar games, Fast service, Great beer selection, Great cocktails, Live music, Live performances, Serves local specialty], Popular for: [Lunch, Dinner, Solo dining], Accessibility: [Wheelchair accessible entrance, Wheelchair accessible parking lot, Wheelchair accessible restroom, Wheelchair accessible seating], Offerings: [Alcohol, Beer, Cocktails, Comfort food, Dancing, Food, Food at bar, Happy hour drinks, Hard liquor, Late-night food, Quick bite, Small plates, Wine], Dining options: [Brunch, Lunch, Dinner, Seating], Amenities: [Bar onsite, Restroom, Wi-Fi, Wi-Fi], Atmosphere: [Casual, Cozy, Trendy], Crowd: [College students, Groups, Tourists], Planning: [Accepts reservations], Payments: [Credit cards, Debit cards, NFC mobile payments, Credit cards], Parking: [Free parking lot, Free street parking, Paid parking lot, Parking]",+1 501-313-4704,"(501) 313-4704, +1 501-313-4704",YES,Four Quarter Bar (Owner),105221719351999130432,https://www.google.com/maps/contrib/105221719351999130432,836,4.5,"https://search.google.com/local/reviews?placeid=ChIJB-V54oO80ocRduv39tGKMog&q=Restaurant++Little+Rock,+US&authuser=0&hl=en&gl=CA",9814059172389972854,0x87d2bc83e279e507:0x88328ad1f6f7eb76,34.7576739,-92.2679825,https://lh3.googleusercontent.com/gps-cs-s/AHRPTWmfzjPiaF20fYgRPrrQCM7F-ftvocKWe5VujxkEYuJV8fOMsT56kc6LvPZ8dC2e25GY4puGiOJTEwbOKuYFzcaQtIQrhdzoVdYhtLiPWf69xhuNwg2XOovutIUQ_odWyN6E8imP=w426-h240-k-no,America/Chicago,www.fourquarterbar.com/,www.fourquarterbar.com,"Wednesday(2026-09-02): [3 p.m.–2 a.m.], Thursday(2026-09-03): [3 p.m.–2 a.m.], Friday(2026-09-04): [3 p.m.–2 a.m.], Saturday(2026-09-05): [3 p.m.–2 a.m.], Sunday(2026-09-06): [12 p.m.–2 a.m.], Monday(2026-09-07): [3 p.m.–2 a.m.], Tuesday(2026-09-08): [3 p.m.–2 a.m.]",https://www.google.com/search?kgmid=/g/11cnpg6vz6,/g/11cnpg6vz6,https://www.google.com/maps?cid=9814059172389972854,ChIJB-V54oO80ocRduv39tGKMog,,,,,,,,"Restaurant  Little Rock, US"
Vino's,"923 W 7th St, Little Rock, AR 72201",923 W 7th St,"Little Rock, AR 72201","Brewpub, Armenian restaurant, Bar, Restaurant","Service options: [Outdoor seating, Onsite services, Takeout, Dine-in, Delivery], Highlights: [Fast service, Great beer selection, Live music, Live performances, Trivia night], Popular for: [Solo dining], Accessibility: [Wheelchair accessible entrance, Wheelchair accessible parking lot, Wheelchair accessible restroom], Offerings: [Alcohol, Beer, Food, Hard liquor, Wine], Dining options: [Dessert, Seating, Table service], Amenities: [Restroom], Atmosphere: [Casual, Cozy, Historic, Trendy], Planning: [Accepts reservations], Payments: [Credit cards, Debit cards, NFC mobile payments, Credit cards], Parking: [Free parking lot, Free street parking, Paid parking lot, Parking]",+1 501-375-8466,"(501) 375-8466, +1 501-375-8466",YES,Vino's (Owner),100921113340995591499,https://www.google.com/maps/contrib/100921113340995591499,2054,4.5,"https://search.google.com/local/reviews?placeid=ChIJBbuGjWe70ocRtZ5JkqZEd4U&q=Restaurant++Little+Rock,+US&authuser=0&hl=en&gl=CA",9617231011482541749,0x87d2bb678d86bb05:0x857744a692499eb5,34.7435064,-92.2820678,https://lh3.googleusercontent.com/gps-cs-s/AHRPTWlGfVt8xr4jJY6P9Hbn83Oq_AXkA547XoLd_gl716gPNfFdL7DX3s8U-GfU-rTU4VmZDXOECQXgYh5klS1FEC94Yr4tMS_4_Oj4FR5CNtf3W0gF8PokWrHUP9i_rXBifZAJjcD0kg=w408-h306-k-no,America/Chicago,vinosbrewpub.com/,vinosbrewpub.com,"Thursday(2026-09-03): [11 a.m.–10 p.m.], Friday(2026-09-04): [11 a.m.–12 a.m.], Saturday(2026-09-05): [11 a.m.–12 a.m.], Sunday(2026-09-06): [11 a.m.–10 p.m.], Monday(2026-09-07): [11 a.m.–10 p.m.], Tuesday(2026-09-08): [11 a.m.–10 p.m.], Wednesday(2026-09-09): [11 a.m.–10 p.m.]",https://www.google.com/search?kgmid=/g/12214dc74,/g/12214dc74,https://www.google.com/maps?cid=9617231011482541749,ChIJBbuGjWe70ocRtZ5JkqZEd4U,,,,,,,,"Restaurant  Little Rock, US"
Three Fold Noodles + Dumpling Co. | Main Street,"611 Main St, Little Rock, AR 72201",611 Main St,"Little Rock, AR 72201","Chinese restaurant, Dumpling restaurant, Noodle shop","Service options: [Outdoor seating, Curbside pickup, Delivery, Onsite services, Takeout, Dine-in], Highlights: [Fast service, Great tea selection], Popular for: [Lunch, Dinner, Solo dining], Accessibility: [Wheelchair accessible entrance, Wheelchair accessible parking lot, Wheelchair accessible restroom, Wheelchair accessible seating], Offerings: [Alcohol, Beer, Comfort food, Healthy options, Quick bite, Small plates, Vegan options, Vegetarian options, Wine], Dining options: [Lunch, Dinner, Catering, Counter service, Dessert, Seating, Table service], Amenities: [Restroom, Wi-Fi, Wi-Fi], Atmosphere: [Casual, Quiet, Trendy], Crowd: [College students, Family-friendly, Groups, LGBTQ+ friendly, Tourists, Transgender safespace], Payments: [Checks, Credit cards, Debit cards, NFC mobile payments, Credit cards], Children: [Good for kids, High chairs], Parking: [Free parking lot, Free street parking, Paid parking lot, Paid street parking, Parking], Pets: [Dogs allowed outside]",+1 501-372-1739,"(501) 372-1739, +1 501-372-1739",YES,Three Fold Noodles + Dumpling Co. | Main Street (Owner),110482044939932225829,https://www.google.com/maps/contrib/110482044939932225829,2175,4.4,"https://search.google.com/local/reviews?placeid=ChIJIbANrWS70ocRvEbNGJN6FXg&q=Restaurant++Little+Rock,+US&authuser=0&hl=en&gl=CA",8652957031257163452,0x87d2bb64ad0db021:0x78157a9318cd46bc,34.7425991,-92.2712086,https://lh3.googleusercontent.com/gps-cs-s/AHRPTWl2qJf5TKmpijR7FUvkBwmAMh0YJmD0S40y0IIyu1LHP5o4wKi22EGfDdT82Ligpb6_L5Z7ewCfG0d4DzmaIRoXVbB1D3uTM6ea9GRBJD6SAwf-SK_-DZxbWjiPw3IZ0J-kBUSp=w408-h306-k-no,America/Chicago,eat3fold.com/,eat3fold.com,"Thursday(2026-09-03): [11 a.m.–8 p.m.], Friday(2026-09-04): [11 a.m.–8 p.m.], Saturday(2026-09-05): [11:30 a.m.–8 p.m.], Sunday(2026-09-06): [Closed], Monday(2026-09-07): [11 a.m.–8 p.m.], Tuesday(2026-09-08): [11 a.m.–8 p.m.], Wednesday(2026-09-09): [11 a.m.–8 p.m.]",https://www.google.com/search?kgmid=/g/11b6dzl90y,/g/11b6dzl90y,https://www.google.com/maps?cid=8652957031257163452,ChIJIbANrWS70ocRvEbNGJN6FXg,,,,,,,,"Restaurant  Little Rock, US"
Rock N Roll Sushi,"1224 Main St, Little Rock, AR 72202",1224 Main St,"Little Rock, AR 72202","Restaurant, Asian fusion restaurant, Bar, Cocktail bar, Fish restaurant, Japanese restaurant, Lunch restaurant, Seafood restaurant, Sushi restaurant, Sushi takeaway","Service options: [No-contact delivery, Delivery, Onsite services, Takeout, Dine-in], Highlights: [Fast service, Great cocktails], Popular for: [Lunch, Dinner, Solo dining], Accessibility: [Wheelchair accessible entrance, Wheelchair accessible parking lot, Wheelchair accessible restroom, Wheelchair accessible seating, Assistive hearing loop], Offerings: [Alcohol, Beer, Cocktails, Happy hour drinks, Happy hour food, Hard liquor, Healthy options, Late-night food, Quick bite, Small plates, Vegetarian options, Wine], Dining options: [Lunch, Dinner, Catering, Dessert, Seating, Table service], Amenities: [Bar onsite, Gender-neutral restroom, Restroom, Wi-Fi], Atmosphere: [Casual, Trendy], Crowd: [College students, Family-friendly, Groups, Tourists], Planning: [Accepts reservations], Payments: [Credit cards, Debit cards, NFC mobile payments, Credit cards], Children: [Good for kids, Has changing table(s), High chairs, Kids' menu], Parking: [Free parking lot, Free street parking, On-site parking, Parking]",+1 501-900-7625,"(501) 900-7625, +1 501-900-7625",YES,Rock N Roll Sushi (Owner),104821903741675130840,https://www.google.com/maps/contrib/104821903741675130840,727,4.4,"https://search.google.com/local/reviews?placeid=ChIJ1yKdKFe70ocRkQty3XSCCQU&q=Restaurant++Little+Rock,+US&authuser=0&hl=en&gl=CA",362964683423091601,0x87d2bb57289d22d7:0x5098274dd720b91,34.7365237,-92.2728916,https://lh3.googleusercontent.com/gps-cs-s/AHRPTWnKFbjgub1fHhHWdAdsM_1DPsEFxzIH9oXxoEohFGYAkYZ0HGyR9_aqecSSls0Ow3mHE1xp63HT3WDWosxFg2MDlZfelOOa5quSowCAJ4V9OfS99BZU5RM4vmGDxSUSjbltoxjq=w408-h306-k-no,America/Chicago,rocknrollsushi.com/locations/little-rock-ar-soma/?utm_source=GoogleBusinessProfile&utm_medium=Website&utm_campaign=MapLabs,rocknrollsushi.com,"Thursday(2026-09-03): [11 a.m.–10 p.m.], Friday(2026-09-04): [11 a.m.–10 p.m.], Saturday(2026-09-05): [11 a.m.–10 p.m.], Sunday(2026-09-06): [11 a.m.–10 p.m.], Monday(2026-09-07): [11 a.m.–10 p.m.], Tuesday(2026-09-08): [11 a.m.–10 p.m.], Wednesday(2026-09-09): [11 a.m.–10 p.m.]",https://www.google.com/search?kgmid=/g/11kn6d5zvm,/g/11kn6d5zvm,https://www.google.com/maps?cid=362964683423091601,ChIJ1yKdKFe70ocRkQty3XSCCQU,,,,,,,,"Restaurant  Little Rock, US"
Capitol Smokehouse & Grill,"915 W Capitol Ave, Little Rock, AR 72201",915 W Capitol Ave,"Little Rock, AR 72201","Barbecue restaurant, Restaurant","From the business: [Identifies as women-owned], Service options: [Outdoor seating, No-contact delivery, Delivery, Takeout, Dine-in], Highlights: [Serves local specialty], Popular for: [Lunch, Dinner, Solo dining], Accessibility: [Wheelchair accessible entrance, Wheelchair accessible parking lot, Wheelchair accessible restroom, Wheelchair accessible seating], Offerings: [Comfort food, Quick bite], Dining options: [Lunch, Dinner, Catering, Dessert, Seating], Amenities: [Restroom], Atmosphere: [Casual, Cozy], Crowd: [Groups], Planning: [Accepts reservations], Payments: [Credit cards, Debit cards, NFC mobile payments, Credit cards], Children: [Good for kids, High chairs], Parking: [Free parking lot, Free street parking, Paid street parking, Parking]",+1 501-372-4227,"(501) 372-4227, +1 501-372-4227",YES,Capitol Smokehouse & Grill (Owner),116771622804576807883,https://www.google.com/maps/contrib/116771622804576807883,193,4.5,"https://search.google.com/local/reviews?placeid=ChIJCz_rEme70ocRw6vjfgCFJKE&q=Restaurant++Little+Rock,+US&authuser=0&hl=en&gl=CA",11611551976443325379,0x87d2bb6712eb3f0b:0xa12485007ee3abc3,34.745378599999995,-92.2814173,https://lh3.googleusercontent.com/gps-cs-s/AHRPTWkKMp0lGvfRlhkHD7Fg5VKLDsR1L2-GHBcEhT3XiaON3jLkThOYZpEqqB3g6mBm97-H7tFk6CUsgdK8lWo_sx9aTKsFBmNgpUUViUCtrmSrIginmctAywTFOBg63fT6kjd3LL4GqQ=w408-h306-k-no,America/Chicago,capitolsmokehouseandgrill.com/,capitolsmokehouseandgrill.com,"Thursday(2026-09-03): [11 a.m.–2 p.m.], Friday(2026-09-04): [11 a.m.–2 p.m.], Saturday(2026-09-05): [Closed], Sunday(2026-09-06): [Closed], Monday(2026-09-07): [11 a.m.–2 p.m.], Tuesday(2026-09-08): [11 a.m.–2 p.m.], Wednesday(2026-09-09): [11 a.m.–2 p.m.]",https://www.google.com/search?kgmid=/g/1v5fsfqj,/g/1v5fsfqj,https://www.google.com/maps?cid=11611551976443325379,ChIJCz_rEme70ocRw6vjfgCFJKE,,,,,,,,"Restaurant  Little Rock, US"
Fassler Hall,"311 E Capitol Ave, Little Rock, AR 72202",311 E Capitol Ave,"Little Rock, AR 72202","German restaurant, Bar, Beer garden","Service options: [Outdoor seating, Delivery, Onsite services, Takeout, Dine-in], Highlights: [Fast service, Great beer selection, Great cocktails, Live music, Sports], Popular for: [Lunch, Dinner, Solo dining], Accessibility: [Wheelchair accessible entrance, Wheelchair accessible parking lot, Wheelchair accessible restroom, Wheelchair accessible seating], Offerings: [Alcohol, Beer, Cocktails, Coffee, Comfort food, Happy hour drinks, Happy hour food, Hard liquor, Late-night food, Quick bite, Small plates, Vegan options, Wine], Dining options: [Breakfast, Brunch, Lunch, Dinner, Catering, Counter service, Dessert, Seating, Table service], Amenities: [Bar onsite, Restroom, Wi-Fi, Wi-Fi], Atmosphere: [Casual, Trendy], Crowd: [College students, Family-friendly, Groups, LGBTQ+ friendly, Tourists, Transgender safespace], Planning: [Accepts reservations], Payments: [Credit cards, Debit cards, NFC mobile payments, Credit cards], Children: [High chairs], Parking: [Free street parking, Paid street parking, Parking]",+1 501-246-4757,"(501) 246-4757, +1 501-246-4757",YES,Fassler Hall (Owner),102762005600987828399,https://www.google.com/maps/contrib/102762005600987828399,1628,4.4,"https://search.google.com/local/reviews?placeid=ChIJL0f1IWW70ocRB5qoag3bH4c&q=Restaurant++Little+Rock,+US&authuser=0&hl=en&gl=CA",9736741770068793863,0x87d2bb6521f5472f:0x871fdb0d6aa89a07,34.7435847,-92.2682499,https://lh3.googleusercontent.com/gps-cs-s/AHRPTWlc3a80uphe_SQ21sQTTOxWYvJW0kCw7TGnYsmC0r2wKkQyGqkpH4Pn1yvTvff9GEmeP9dBCDzm_zhEuZDptX7YFjpNLUkb5o_bq-a-T18zx0iurUb9btuMdACp6YNfznveYc9S=w426-h240-k-no,America/Chicago,www.fasslerhall.com/locations/little-rock/,www.fasslerhall.com,"Thursday(2026-09-03): [11 a.m.–10 p.m.], Friday(2026-09-04): [11 a.m.–1 a.m.], Saturday(2026-09-05): [11 a.m.–1 a.m.], Sunday(2026-09-06): [11 a.m.–10 p.m.], Monday(2026-09-07): [11 a.m.–10 p.m.], Tuesday(2026-09-08): [11 a.m.–10 p.m.], Wednesday(2026-09-09): [11 a.m.–10 p.m.]",https://www.google.com/search?kgmid=/g/11hck2qyv6,/g/11hck2qyv6,https://www.google.com/maps?cid=9736741770068793863,ChIJL0f1IWW70ocRB5qoag3bH4c,,,,,,,,"Restaurant  Little Rock, US"
Brewski's Pub & Grub,"315 Main St STE. 100, Little Rock, AR 72201",315 Main St STE. 100,"Little Rock, AR 72201","Restaurant, Night club, Sports bar","Service options: [Outdoor seating, Delivery, Takeout, Dine-in], Highlights: [Bar games, Fast service, Great beer selection, Great cocktails, Karaoke, Live performances, Sports, Trivia night], Popular for: [Solo dining], Accessibility: [Wheelchair accessible entrance, Wheelchair accessible parking lot, Wheelchair accessible restroom], Offerings: [Alcohol, Beer, Cocktails, Dancing, Food, Food at bar, Happy hour drinks, Happy hour food, Hard liquor, Wine], Dining options: [Seating, Table service], Amenities: [Restroom, Wi-Fi, Wi-Fi], Atmosphere: [Casual, Trendy], Crowd: [Groups, Tourists], Payments: [Credit cards, Debit cards, NFC mobile payments, Credit cards], Parking: [Free parking lot, Free street parking, Paid parking lot, Paid street parking, Parking]",+1 501-372-2739,"(501) 372-2739, +1 501-372-2739",YES,Brewski's Pub & Grub (Owner),112054128684624119813,https://www.google.com/maps/contrib/112054128684624119813,1100,4.2,"https://search.google.com/local/reviews?placeid=ChIJ8dIxCHu70ocRy32lCh0cG-s&q=Restaurant++Little+Rock,+US&authuser=0&hl=en&gl=CA",16941165334342499787,0x87d2bb7b0831d2f1:0xeb1b1c1d0aa57dcb,34.7455184,-92.2706721,https://lh3.googleusercontent.com/gps-cs-s/AHRPTWlHAJODA6dAuBoZ3fEwRod_ddF2c7J13RVMOG3IgVs-ZO4CZKRurJqQoo0e_wlVOdDX009-aqbJ3yA6PcjRldRiXf5T2e3r5B3nFHDL3VADY7V3KdlxTB1mPumPs4dOqwfVjzssng=w408-h254-k-no,America/Chicago,brewskispubandgrub.com/home,brewskispubandgrub.com,"Thursday(2026-09-03): [11 a.m.–2 a.m.], Friday(2026-09-04): [11 a.m.–2 a.m.], Saturday(2026-09-05): [11 a.m.–2 a.m.], Sunday(2026-09-06): [11 a.m.–12 a.m.], Monday(2026-09-07): [11 a.m.–12 a.m.], Tuesday(2026-09-08): [11 a.m.–12 a.m.], Wednesday(2026-09-09): [11 a.m.–12 a.m.]",https://www.google.com/search?kgmid=/g/11d_84pcfn,/g/11d_84pcfn,https://www.google.com/maps?cid=16941165334342499787,ChIJ8dIxCHu70ocRy32lCh0cG-s,,,,,,,,"Restaurant  Little Rock, US"
A.W.Lin's Asian Cuisine at West Little Rock,"17717 Chenal Pkwy, Little Rock, AR 72223",17717 Chenal Pkwy,"Little Rock, AR 72223","Pan-Asian restaurant, Chinese restaurant, Japanese restaurant, Sushi restaurant, Thai restaurant","Service options: [Outdoor seating, Delivery, Onsite services, Takeout, Dine-in], Highlights: [Fast service, Great beer selection, Great cocktails, Great tea selection, Great wine list], Popular for: [Lunch, Dinner, Solo dining], Accessibility: [Wheelchair accessible entrance, Wheelchair accessible parking lot, Wheelchair accessible restroom, Wheelchair accessible seating], Offerings: [Alcohol, Beer, Cocktails, Coffee, Comfort food, Happy hour drinks, Happy hour food, Hard liquor, Healthy options, Quick bite, Small plates, Vegan options, Vegetarian options, Wine], Dining options: [Lunch, Dinner, Catering, Dessert, Seating, Table service], Amenities: [Bar onsite, Restroom, Wi-Fi, Wi-Fi], Atmosphere: [Casual, Cozy, Quiet, Trendy, Upscale], Crowd: [Family-friendly, Groups, LGBTQ+ friendly, Tourists], Planning: [Accepts reservations], Payments: [Credit cards, Debit cards, NFC mobile payments, Credit cards], Children: [Good for kids, High chairs, Kids' menu], Parking: [Free parking lot, Free street parking, Parking]",+1 501-821-5398,"(501) 821-5398, +1 501-821-5398",YES,A.W.Lin's Asian Cuisine at West Little Rock (Owner),111283752175568299108,https://www.google.com/maps/contrib/111283752175568299108,777,4.3,"https://search.google.com/local/reviews?placeid=ChIJz_cKUKCg0ocRS6qeJZa1MLo&q=Restaurant++Little+Rock,+US&authuser=0&hl=en&gl=CA",13416422946417584715,0x87d2a0a0500af7cf:0xba30b596259eaa4b,34.7667976,-92.4582861,https://lh3.googleusercontent.com/gps-cs-s/AHRPTWnh0QHTxgkz-GQy5CsusvV6SKY6C4wNN2nqEwz_oeuoABdDo6iZ5AgwWCrYKTt0yHzzDzvixxCEjwJ-6BuloRKrhRgxQj1X6U3GnVqodTeJ8ZPPpOLnWlNYuu8GrDTqQrc2Vy1t=w408-h306-k-no,America/Chicago,www.awlins.com/,www.awlins.com,"Thursday(2026-09-03): [11 a.m.–8 p.m.], Friday(2026-09-04): [11 a.m.–9 p.m.], Saturday(2026-09-05): [11 a.m.–9 p.m.], Sunday(2026-09-06): [11 a.m.–8 p.m.], Monday(2026-09-07): [11 a.m.–8 p.m.], Tuesday(2026-09-08): [11 a.m.–8 p.m.], Wednesday(2026-09-09): [11 a.m.–8 p.m.]",https://www.google.com/search?kgmid=/g/124st1nrm,/g/124st1nrm,https://www.google.com/maps?cid=13416422946417584715,ChIJz_cKUKCg0ocRS6qeJZa1MLo,,,,,,,,"Restaurant  Little Rock, US"
Flying Saucer Draught Emporium,"323 President Clinton Ave, Little Rock, AR 72201",323 President Clinton Ave,"Little Rock, AR 72201","Bar, American restaurant, Beer garden, Beer hall, Pub","From the business: [Identifies as women-owned], Service options: [Outdoor seating, Delivery, Onsite services, Takeout, Dine-in], Highlights: [Bar games, Fast service, Great beer selection, Great cocktails, Live music, Live performances, Sports, Trivia night], Popular for: [Solo dining], Accessibility: [Wheelchair accessible entrance, Wheelchair accessible parking lot, Wheelchair accessible restroom, Wheelchair accessible seating], Offerings: [Alcohol, Beer, Cocktails, Food, Food at bar, Happy hour drinks, Happy hour food, Hard liquor, Private dining room, Wine], Dining options: [Seating, Table service], Amenities: [Restroom, Wi-Fi, Wi-Fi], Atmosphere: [Casual, Trendy], Crowd: [Groups, Tourists], Planning: [Accepts reservations], Payments: [Credit cards, Debit cards], Children: [Good for kids], Parking: [Free street parking, Paid parking lot, Paid street parking, Parking]",(501) 372-8032,"(501) 372-8032, +1 501-372-8032",YES,Flying Saucer Draught Emporium (Owner),114133934613773987560,https://www.google.com/maps/contrib/114133934613773987560,1740,4.4,"https://search.google.com/local/reviews?placeid=ChIJFcPGsn670ocR06gfaVEa0WY&q=Restaurant++Little+Rock,+US&authuser=0&hl=en&gl=US",7408731798959532243,0x87d2bb7eb2c6c315:0x66d11a51691fa8d3,34.7475744,-92.2672903,https://lh3.googleusercontent.com/gps-cs-s/AHRPTWmy4JaEFzeL4Kka-2ihTHvpHLtTMv9BpSomMwbm8east7olaxUC_luiYDxmpyhuK0hJdffFAFkrVWxBFFDCFllqX_nVCTQbn29PYu9-26xXKCc9RFGmHUVCRtEgzbAu3S8AVBtPrQ=w408-h267-k-no,America/Chicago,www.beerknurd.com/locations/,www.beerknurd.com,"Thursday(2026-09-03): [11 AM–11 PM], Friday(2026-09-04): [11 AM–12 AM], Saturday(2026-09-05): [11 AM–12 AM], Sunday(2026-09-06): [11 AM–11 PM], Monday(2026-09-07): [11 AM–11 PM], Tuesday(2026-09-08): [11 AM–11 PM], Wednesday(2026-09-09): [11 AM–11 PM]",https://www.google.com/search?kgmid=/g/1xtf22w3,/g/1xtf22w3,https://www.google.com/maps?cid=7408731798959532243,ChIJFcPGsn670ocR06gfaVEa0WY,,,,,,,,"Restaurant  Little Rock, US"
Blue Pumpkin “Arkansas Southern Soul Food Truck”,"701 E Broadway St, North Little Rock, AR 72114",701 E Broadway St,"North Little Rock, AR 72114",Food court,"Service options: [Takeout, Delivery], Popular for: [Solo dining], Accessibility: [Wheelchair accessible entrance, Wheelchair accessible parking lot], Amenities: [Restroom], Atmosphere: [Casual, Trendy], Crowd: [Groups, LGBTQ+ friendly, Transgender safespace], Payments: [Credit cards, Debit cards, Credit cards], Children: [Good for kids]",(501) 838-1033,"(501) 838-1033, +1 501-838-1033",YES,Blue Pumpkin “Arkansas Southern Soul Food Truck” (Owner),102336443435301767195,https://www.google.com/maps/contrib/102336443435301767195,31,4.6,"https://search.google.com/local/reviews?placeid=ChIJL0nCSFe_0ocRSzMriOlrCgk&q=Restaurant++Little+Rock,+US&authuser=0&hl=en&gl=US",651451746864542539,0x87d2bf5748c2492f:0x90a6be9882b334b,34.7548429,-92.26065419999999,https://lh3.googleusercontent.com/gps-cs-s/AHRPTWmdLVWh7_XH6dZnlImhEWKoP1K4ewCG7pCeV_0r6JvvTWd5wHPI5UGnhsmK8KnX10OL2momoGH_la_oXo8XsB9ZUBmdsTQnK-_xzSD5H6PgG8rDSo0PPNB74dV_G_tvi3Fsmb8k=w408-h544-k-no,America/Chicago,,,,https://www.google.com/search?kgmid=/g/11n0nbyn2v,/g/11n0nbyn2v,https://www.google.com/maps?cid=651451746864542539,ChIJL0nCSFe_0ocRSzMriOlrCgk,,,,,,,,"Restaurant  Little Rock, US"
ZAZA | Little Rock,"5600 Kavanaugh Blvd, Little Rock, AR 72207",5600 Kavanaugh Blvd,"Little Rock, AR 72207","Pizza restaurant, Ice cream shop, Italian restaurant, Salad shop, Vegetarian restaurant, Wine bar","Service options: [Outdoor seating, Onsite services, Takeout, Dine-in, Delivery], Highlights: [Fast service, Great beer selection, Serves local specialty], Popular for: [Lunch, Dinner, Solo dining], Accessibility: [Wheelchair accessible entrance, Wheelchair accessible parking lot, Wheelchair accessible restroom, Wheelchair accessible seating], Offerings: [Alcohol, Beer, Comfort food, Happy hour drinks, Healthy options, Quick bite, Vegan options, Vegetarian options, Wine], Dining options: [Lunch, Dinner, Counter service, Dessert, Seating, Table service], Amenities: [Bar onsite, Gender-neutral restroom, Restroom, Wi-Fi, Wi-Fi], Atmosphere: [Casual, Cozy, Trendy], Crowd: [College students, Family-friendly, Groups, Tourists], Planning: [Accepts reservations], Payments: [Credit cards, Debit cards, NFC mobile payments], Children: [Good for kids, High chairs, Kids' menu], Parking: [Free parking lot, Free street parking, Parking], Pets: [Dogs allowed outside]",(501) 661-9292,"(501) 661-9292, +1 501-661-9292",YES,ZAZA | Little Rock (Owner),103310361115199839896,https://www.google.com/maps/contrib/103310361115199839896,1415,4.4,"https://search.google.com/local/reviews?placeid=ChIJgb9Dj3Oj0ocRJVtuDlYl_u0&q=Restaurant++Little+Rock,+US&authuser=0&hl=en&gl=US",17149185482612955941,0x87d2a3738f43bf81:0xedfe25560e6e5b25,34.7704387,-92.3365054,https://lh3.googleusercontent.com/gps-cs-s/AHRPTWkWONOAv_As0B2iDaJ4kXMm4NsiX7ASiWpViBUGrSCpmnV-AMZ6rq7xjuiql5-NTpFuMSjcaL4G8ay-9AcY1oDFSxb4y88rkHRsMeF-QHeWON543nu-Fo6p9JkMM9xDrG75M_EE=w408-h408-k-no,America/Chicago,www.zazapizzaandsalad.com/,www.zazapizzaandsalad.com,"Thursday(2026-09-03): [10:30 AM–10 PM], Friday(2026-09-04): [10:30 AM–10 PM], Saturday(2026-09-05): [10:30 AM–10 PM], Sunday(2026-09-06): [10:30 AM–10 PM], Monday(2026-09-07): [10:30 AM–10 PM], Tuesday(2026-09-08): [10:30 AM–10 PM], Wednesday(2026-09-09): [10:30 AM–10 PM]",https://www.google.com/search?kgmid=/g/1tgdtp3h,/g/1tgdtp3h,https://www.google.com/maps?cid=17149185482612955941,ChIJgb9Dj3Oj0ocRJVtuDlYl_u0,,,,,,,,"Restaurant  Little Rock, US"
Star of India Restaurant,"301 N Shackleford Rd, Little Rock, AR 72211",301 N Shackleford Rd,"Little Rock, AR 72211","Indian restaurant, Brunch restaurant, Buffet restaurant, Delivery Restaurant, Takeout Restaurant, Seafood restaurant, Vegan restaurant, Vegetarian restaurant","Service options: [Curbside pickup, No-contact delivery, Delivery, Onsite services, Takeout, Dine-in], Highlights: [Fast service, Great cocktails, Great tea selection, Serves local specialty], Popular for: [Lunch, Dinner, Solo dining], Accessibility: [Wheelchair accessible entrance, Wheelchair accessible parking lot, Wheelchair accessible restroom, Wheelchair accessible seating], Offerings: [Alcohol, All you can eat, Beer, Cocktails, Coffee, Comfort food, Hard liquor, Healthy options, Private dining room, Quick bite, Small plates, Vegan options, Vegetarian options, Wine], Dining options: [Brunch, Lunch, Dinner, Catering, Dessert, Seating, Table service], Amenities: [Bar onsite, Restroom], Atmosphere: [Casual, Cozy, Quiet, Trendy], Crowd: [College students, Family-friendly, Groups, Tourists], Planning: [Accepts reservations], Payments: [Checks, Credit cards, Debit cards, NFC mobile payments, Credit cards], Children: [Good for kids, High chairs], Parking: [Free parking lot, Free street parking, Parking]",(501) 227-9900,"(501) 227-9900, +1 501-227-9900",YES,Star of India Restaurant (Owner),106767593204632542425,https://www.google.com/maps/contrib/106767593204632542425,2364,4.6,"https://search.google.com/local/reviews?placeid=ChIJl0D6w02h0ocRU5oRgRWZuBw&q=Restaurant++Little+Rock,+US&authuser=0&hl=en&gl=US",2069572346415520339,0x87d2a14dc3fa4097:0x1cb8991581119a53,34.756004,-92.3921388,https://lh3.googleusercontent.com/gps-cs-s/AHRPTWmR8k3qpHYmBSq0C89jwbSZAVgv-sYWcrECpXCVfyoGtHjESZEAr0EwjIoQgBJYsXTcKVXzvGBK9QmR_2ImuEg5llVe-p6ko7HGRfV5bIFwHJqHduHgPI-MSNfS0oFS4CNQ_Wup=w408-h306-k-no,America/Chicago,lrstarofindia.com/,lrstarofindia.com,"Thursday(2026-09-03): [11 AM–2:45 PM, 5–10 PM], Friday(2026-09-04): [11 AM–2:45 PM, 5–10 PM], Saturday(2026-09-05): [11 AM–2:45 PM, 5–10 PM], Sunday(2026-09-06): [11 AM–2:45 PM, 5–10 PM], Monday(2026-09-07): [11 AM–2:45 PM, 5–10 PM], Tuesday(2026-09-08): [11 AM–2:45 PM, 5–10 PM], Wednesday(2026-09-09): [11 AM–2:45 PM, 5–10 PM]",https://www.google.com/search?kgmid=/g/1tx47l6s,/g/1tx47l6s,https://www.google.com/maps?cid=2069572346415520339,ChIJl0D6w02h0ocRU5oRgRWZuBw,,,,,,,,"Restaurant  Little Rock, US"
Benihana,"2 Riverfront Pl, North Little Rock, AR 72114",2 Riverfront Pl,"North Little Rock, AR 72114","Restaurant, Asian restaurant, Family restaurant, Japanese restaurant, Japanese steakhouse","Service options: [Delivery, Takeout, Dine-in], Highlights: [Great cocktails, Great tea selection, Great wine list], Popular for: [Lunch, Dinner, Solo dining], Accessibility: [Wheelchair accessible entrance, Wheelchair accessible parking lot, Wheelchair accessible restroom, Wheelchair accessible seating], Offerings: [Alcohol, Beer, Cocktails, Coffee, Hard liquor, Healthy options, Private dining room, Vegetarian options, Wine], Dining options: [Lunch, Dinner, Dessert, Seating, Table service], Amenities: [Bar onsite, Restroom], Atmosphere: [Casual, Cozy, Romantic, Trendy, Upscale], Crowd: [Groups, Tourists], Planning: [Lunch reservations recommended, Dinner reservations recommended, Accepts reservations, Usually a wait], Payments: [Credit cards, Debit cards, NFC mobile payments], Children: [Good for kids, High chairs, Kids' menu], Parking: [Free parking lot, Free street parking, On-site parking, Parking]",(501) 374-8081,"(501) 374-8081, +1 501-374-8081",YES,Benihana (Owner),115948095997221592866,https://www.google.com/maps/contrib/115948095997221592866,1985,4.3,"https://search.google.com/local/reviews?placeid=ChIJ9dMiXoK80ocR51bATjxZjRc&q=Restaurant++Little+Rock,+US&authuser=0&hl=en&gl=US",1697110750142682855,0x87d2bc825e22d3f5:0x178d593c4ec056e7,34.754733699999996,-92.27011759999999,https://lh3.googleusercontent.com/gps-cs-s/AHRPTWnC3kSWlrI7cBWEiu4KKalfzTIxWmQLWNgfSYUoZmnUexjT-Y6KlS6k9Iv-5Afi-cuYLsuSra_Zome3dHXMELpOyJDlMWu0QkUyoYIRWrvLlCFz9cusSky6_y6FBbIK02R8C_2JKw=w408-h306-k-no,America/Chicago,www.benihana.com/,www.benihana.com,"Thursday(2026-09-03): [11 AM–2 PM, 5–9:30 PM], Friday(2026-09-04): [11 AM–2 PM, 5–10 PM], Saturday(2026-09-05): [5–10 PM], Sunday(2026-09-06): [11:30 AM–2:30 PM, 5:30–9 PM], Monday(2026-09-07): [11 AM–2 PM, 5–9:30 PM], Tuesday(2026-09-08): [11 AM–2 PM, 5–9:30 PM], Wednesday(2026-09-09): [11 AM–2 PM, 5–9:30 PM]",https://www.google.com/search?kgmid=/g/1tmk90l9,/g/1tmk90l9,https://www.google.com/maps?cid=1697110750142682855,ChIJ9dMiXoK80ocR51bATjxZjRc,,,,,,,,"Restaurant  Little Rock, US"
DoubleTree by Hilton Hotel Little Rock,"424 W Markham St, Little Rock, AR 72201",424 W Markham St,"Little Rock, AR 72201",Hotel,,(501) 372-4371,"(501) 372-4371, +1 501-372-4371",YES,DoubleTree by Hilton Hotel Little Rock (Owner),114983577424449971572,https://www.google.com/maps/contrib/114983577424449971572,2557,3.9,"https://search.google.com/local/reviews?placeid=ChIJ09TwamO70ocRuk2nZGlygyY&q=Restaurant++Little+Rock,+US&authuser=0&hl=en&gl=US",2775187592376176058,0x87d2bb636af0d4d3:0x2683726964a74dba,34.7493836,-92.27386949999999,https://lh3.googleusercontent.com/gps-cs-s/AHRPTWnvejXTzKFe1b5u6dCS3tTEstfZIPihCbIPvI0yr3XRBd2KpljQZQLREzbr2ugYEV-cqI48pLpz2YTEZltBDwdN6l6qxQXtM9KeMqvBwXNPcWmCQ2hdtWBhR5X_PNCJN7R3QgOj9bcZYCSY=w408-h272-k-no,America/Chicago,www.hilton.com/en/hotels/litmbdt-doubletree-little-rock/?SEO_id=GMB-AMER-DT-LITMBDT,www.hilton.com,,https://www.google.com/search?kgmid=/g/1td3m3mp,/g/1td3m3mp,https://www.google.com/maps?cid=2775187592376176058,ChIJ09TwamO70ocRuk2nZGlygyY,,,,,,,,"Restaurant  Little Rock, US"
Stone's Throw Brewing MacPark Brewpub & Biergarten,"402 E 9th St, Little Rock, AR 72202",402 E 9th St,"Little Rock, AR 72202","Brewery, Bar, Beer garden, Beer store, Cider bar, Pub","Service options: [Onsite services], Accessibility: [Wheelchair accessible entrance, Wheelchair accessible parking lot, Wheelchair accessible restroom], Offerings: [Alcohol, Beer], Amenities: [Bar onsite, Gender-neutral restroom], Payments: [Credit cards, Debit cards, NFC mobile payments, Credit cards], Parking: [Free parking lot, Free street parking]",(501) 244-9154,"(501) 244-9154, +1 501-244-9154",YES,Stone's Throw Brewing MacPark Brewpub & Biergarten (Owner),109339118207522651866,https://www.google.com/maps/contrib/109339118207522651866,197,4.5,"https://search.google.com/local/reviews?placeid=ChIJq_280nC70ocRY7_MsnDaAso&q=Restaurant++Little+Rock,+US&authuser=0&hl=en&gl=US",14556437123185819491,0x87d2bb70d2bcfdab:0xca02da70b2ccbf63,34.7398022,-92.2680601,https://lh3.googleusercontent.com/gps-cs-s/AHRPTWlQxfWDFRI9r97sxcVCdM-Sjx1qTKpgF8duFvk1gLs234Y3FvF22l60Iehz6FjR82oii3xUW57dkn2MSe796AthCGw9N0CjokdPhrXgimGwPFRM-aNtTNTFSPnIlc2Weu6_UB863g=w426-h240-k-no,America/Chicago,www.facebook.com/stonesthrowbrewing,www.facebook.com,"Thursday(2026-09-03): [4–9 PM], Friday(2026-09-04): [4–10 PM], Saturday(2026-09-05): [12–10 PM], Sunday(2026-09-06): [12–9 PM], Monday(2026-09-07): [4–9 PM], Tuesday(2026-09-08): [4–9 PM], Wednesday(2026-09-09): [4–9 PM]",https://www.google.com/search?kgmid=/g/12m9ltg07,/g/12m9ltg07,https://www.google.com/maps?cid=14556437123185819491,ChIJq_280nC70ocRY7_MsnDaAso,,,,,,,,"Restaurant  Little Rock, US"
La Chingada,"313 President Clinton Ave, Little Rock, AR 72201",313 President Clinton Ave,"Little Rock, AR 72201",Restaurant,"Service options: [Curbside pickup, Delivery, Takeout, Dine-in], Highlights: [Fast service, Great beer selection, Great cocktails, Live music], Popular for: [Lunch, Dinner, Solo dining], Accessibility: [Wheelchair accessible entrance, Wheelchair accessible parking lot, Wheelchair accessible restroom, Wheelchair accessible seating], Offerings: [Alcohol, Beer, Cocktails, Coffee, Comfort food, Happy hour drinks, Hard liquor, Quick bite, Small plates, Wine], Dining options: [Lunch, Dinner, Dessert, Seating, Table service], Amenities: [Bar onsite, Restroom], Atmosphere: [Casual, Trendy], Crowd: [Groups, Tourists], Planning: [Accepts reservations], Payments: [Credit cards, Debit cards, NFC mobile payments, Credit cards], Children: [High chairs, Kids' menu], Parking: [Free street parking, Paid street parking]",(501) 916-9049,"(501) 916-9049, +1 501-916-9049",YES,La Chingada (Owner),108995919862897529269,https://www.google.com/maps/contrib/108995919862897529269,250,3.6,"https://search.google.com/local/reviews?placeid=ChIJsyUL-sO70ocRvZbPgv-v0Ag&q=Restaurant++Little+Rock,+US&authuser=0&hl=en&gl=US",635201059405403837,0x87d2bbc3fa0b25b3:0x8d0afff82cf96bd,34.7475911,-92.2674199,https://lh3.googleusercontent.com/gps-cs-s/AHRPTWm7nWo-YtDJP9DMNrZN2fI-0gdJ_MbSDHV0ATVM63p7XE0qUyzRIuoG_jnRY5scfPIm3MkNCRI_5JFozkMGsq-V9ZPbuzj-Qf4D3dAoLmM6tIrMtGUvE39Ps4bh4SVK_qKQrY5KHQ=w408-h541-k-no,America/Chicago,www.lachingadalr.com/,www.lachingadalr.com,"Thursday(2026-09-03): [11 AM–11 PM], Friday(2026-09-04): [11 AM–1 AM], Saturday(2026-09-05): [10 AM–1 AM], Sunday(2026-09-06): [11 AM–10 PM], Monday(2026-09-07): [11 AM–10 PM], Tuesday(2026-09-08): [11 AM–10 PM], Wednesday(2026-09-09): [11 AM–10 PM]",https://www.google.com/search?kgmid=/g/11l6x56m50,/g/11l6x56m50,https://www.google.com/maps?cid=635201059405403837,ChIJsyUL-sO70ocRvZbPgv-v0Ag,,,,,,,,"Restaurant  Little Rock, US"
LongHorn Steakhouse,"2628 S Shackleford Rd, Little Rock, AR 72205",2628 S Shackleford Rd,"Little Rock, AR 72205","Steak house, Bar & grill, Barbecue restaurant, Family restaurant, Takeout Restaurant, Traditional American restaurant","Service options: [Curbside pickup, Onsite services, Takeout, Dine-in, Delivery], Highlights: [Fast service, Great beer selection, Great cocktails, Great dessert, Great tea selection, Great wine list, Serves local specialty, Sports], Popular for: [Lunch, Dinner, Solo dining], Accessibility: [Wheelchair accessible entrance, Wheelchair accessible parking lot, Wheelchair accessible restroom, Wheelchair accessible seating], Offerings: [Alcohol, Beer, Cocktails, Coffee, Comfort food, Hard liquor, Healthy options, Small plates, Wine], Dining options: [Lunch, Dinner, Dessert, Seating, Table service], Amenities: [Bar onsite, Restroom, Wi-Fi, Wi-Fi], Atmosphere: [Casual, Cozy, Quiet, Trendy], Crowd: [Family-friendly, Groups, Tourists], Planning: [Accepts reservations], Payments: [Credit cards, Debit cards, NFC mobile payments, Credit cards], Children: [Good for kids, Has changing table(s), High chairs, Kids' menu], Parking: [Free parking lot, Free street parking, Parking]",(501) 219-6809,"(501) 219-6809, +1 501-219-6809",YES,LongHorn Steakhouse (Owner),116047297522576021736,https://www.google.com/maps/contrib/116047297522576021736,2083,4.2,"https://search.google.com/local/reviews?placeid=ChIJ1-qQz72m0ocRtkwsYJFo7b4&q=Restaurant++Little+Rock,+US&authuser=0&hl=en&gl=US",13757767410279795894,0x87d2a6bdcf90ead7:0xbeed6891602c4cb6,34.7304636,-92.39555779999999,https://lh3.googleusercontent.com/gps-cs-s/AHRPTWmAjW7W0Aarty3AzUyEfo7OFmo6trDP8920cB1tjmVpMqagT1pQjF_OW79lpfqm3eC04iP9eLeodXlyTkh8uWjJDtfBRlBPvZJh5D4IjT5mYSHhbjaorgNnfrku-7I7AnD4vA_f=w426-h240-k-no,America/Chicago,www.longhornsteakhouse.com/locations/ar/little-rock/little-rock-shackleford-crossings/5479?cmpid=br:lh_ag:ie_ch:loc_ca:LHGMB_sn:gmb_gt:little-rock-ar-5479_pl:locurl_rd:1417,www.longhornsteakhouse.com,"Thursday(2026-09-03): [11 AM–10 PM], Friday(2026-09-04): [11 AM–11 PM], Saturday(2026-09-05): [11 AM–11 PM], Sunday(2026-09-06): [11 AM–10 PM], Monday(2026-09-07): [11 AM–10 PM], Tuesday(2026-09-08): [11 AM–10 PM], Wednesday(2026-09-09): [11 AM–10 PM]",https://www.google.com/search?kgmid=/g/12vrnm_x3,/g/12vrnm_x3,https://www.google.com/maps?cid=13757767410279795894,ChIJ1-qQz72m0ocRtkwsYJFo7b4,,,,,,,,"Restaurant  Little Rock, US"
Moody Brews,"414 E 21st St, Little Rock, AR 72206",414 E 21st St,"Little Rock, AR 72206","Brewery, Bar, Restaurant","Service options: [Onsite services, Delivery], Accessibility: [Wheelchair accessible entrance, Wheelchair accessible parking lot], Offerings: [Alcohol, Beer], Amenities: [Bar onsite, Gender-neutral restroom], Crowd: [LGBTQ+ friendly, Transgender safespace], Payments: [Credit cards, Debit cards, NFC mobile payments], Parking: [Free parking lot, Free street parking]",,,YES,Moody Brews (Owner),109493195079112883448,https://www.google.com/maps/contrib/109493195079112883448,110,4.9,"https://search.google.com/local/reviews?placeid=ChIJCVOacwC70ocRT1qX5BamPJY&q=Restaurant++Little+Rock,+US&authuser=0&hl=en&gl=US",10825710221546445391,0x87d2bb00739a5309:0x963ca616e4975a4f,34.728667099999996,-92.2693771,https://lh3.googleusercontent.com/gps-cs-s/AHRPTWkEypwnNC7YOqqGfzVPlOziFxSCQVhXEAp3mpSYA06y7qUzgwdyyclaY_6Os6nGa6a_mtcMg0VdNO-R--jM9enC12NnZVc56M2ADuv30Pf0flrFemnPKNYa8WJVEfIFEDGfHNFF=w408-h543-k-no,America/Chicago,moodybrews.co/,moodybrews.co,"Thursday(2026-09-03): [4–9 PM], Friday(2026-09-04): [12–10 PM], Saturday(2026-09-05): [11 AM–10 PM], Sunday(2026-09-06): [11 AM–9 PM], Monday(2026-09-07): [Closed], Tuesday(2026-09-08): [4–9 PM], Wednesday(2026-09-09): [4–9 PM]",https://www.google.com/search?kgmid=/g/11vyt74722,/g/11vyt74722,https://www.google.com/maps?cid=10825710221546445391,ChIJCVOacwC70ocRT1qX5BamPJY,,,,,,,,"Restaurant  Little Rock, US"
U.S. Pizza Co. Hillcrest,"2710 Kavanaugh Blvd, Little Rock, AR 72205",2710 Kavanaugh Blvd,"Little Rock, AR 72205","Pizza restaurant, Family restaurant","Service options: [Outdoor seating, No-contact delivery, Delivery, Onsite services, Takeout, Dine-in], Highlights: [Fast service, Great beer selection, Great cocktails, Serves local specialty, Sports], Popular for: [Lunch, Dinner, Solo dining], Accessibility: [Wheelchair accessible entrance, Wheelchair accessible parking lot, Wheelchair accessible restroom, Wheelchair accessible seating], Offerings: [Alcohol, Beer, Cocktails, Coffee, Comfort food, Happy hour drinks, Hard liquor, Private dining room, Quick bite, Small plates, Vegetarian options, Wine], Dining options: [Brunch, Lunch, Dinner, Catering, Dessert, Seating, Table service], Amenities: [Bar onsite, Restroom, Wi-Fi], Atmosphere: [Casual, Cozy, Trendy], Crowd: [College students, Groups, Tourists], Planning: [Accepts reservations], Payments: [Credit cards, Debit cards, NFC mobile payments], Children: [Good for kids, Good for kids birthday, High chairs, Kids' menu], Parking: [Free parking lot, Free street parking, Parking], Pets: [Dogs allowed, Dogs allowed outside]",(501) 663-2198,"(501) 663-2198, +1 501-663-2198",YES,U.S. Pizza Co. Hillcrest (Owner),101695656801325971991,https://www.google.com/maps/contrib/101695656801325971991,1028,4.4,"https://search.google.com/local/reviews?placeid=ChIJbXKKtGCj0ocRMsRt9ixPXkQ&q=Restaurant++Little+Rock,+US&authuser=0&hl=en&gl=US",4926462096921445426,0x87d2a360b48a726d:0x445e4f2cf66dc432,34.7576043,-92.323469,https://lh3.googleusercontent.com/gps-cs-s/AHRPTWl7t_NRnbn0B9DmAhK089dBbJaGK3S3TqnJoJQxNDkQcSu5kIwuY0b-7kdzukeA2wWLczUEDuVuW7XQVfqQMqhavVgD0ibz2M466kMbhze1ceZk6cAUp5Ju5LLy2GyRR9IQUrzo=w426-h240-k-no,America/Chicago,uspizzaco.net/location/,uspizzaco.net,"Thursday(2026-09-03): [10:30 AM–9 PM], Friday(2026-09-04): [10:30 AM–10 PM], Saturday(2026-09-05): [10 AM–10 PM], Sunday(2026-09-06): [10 AM–9 PM], Monday(2026-09-07): [10:30 AM–9 PM], Tuesday(2026-09-08): [10:30 AM–9 PM], Wednesday(2026-09-09): [10:30 AM–9 PM]",https://www.google.com/search?kgmid=/g/1hbpws3mt,/g/1hbpws3mt,https://www.google.com/maps?cid=4926462096921445426,ChIJbXKKtGCj0ocRMsRt9ixPXkQ,,,,,,,,"Restaurant  Little Rock, US"
Kiyen's Kamikaito,"521 Main St, North Little Rock, AR 72114",521 Main St,"North Little Rock, AR 72114","Japanese restaurant, Korean restaurant, Sushi restaurant","Service options: [Onsite services, Takeout, Dine-in, Delivery], Highlights: [Fast service, Great tea selection], Popular for: [Lunch, Dinner, Solo dining], Accessibility: [Wheelchair accessible entrance, Wheelchair accessible parking lot, Wheelchair accessible restroom, Wheelchair accessible seating], Offerings: [Alcohol, Beer, Cocktails, Coffee, Comfort food, Hard liquor, Healthy options, Organic dishes, Small plates, Vegan options, Vegetarian options, Wine], Dining options: [Lunch, Dinner, Catering, Dessert, Seating, Table service], Amenities: [Bar onsite, Restroom, Wi-Fi, Wi-Fi], Atmosphere: [Casual, Cozy, Trendy], Crowd: [Family-friendly, Groups, Tourists], Planning: [Accepts reservations], Payments: [Checks, Credit cards, Debit cards, Credit cards], Children: [Good for kids, High chairs, Kids' menu], Parking: [Free parking lot, Free street parking, Parking]",(501) 891-6172,"(501) 891-6172, +1 501-891-6172",YES,Kiyen's Kamikaito (Owner),112889484108383844255,https://www.google.com/maps/contrib/112889484108383844255,391,4.6,"https://search.google.com/local/reviews?placeid=ChIJwQnPq4a80ocRHYpoMV8vutA&q=Restaurant++Little+Rock,+US&authuser=0&hl=en&gl=US",15040385991454525981,0x87d2bc86abcf09c1:0xd0ba2f5f31688a1d,34.7588509,-92.267944,https://lh3.googleusercontent.com/gps-cs-s/AHRPTWlp5yCBLt_Vs3oXV6ysvKuxVLsC5xwxN3X_wewNeY1FdcB7DzTQrEe0RnMQb3pilmvptZ3CaYPmSDIVjqwXJ0OEis3ZrX8iU0THiqPix_FLm-yhrhz8mo4Ksm-uka7Yqidh_4DD2g=w426-h240-k-no,America/Chicago,,,"Thursday(2026-09-03): [5–9 PM], Friday(2026-09-04): [5–10 PM], Saturday(2026-09-05): [5–10 PM], Sunday(2026-09-06): [Closed], Monday(2026-09-07): [Closed], Tuesday(2026-09-08): [Closed], Wednesday(2026-09-09): [Closed]",https://www.google.com/search?kgmid=/g/11gbkrpd8s,/g/11gbkrpd8s,https://www.google.com/maps?cid=15040385991454525981,ChIJwQnPq4a80ocRHYpoMV8vutA,,,,,,,,"Restaurant  Little Rock, US"
Triple View Drive-In,"4507 IA-9, Little Rock, IA 51243",4507 IA-9,"Little Rock, IA 51243",Fast food restaurant,,(712) 479-2100,,,,,,83,4.8,"https://search.google.com/local/reviews?placeid=ChIJDRhQUHRljIcRJVuGRk7Lm7s&q=Restaurant++Little+Rock,+US&authuser=0&hl=en&gl=US",13518622243533773605,0x878c65745050180d:0xbb9bcb4e46865b25,43.432616499999995,-95.8988397,,America/Chicago,tripleviewdriveiniaia.com/,tripleviewdriveiniaia.com,"Thursday(2026-09-03): [10 AM–10 PM], Friday(2026-09-04): [10 AM–10 PM], Saturday(2026-09-05): [10 AM–10 PM], Sunday(2026-09-06): [10 AM–10 PM], Monday(2026-09-07): [10 AM–10 PM], Tuesday(2026-09-08): [10 AM–10 PM], Wednesday(2026-09-09): [10 AM–10 PM]",https://www.google.com/search?kgmid=/g/11l2kwkkgj,/g/11l2kwkkgj,https://www.google.com/maps?cid=13518622243533773605,ChIJDRhQUHRljIcRJVuGRk7Lm7s,,,,,,,,"Restaurant  Little Rock, US"
Capital Hotel,"111 W Markham St, Little Rock, AR 72201",111 W Markham St,"Little Rock, AR 72201","Restaurant, Event venue, Hotel",,(501) 374-7474,"(501) 374-7474, +1 501-374-7474",YES,Capital Hotel (Owner),117834558396198167301,https://www.google.com/maps/contrib/117834558396198167301,798,4.7,"https://search.google.com/local/reviews?placeid=ChIJiZuVm3y70ocRu8MmZvYFzuA&q=Restaurant++Little+Rock,+US&authuser=0&hl=en&gl=US",16198891465532163003,0x87d2bb7c9b959b89:0xe0ce05f66626c3bb,34.7480629,-92.2712978,https://lh3.googleusercontent.com/gps-cs-s/AHRPTWlUuDS7zkEFcpBdlheBh6O6cXCqv978EAaSnhlIqjLecRaL3SkDVwb8T0tQ8Qf6yg3p9F3OfD50Xone-bUDDlJHz9jH0p9BTZ2bmOLtxH8b6jqsIxjqQd6_Xq1aX_XWk99GiPA7lw=w408-h272-k-no,America/Chicago,www.capitalhotel.com/,www.capitalhotel.com,,https://www.google.com/search?kgmid=/g/11bwn4hm8c,/g/11bwn4hm8c,https://www.google.com/maps?cid=16198891465532163003,ChIJiZuVm3y70ocRu8MmZvYFzuA,,,,,,,,"Restaurant  Little Rock, US"
Gold Bowl,"215 Center St, Little Rock, AR 72201",215 Center St,"Little Rock, AR 72201",Ramen restaurant,"Service options: [Delivery, Onsite services, Takeout, Dine-in], Popular for: [Lunch, Dinner, Solo dining], Accessibility: [Wheelchair accessible entrance, Wheelchair accessible parking lot, Wheelchair accessible restroom, Wheelchair accessible seating], Offerings: [Comfort food, Healthy options, Quick bite, Small plates, Vegan options, Vegetarian options], Dining options: [Lunch, Dinner, Counter service, Dessert], Amenities: [Restroom], Atmosphere: [Casual, Cozy, Quiet, Trendy], Crowd: [College students, Groups, Tourists], Planning: [Accepts reservations], Payments: [Credit cards, Debit cards, NFC mobile payments, Credit cards], Children: [Good for kids], Parking: [Free street parking, Paid parking lot, Paid street parking, Parking]",(501) 615-8591,"(501) 615-8591, +1 501-615-8591",YES,Gold Bowl (Owner),110640069515798113625,https://www.google.com/maps/contrib/110640069515798113625,207,4.4,"https://search.google.com/local/reviews?placeid=ChIJm0R_Kge70ocR-B2_XKaZ9d4&q=Restaurant++Little+Rock,+US&authuser=0&hl=en&gl=US",16065916185513762296,0x87d2bb072a7f449b:0xdef599a65cbf1df8,34.747161999999996,-92.2728056,https://lh3.googleusercontent.com/gps-cs-s/AHRPTWl94UHoUh0hoi_92NNZSov-8hWvI_hR9swfYcSgtb4_UaTm1QgKNfbW9MiWhSTKYUKd-VFZnwLfbmaaK7CSbsH8GAfGAbvOjbd0UNHU652NTJeXSsh3NjjZwwf-nQoAHAP53XQ=w408-h544-k-no,America/Chicago,www.goldbowllittlerock.com/,www.goldbowllittlerock.com,"Thursday(2026-09-03): [10:30 AM–8 PM], Friday(2026-09-04): [10:30 AM–8 PM], Saturday(2026-09-05): [Closed], Sunday(2026-09-06): [11 AM–8 PM], Monday(2026-09-07): [10:30 AM–8 PM], Tuesday(2026-09-08): [10:30 AM–8 PM], Wednesday(2026-09-09): [10:30 AM–8 PM]",https://www.google.com/search?kgmid=/g/11svwg7_tn,/g/11svwg7_tn,https://www.google.com/maps?cid=16065916185513762296,ChIJm0R_Kge70ocR-B2_XKaZ9d4,,,,,,,,"Restaurant  Little Rock, US"
Jason's Deli,"301 N Shackleford Rd H1a, Little Rock, AR 72211",301 N Shackleford Rd H1a,"Little Rock, AR 72211","Restaurant, Salad shop","Service options: [Outdoor seating, Curbside pickup, No-contact delivery, Delivery, Drive-through, Onsite services, Takeout, Dine-in], Highlights: [Fireplace, Great tea selection], Popular for: [Lunch, Dinner, Solo dining], Accessibility: [Wheelchair accessible entrance, Wheelchair accessible parking lot, Wheelchair accessible restroom, Wheelchair accessible seating], Offerings: [All you can eat, Coffee, Comfort food, Healthy options, Organic dishes, Quick bite, Salad bar, Small plates, Vegan options, Vegetarian options], Dining options: [Breakfast, Lunch, Dinner, Catering, Counter service, Dessert, Seating, Table service], Amenities: [Restroom, Wi-Fi, Wi-Fi], Atmosphere: [Casual, Quiet, Trendy], Crowd: [Family-friendly, Groups, Tourists], Planning: [Accepts reservations], Payments: [Credit cards, Debit cards, NFC mobile payments, Credit cards], Children: [Good for kids, High chairs, Kids' menu], Parking: [Free parking lot, Free street parking, Parking], Pets: [Dogs allowed outside]",(501) 954-8700,"(501) 954-8700, +1 501-954-8700",YES,Jason's Deli (Owner),100900495337094140136,https://www.google.com/maps/contrib/100900495337094140136,921,4.1,"https://search.google.com/local/reviews?placeid=ChIJl0D6w02h0ocRF2QCCUwr-CU&q=Restaurant++Little+Rock,+US&authuser=0&hl=en&gl=US",2735984379196236823,0x87d2a14dc3fa4097:0x25f82b4c09026417,34.7549862,-92.3922284,https://lh3.googleusercontent.com/gps-cs-s/AHRPTWlXDiYpwbH4ClYg0gQO0F-rr2TDkmIt2t234BR6iKebQ348FJwPPj_w-7u1OuYQ4Xnhu051KazOsRTTyqpn9zt1Ak0RoR7jDWTcHOmG-7E_yM-90XPG1KXltLH3ARZydkhMvjuR=w426-h240-k-no,America/Chicago,www.jasonsdeli.com/locations/ar/little-rock/301-n-shackleford/,www.jasonsdeli.com,"Thursday(2026-09-03): [10 AM–9 PM], Friday(2026-09-04): [10 AM–9 PM], Saturday(2026-09-05): [10 AM–9 PM], Sunday(2026-09-06): [10 AM–9 PM], Monday(2026-09-07): [10 AM–9 PM], Tuesday(2026-09-08): [10 AM–9 PM], Wednesday(2026-09-09): [10 AM–9 PM]",https://www.google.com/search?kgmid=/g/1tfshyld,/g/1tfshyld,https://www.google.com/maps?cid=2735984379196236823,ChIJl0D6w02h0ocRF2QCCUwr-CU,,,,,,,,"Restaurant  Little Rock, US"
Lindsey's Hospitality House,"207 Curtis Sykes Dr, North Little Rock, AR 72114",207 Curtis Sykes Dr,"North Little Rock, AR 72114","Barbecue restaurant, Caterer, Event venue, Soul food restaurant","From the business: [Identifies as Black-owned], Service options: [Outdoor seating, Curbside pickup, No-contact delivery, Delivery, Onsite services, Takeout, Dine-in], Highlights: [Great dessert, Great tea selection, Serves local specialty, Sports], Popular for: [Lunch, Dinner, Solo dining], Accessibility: [Wheelchair accessible entrance, Wheelchair accessible parking lot, Wheelchair accessible restroom, Wheelchair accessible seating, Assistive hearing loop], Offerings: [Comfort food, Private dining room, Quick bite, Small plates, Vegetarian options], Dining options: [Lunch, Dinner, Catering, Dessert, Seating, Table service], Amenities: [Gender-neutral restroom, Restroom, Wi-Fi, Wi-Fi], Atmosphere: [Casual, Cozy, Historic, Quiet, Trendy], Crowd: [Family-friendly, Groups, Tourists], Planning: [Accepts reservations], Payments: [Checks, Credit cards, Debit cards, NFC mobile payments, Credit cards], Children: [Good for kids, High chairs, Kids' menu], Parking: [Free parking lot, Free street parking, Parking], Pets: [Dogs allowed outside]",(501) 374-5707,"(501) 374-5707, +1 501-374-5707",YES,Lindsey's Hospitality House (Owner),114750871523474095865,https://www.google.com/maps/contrib/114750871523474095865,757,4.5,"https://search.google.com/local/reviews?placeid=ChIJ-wlhAYm80ocRJ14z_nZm2CY&q=Restaurant++Little+Rock,+US&authuser=0&hl=en&gl=US",2799099829667716647,0x87d2bc89016109fb:0x26d86676fe335e27,34.7684354,-92.2655735,https://lh3.googleusercontent.com/gps-cs-s/AHRPTWlV_BCMyUX-Dm_SpR51A2iIyBrr_XA-rqNtMMh5RZrLGk4jEw51BbFKI4QfYNZNuXn80jYAi5TMdMUgVa6s7ZbeuUvgrHK-CP0e5s270pvqHCtLN6AjnHdo1qhnzMooXsnwkijEEw=w408-h274-k-no,America/Chicago,lindseysbbqnmore.com/,lindseysbbqnmore.com,"Thursday(2026-09-03): [11 AM–6 PM], Friday(2026-09-04): [11 AM–6 PM], Saturday(2026-09-05): [11 AM–6 PM], Sunday(2026-09-06): [Closed], Monday(2026-09-07): [11 AM–4 PM], Tuesday(2026-09-08): [11 AM–6 PM], Wednesday(2026-09-09): [11 AM–6 PM]",https://www.google.com/search?kgmid=/g/1w0h813s,/g/1w0h813s,https://www.google.com/maps?cid=2799099829667716647,ChIJ-wlhAYm80ocRJ14z_nZm2CY,,,,,,,,"Restaurant  Little Rock, US"
Willy D's Dueling Pianos,"322 President Clinton Ave, Little Rock, AR 72201",322 President Clinton Ave,"Little Rock, AR 72201","Restaurant, Bar, Night club, Piano bar","Service options: [Onsite services, Takeout, Dine-in, Delivery], Highlights: [Active military discounts, Bar games, Fast service, Great beer selection, Great cocktails, Karaoke, Live music, Live performances], Accessibility: [Wheelchair accessible entrance, Wheelchair accessible parking lot, Wheelchair accessible restroom], Offerings: [Alcohol, Beer, Cocktails, Dancing, Food, Food at bar, Happy hour drinks, Happy hour food, Hard liquor, Wine], Dining options: [Seating, Table service], Amenities: [Bar onsite, Restaurant, Restroom, Wi-Fi], Atmosphere: [Casual, Trendy], Crowd: [Groups, Tourists], Planning: [Accepts reservations], Payments: [Credit cards, Debit cards, NFC mobile payments], Parking: [Free street parking, Paid parking garage]",(501) 244-9550,"(501) 244-9550, +1 501-244-9550",YES,Willy D's Dueling Pianos (Owner),115752950871589341888,https://www.google.com/maps/contrib/115752950871589341888,736,4.4,"https://search.google.com/local/reviews?placeid=ChIJoWJysX670ocR8_zBzWSYskk&q=Restaurant++Little+Rock,+US&authuser=0&hl=en&gl=US",5310474469339430131,0x87d2bb7eb17262a1:0x49b29864cdc1fcf3,34.7477318,-92.2669904,https://lh3.googleusercontent.com/gps-cs-s/AHRPTWkzS6zabA9VtjisU40kTB9wpFT4wx04I8YGa_DjvAsgcJGUtvto9OrNY278W2W3_h9fNgZ9zCYMfn-RGo6vWSSQOypBKYuDRBaWGFByjy4bxBnRyg6DoGWtipcrg8A6L2DU-P35Cw=w408-h306-k-no,America/Chicago,willydspianobar.com/,willydspianobar.com,"Thursday(2026-09-03): [8 PM–2 AM], Friday(2026-09-04): [7 PM–2 AM], Saturday(2026-09-05): [7 PM–2 AM], Sunday(2026-09-06): [Closed], Monday(2026-09-07): [Closed], Tuesday(2026-09-08): [8 PM–2 AM], Wednesday(2026-09-09): [Closed]",https://www.google.com/search?kgmid=/g/1tk6qvyn,/g/1tk6qvyn,https://www.google.com/maps?cid=5310474469339430131,ChIJoWJysX670ocR8_zBzWSYskk,,,,,,,,"Restaurant  Little Rock, US"
Big On Tokyo,"400 President Clinton Ave, Little Rock, AR 72201",400 President Clinton Ave,"Little Rock, AR 72201","Japanese restaurant, Asian restaurant","Service options: [Delivery, Takeout, Dine-in], Popular for: [Lunch, Dinner, Solo dining], Accessibility: [Wheelchair accessible entrance, Wheelchair accessible parking lot, Wheelchair accessible restroom, Wheelchair accessible seating], Offerings: [Comfort food, Healthy options, Quick bite, Small plates], Dining options: [Lunch, Dinner, Dessert], Amenities: [Restroom], Atmosphere: [Casual, Quiet, Trendy], Payments: [Credit cards, Debit cards, NFC mobile payments]",(501) 744-4532,"(501) 744-4532, +1 501-744-4532",YES,Big On Tokyo (Owner),105644098429987216655,https://www.google.com/maps/contrib/105644098429987216655,44,4.1,"https://search.google.com/local/reviews?placeid=ChIJMRS8yn670ocRt2tPi-D_YPk&q=Restaurant++Little+Rock,+US&authuser=0&hl=en&gl=US",17969643853083274167,0x87d2bb7ecabc1431:0xf960ffe08b4f6bb7,34.7477376,-92.2660291,https://lh3.googleusercontent.com/gps-cs-s/AHRPTWlGQUuq0GY3FemFtxA7DkqSh2ZOM3IVvXa98ujNIZCHUx2vIOZcHIfZw8X24dj1U5HeFKHWOfLIoyuuF9emfQMW6nNxN_8G5We7cIGcgTgvgHeQ07mKpt-TY9QjujNmCcFlP5KQ=w408-h544-k-no,America/Chicago,www.facebook.com/profile.php?id=61564680376027&mibextid=LQQJ4d,www.facebook.com,"Thursday(2026-09-03): [10:30 AM–2 PM], Friday(2026-09-04): [10:30 AM–2 PM], Saturday(2026-09-05): [10:30 AM–2 PM], Sunday(2026-09-06): [Closed], Monday(2026-09-07): [10:30 AM–2 PM], Tuesday(2026-09-08): [10:30 AM–2 PM], Wednesday(2026-09-09): [10:30 AM–2 PM]",https://www.google.com/search?kgmid=/g/1v_vtfnr,/g/1v_vtfnr,https://www.google.com/maps?cid=17969643853083274167,ChIJMRS8yn670ocRt2tPi-D_YPk,,,,,,,,"Restaurant  Little Rock, US"
Mad Slice Pizza & Beer,"201 E Markham St Ste 100, Little Rock, AR 72201",201 E Markham St Ste 100,"Little Rock, AR 72201",Pizza restaurant,"Service options: [Onsite services, Takeout, Dine-in], Highlights: [Fast service], Popular for: [Lunch, Dinner, Solo dining], Accessibility: [Wheelchair accessible entrance, Wheelchair accessible parking lot], Offerings: [Alcohol, Beer, Comfort food, Quick bite, Wine], Dining options: [Lunch, Dinner], Atmosphere: [Casual, Trendy], Payments: [Credit cards, Debit cards, NFC mobile payments], Children: [Good for kids], Parking: [Free parking lot, Free street parking, Paid parking garage, Paid parking lot, Paid street parking, Parking]",(501) 904-6853,"(501) 904-6853, +1 501-904-6853",YES,Mad Slice Pizza & Beer (Owner),103712320331047769770,https://www.google.com/maps/contrib/103712320331047769770,78,4.1,"https://search.google.com/local/reviews?placeid=ChIJPfcjKu670ocRDYNFfgBH8u4&q=Restaurant++Little+Rock,+US&authuser=0&hl=en&gl=US",17217902392834884365,0x87d2bbee2a23f73d:0xeef247007e45830d,34.7476467,-92.26884899999999,https://lh3.googleusercontent.com/gps-cs-s/AHRPTWlJeJk71Pm0D6gTK9PRKaSa7fvQak5D5btuuD02FypGYEpxKRipSuOuAT4zggvQgvrh-ZKVLnyDpXL8WJ54sXiYx1R1ISoSYEUyiSE6Q2kUNpNPPIO89F7Jg-RbjfNuUmVusDe8TlcRovPt=w408-h544-k-no,America/Chicago,madslicepizza.com/,madslicepizza.com,"Thursday(2026-09-03): [11 AM–10 PM], Friday(2026-09-04): [11 AM–11 PM], Saturday(2026-09-05): [11 AM–11 PM], Sunday(2026-09-06): [11 AM–8 PM], Monday(2026-09-07): [Closed], Tuesday(2026-09-08): [11 AM–10 PM], Wednesday(2026-09-09): [11 AM–10 PM]",https://www.google.com/search?kgmid=/g/11zg4bd47k,/g/11zg4bd47k,https://www.google.com/maps?cid=17217902392834884365,ChIJPfcjKu670ocRDYNFfgBH8u4,,,,,,,,"Restaurant  Little Rock, US"
Six Ten Center,"610 Center St, Little Rock, AR 72201",610 Center St,"Little Rock, AR 72201","Bar & grill, Gay bar","Service options: [Takeout, Dine-in, Delivery], Highlights: [Fast service, Great beer selection, Great cocktails, Karaoke, Trivia night], Accessibility: [Wheelchair accessible entrance, Wheelchair accessible parking lot, Wheelchair accessible restroom, Wheelchair accessible seating], Offerings: [Alcohol, Beer, Cocktails, Food, Food at bar, Happy hour drinks, Hard liquor, Late-night food, Wine], Dining options: [Brunch, Lunch, Dinner], Amenities: [Bar onsite, Restroom], Atmosphere: [Casual, Cozy, Trendy], Crowd: [Groups, Tourists], Planning: [Accepts reservations], Payments: [Credit cards, Debit cards], Parking: [Free street parking, Paid parking lot, Parking]",(501) 374-4678,"(501) 374-4678, +1 501-374-4678",YES,Six Ten Center (Owner),118364177720537734840,https://www.google.com/maps/contrib/118364177720537734840,289,4.5,"https://search.google.com/local/reviews?placeid=ChIJyYRKQWW70ocRklJvQsaJUQQ&q=Restaurant++Little+Rock,+US&authuser=0&hl=en&gl=US",311181333876396690,0x87d2bb65414a84c9:0x45189c6426f5292,34.7429652,-92.2739218,https://lh3.googleusercontent.com/gps-cs-s/AHRPTWk5ReVzCgkTx6Yqw1VzLlkDrXfGthQLBKwdq-grTrsLCsXXI8Mz-BLad3rJYNA6boFGadH-zbVYGGgJqmqaxWKlZhi3hgDUDopfCQO3L218-MLAexj60WcedzMYtStN2Fcryuzx=w408-h306-k-no,America/Chicago,www.facebook.com/share/1CnSLvq2bA/?mibextid=wwXIfr,www.facebook.com,"Thursday(2026-09-03): [4–11 PM], Friday(2026-09-04): [4–11:30 PM], Saturday(2026-09-05): [6–11:30 PM], Sunday(2026-09-06): [12–10 PM], Monday(2026-09-07): [6–11 PM], Tuesday(2026-09-08): [4–11 PM], Wednesday(2026-09-09): [4–11 PM]",https://www.google.com/search?kgmid=/g/1tcw8qct,/g/1tcw8qct,https://www.google.com/maps?cid=311181333876396690,ChIJyYRKQWW70ocRklJvQsaJUQQ,,,,,,,,"Restaurant  Little Rock, US"
Bucksaw II,"408 Main St, Little Rock, IA 51243",408 Main St,"Little Rock, IA 51243",Bar & grill,,(712) 479-2125,,,,,,19,4.5,"https://search.google.com/local/reviews?placeid=ChIJWQmsHpxljIcR1_LVaElG6g8&q=Restaurant++Little+Rock,+US&authuser=0&hl=en&gl=US",1146806336224621271,0x878c659c1eac0959:0xfea464968d5f2d7,43.444449899999995,-95.88297279999999,,America/Chicago,,,,https://www.google.com/search?kgmid=/g/1tpn31pd,/g/1tpn31pd,https://www.google.com/maps?cid=1146806336224621271,ChIJWQmsHpxljIcR1_LVaElG6g8,,,,,,,,"Restaurant  Little Rock, US"
Bark Bar & Grille,"1201 S Spring St, Little Rock, AR 72202",1201 S Spring St,"Little Rock, AR 72202","Restaurant, Bar, Dog day care center, Dog park, Dog trainer","Service options: [Outdoor seating, Onsite services, Takeout, Dine-in], Highlights: [Fast service, Great beer selection, Great cocktails, Live music, Serves local specialty, Sports], Popular for: [Solo dining], Accessibility: [Wheelchair accessible entrance, Wheelchair accessible parking lot, Wheelchair accessible restroom, Wheelchair accessible seating], Offerings: [Alcohol, Beer, Cocktails, Comfort food, Hard liquor, Late-night food, Private dining room, Quick bite, Small plates, Vegan options, Vegetarian options, Wine], Dining options: [Dinner, Counter service, Seating, Table service], Amenities: [Bar onsite, Gender-neutral restroom, Restroom, Wi-Fi, Wi-Fi], Atmosphere: [Casual, Trendy], Crowd: [Groups, LGBTQ+ friendly, Transgender safespace], Planning: [Accepts reservations], Payments: [Credit cards, Debit cards, NFC mobile payments, Credit cards], Parking: [Free street parking, On-site parking, Parking], Pets: [Dogs allowed, Dogs allowed inside, Dogs allowed outside]",(501) 295-3989,"(501) 295-3989, +1 501-295-3989",YES,Bark Bar & Grille (Owner),111234614231178620951,https://www.google.com/maps/contrib/111234614231178620951,437,4.7,"https://search.google.com/local/reviews?placeid=ChIJyeVE7W670ocR5bGfJNa66Ow&q=Restaurant++Little+Rock,+US&authuser=0&hl=en&gl=US",17071099816448078309,0x87d2bb6eed44e5c9:0xece8bad6249fb1e5,34.7375896,-92.2758367,https://lh3.googleusercontent.com/gps-cs-s/AHRPTWkKYAlXxLuRjpyZrLCeV90xTmCZjCh26TOouFV_2_EOsm4dzlboKpYQe1ck7Ah_wYyumYA9_xv9_zPFHjgo6waXf24kKW_KhHoPfbSMB7bMOTLBM29P3XX46vFLWHQ6tJqbMti-=w408-h544-k-no,America/Chicago,barkbar.com/,barkbar.com,"Thursday(2026-09-03): [7:30 AM–9 PM], Friday(2026-09-04): [7:30 AM–9 PM], Saturday(2026-09-05): [11 AM–8 PM], Sunday(2026-09-06): [11 AM–8 PM], Monday(2026-09-07): [Closed], Tuesday(2026-09-08): [7:30 AM–9 PM], Wednesday(2026-09-09): [7:30 AM–9 PM]",https://www.google.com/search?kgmid=/g/11c6mfc77k,/g/11c6mfc77k,https://www.google.com/maps?cid=17071099816448078309,ChIJyeVE7W670ocR5bGfJNa66Ow,,,,,,,,"Restaurant  Little Rock, US"
Nexus Coffee Roasters,"301 President Clinton Ave B, Little Rock, AR 72201",301 President Clinton Ave B,"Little Rock, AR 72201","Coffee roastery, Bakery, Coffee shop, Event venue, Mobile caterer","From the business: [Identifies as women-owned], Service options: [Onsite services, Takeout, Dine-in], Accessibility: [Wheelchair accessible entrance, Wheelchair accessible parking lot, Wheelchair accessible restroom, Wheelchair accessible seating], Amenities: [Gender-neutral restroom], Payments: [Credit cards, Debit cards, NFC mobile payments, Credit cards], Parking: [Free parking lot, Paid parking garage, Paid parking lot, Paid street parking], Pets: [Dogs allowed, Dogs allowed inside]",(501) 295-7515,"(501) 295-7515, +1 501-295-7515",YES,Nexus Coffee Roasters (Owner),106769102437425398921,https://www.google.com/maps/contrib/106769102437425398921,1032,4.8,"https://search.google.com/local/reviews?placeid=ChIJdRTcqn670ocRn-F1JxRrfm4&q=Restaurant++Little+Rock,+US&authuser=0&hl=en&gl=US",7961918925543170463,0x87d2bb7eaadc1475:0x6e7e6b142775e19f,34.7475173,-92.2677669,https://lh3.googleusercontent.com/gps-cs-s/AHRPTWkVqt8DcGdh2rTchQvB9K1dfQc7jLUSTUlURHxe0Tjo3-k3Gt24Sqj08uumJHObB9VUd2SbSA9CEi0KYvsx_AeFaGQfGIl59_PCX3-vDxbDrQ_OF_GvjDAkKVx6vdvXtLrpTyKe=w426-h240-k-no,America/Chicago,www.nexuscoffeeroasters.com/,www.nexuscoffeeroasters.com,"Thursday(2026-09-03): [7 AM–4 PM], Friday(2026-09-04): [7 AM–4 PM], Saturday(2026-09-05): [7 AM–4 PM], Sunday(2026-09-06): [Closed], Monday(2026-09-07): [Closed], Tuesday(2026-09-08): [7 AM–4 PM], Wednesday(2026-09-09): [7 AM–4 PM]",https://www.google.com/search?kgmid=/g/11fxdmr3c0,/g/11fxdmr3c0,https://www.google.com/maps?cid=7961918925543170463,ChIJdRTcqn670ocRn-F1JxRrfm4,,,,,,,,"Restaurant  Little Rock, US"
Kris & Sam's Box Lunch and Cookie Store,"Regions Bank Building, 400 W Capitol Ave Ste 100 C, Little Rock, AR 72201",Regions Bank Building,"400 W Capitol Ave Ste 100 C, Little Rock, AR 72201","Lunch restaurant, Box lunch supplier, Breakfast restaurant, Cafe, Catering food and drink supplier, Caterer, Cookie shop, Dessert shop, Fast food restaurant","Service options: [Delivery, Takeout, Dine-in], Highlights: [Great dessert], Popular for: [Lunch, Solo dining], Accessibility: [Wheelchair accessible entrance, Wheelchair accessible parking lot, Wheelchair accessible restroom, Wheelchair accessible seating], Offerings: [Coffee, Comfort food, Quick bite], Dining options: [Breakfast, Lunch, Catering, Dessert], Amenities: [Restroom], Atmosphere: [Casual, Trendy], Planning: [Accepts reservations], Payments: [Credit cards, Debit cards, NFC mobile payments, Credit cards], Children: [Good for kids], Parking: [Free parking lot, Free street parking]",(501) 266-5437,"(501) 266-5437, +1 501-266-5437",YES,Kris & Sam's Box Lunch and Cookie Store (Owner),112589564139400729836,https://www.google.com/maps/contrib/112589564139400729836,88,4.6,"https://search.google.com/local/reviews?placeid=ChIJu4ty6M6m0ocRwHqaJhhrMXw&q=Restaurant++Little+Rock,+US&authuser=0&hl=en&gl=US",8949051686032931520,0x87d2a6cee8728bbb:0x7c316b18269a7ac0,34.7454902,-92.2751838,https://lh3.googleusercontent.com/gps-cs-s/AHRPTWmUKaVXV0fyEQIOBFHaH0wjbmW3sX46iax89ZeX_QISeDcyOSM_6jKh-Tv-cLSThFKxAH91GFrQbkVo_PVDhq55wwbwYUcUpvC5nULjwDDYIqPfJuotjSwaXpqDrdo-Vsk3NE92ig=w408-h306-k-no,America/Chicago,,,"Thursday(2026-09-03): [7:30 AM–2 PM], Friday(2026-09-04): [Closed], Saturday(2026-09-05): [Closed], Sunday(2026-09-06): [Closed], Monday(2026-09-07): [7:30 AM–2 PM], Tuesday(2026-09-08): [7:30 AM–2 PM], Wednesday(2026-09-09): [7:30 AM–2 PM]",https://www.google.com/search?kgmid=/g/1tl9n309,/g/1tl9n309,https://www.google.com/maps?cid=8949051686032931520,ChIJu4ty6M6m0ocRwHqaJhhrMXw,,,,,,,,"Restaurant  Little Rock, US"
Santo Coyote | Mexican Food & Tequila Bar,"2513 McCain Blvd #1, North Little Rock, AR 72116",2513 McCain Blvd #1,"North Little Rock, AR 72116","Mexican restaurant, Restaurant","Service options: [Outdoor seating, No-contact delivery, Delivery, Onsite services, Takeout, Dine-in], Highlights: [Fast service, Great beer selection, Great cocktails, Serves local specialty], Popular for: [Lunch, Dinner, Solo dining], Accessibility: [Wheelchair accessible entrance, Wheelchair accessible parking lot, Wheelchair accessible restroom, Wheelchair accessible seating], Offerings: [Alcohol, Beer, Cocktails, Coffee, Comfort food, Happy hour drinks, Happy hour food, Hard liquor, Healthy options, Late-night food, Quick bite, Small plates, Wine], Dining options: [Brunch, Lunch, Dinner, Dessert, Seating, Table service], Amenities: [Bar onsite, Restroom], Atmosphere: [Casual, Cozy, Quiet, Trendy], Crowd: [Groups, Tourists], Planning: [Accepts reservations], Payments: [Credit cards, Debit cards, NFC mobile payments, Credit cards], Children: [Good for kids, High chairs, Kids' menu], Parking: [Free parking lot, Free street parking, Parking]",(501) 753-9800,"(501) 753-9800, +1 501-753-9800",YES,Santo Coyote | Mexican Food & Tequila Bar (Owner),105300509073536551311,https://www.google.com/maps/contrib/105300509073536551311,1850,4.3,"https://search.google.com/local/reviews?placeid=ChIJ3ZMm3jK80ocRyQuQoppec-c&q=Restaurant++Little+Rock,+US&authuser=0&hl=en&gl=US",16677777863328402377,0x87d2bc32de2693dd:0xe7735e9aa2900bc9,34.7966009,-92.2358132,https://lh3.googleusercontent.com/gps-cs-s/AHRPTWklS3K1wkaCgweA3-O88NCy1_QMEWf0oGyHOTuyN6m1prDf150kadLKg2bkiGB_9KCs1dHqPTb5K4IhyKmwZ1gYrxVqrcZbyvQq2OtVG8Dqhe9spThmxHRq4Pf0ZAA0E5lv9r5q=w408-h306-k-no,America/Chicago,www.santo-coyote.com/,www.santo-coyote.com,"Thursday(2026-09-03): [11 AM–10 PM], Friday(2026-09-04): [11 AM–10:30 PM], Saturday(2026-09-05): [11 AM–10:30 PM], Sunday(2026-09-06): [11 AM–10 PM], Monday(2026-09-07): [11 AM–10 PM], Tuesday(2026-09-08): [11 AM–10 PM], Wednesday(2026-09-09): [11 AM–10 PM]",https://www.google.com/search?kgmid=/g/1tgcsf30,/g/1tgcsf30,https://www.google.com/maps?cid=16677777863328402377,ChIJ3ZMm3jK80ocRyQuQoppec-c,,,,,,,,"Restaurant  Little Rock, US"
David's Burgers,"200 S Bowman Rd, Little Rock, AR 72211",200 S Bowman Rd,"Little Rock, AR 72211","Fast food restaurant, Hamburger restaurant, Traditional American restaurant","Service options: [Delivery, Drive-through, Onsite services, Takeout, Dine-in], Popular for: [Lunch, Dinner, Solo dining], Accessibility: [Wheelchair accessible entrance, Wheelchair accessible parking lot, Wheelchair accessible restroom, Wheelchair accessible seating], Offerings: [Quick bite], Dining options: [Lunch, Dinner, Catering, Counter service, Dessert, Seating, Table service], Amenities: [Restroom], Atmosphere: [Casual], Crowd: [Family-friendly, Groups], Payments: [Credit cards, Debit cards, NFC mobile payments, Credit cards], Children: [Good for kids, Good for kids birthday, High chairs, Kids' menu], Parking: [Free parking lot, Free street parking, Paid parking lot, Parking]",(501) 227-8333,"(501) 227-8333, +1 501-227-8333",YES,David's Burgers (Owner),114862123446574093058,https://www.google.com/maps/contrib/114862123446574093058,3213,4.6,"https://search.google.com/local/reviews?placeid=ChIJOe6KhDOh0ocRmgiTDLLitrU&q=Restaurant++Little+Rock,+US&authuser=0&hl=en&gl=US",13093902220969314458,0x87d2a133848aee39:0xb5b6e2b20c93089a,34.7530254,-92.4073332,https://lh3.googleusercontent.com/gps-cs-s/AHRPTWmwsOo-p1HjaF4C4d2sh68wVRt_7R_yXStXY02mtDvZLcjKtWPAwBU3kDhaXjFm3ySWQDzzeWZmgbtM0L9HVaxg4pnYKVpolwNAb6VdioJgn7bb2l4MhOKlXtdnqGvJfoi4FP2VcA=w408-h306-k-no,America/Chicago,www.davidsburgers.com/,www.davidsburgers.com,"Thursday(2026-09-03): [10:45 AM–9 PM], Friday(2026-09-04): [10:45 AM–9 PM], Saturday(2026-09-05): [10:45 AM–9 PM], Sunday(2026-09-06): [Closed], Monday(2026-09-07): [10:45 AM–9 PM], Tuesday(2026-09-08): [10:45 AM–9 PM], Wednesday(2026-09-09): [10:45 AM–9 PM]",https://www.google.com/search?kgmid=/g/1tjtjtgc,/g/1tjtjtgc,https://www.google.com/maps?cid=13093902220969314458,ChIJOe6KhDOh0ocRmgiTDLLitrU,,,,,,,,"Restaurant  Little Rock, US"
Rock Town Distillery,"1201 Main St, Little Rock, AR 72202",1201 Main St,"Little Rock, AR 72202","Distillery, Tourist attraction","Service options: [Onsite services], Accessibility: [Wheelchair accessible entrance, Wheelchair accessible parking lot], Payments: [Credit cards, Debit cards, Credit cards], Parking: [Free parking lot, Paid parking lot]",(501) 907-5244,"(501) 907-5244, +1 501-907-5244",YES,Rock Town Distillery (Owner),102855315363962338573,https://www.google.com/maps/contrib/102855315363962338573,593,4.8,"https://search.google.com/local/reviews?placeid=ChIJ50aUNZu70ocRYV2XkbUQ14Q&q=Restaurant++Little+Rock,+US&authuser=0&hl=en&gl=US",9572137905017019745,0x87d2bb9b359446e7:0x84d710b591975d61,34.736993,-92.27208619999999,https://lh3.googleusercontent.com/gps-cs-s/AHRPTWlRlNU_Fdhy5w43BWGf8MGorav6pi3aRTFJIs1hK4dgbpvUpmtwsF-5KxomS1YIKRJh3rcTNAtzUH6EmfrFCfprs68cORjMa76zZaGsLcFFxgzUobH_oJoOvQ0SdWVFJvmZjMQ=w532-h240-k-no,America/Chicago,www.rocktowndistillery.com/,www.rocktowndistillery.com,"Thursday(2026-09-03): [11 AM–10 PM], Friday(2026-09-04): [11 AM–12 AM], Saturday(2026-09-05): [11 AM–12 AM], Sunday(2026-09-06): [11 AM–10 PM], Monday(2026-09-07): [Closed], Tuesday(2026-09-08): [11 AM–10 PM], Wednesday(2026-09-09): [11 AM–10 PM]",https://www.google.com/search?kgmid=/g/1wk6_97z,/g/1wk6_97z,https://www.google.com/maps?cid=9572137905017019745,ChIJ50aUNZu70ocRYV2XkbUQ14Q,,,,,,,,"Restaurant  Little Rock, US"
"Tamalcalli | The Tamale, Taco & Cerveza Stand","308 Main St, Little Rock, AR 72201",308 Main St,"Little Rock, AR 72201","Mexican restaurant, Beer hall, Caterer, Lounge bar, Mexican torta restaurant, Soft drinks shop, Taco restaurant, Tamale shop","From the business: [Identifies as Latino-owned], Service options: [Delivery, Onsite services, Takeout, Dine-in], Highlights: [Fast service, Great cocktails, Serves local specialty, Sports], Popular for: [Lunch, Dinner, Solo dining], Accessibility: [Wheelchair accessible entrance, Wheelchair accessible parking lot, Wheelchair accessible restroom, Assistive hearing loop], Offerings: [Alcohol, Beer, Cocktails, Comfort food, Happy hour drinks, Happy hour food, Late-night food, Quick bite, Small plates, Vegetarian options, Wine], Dining options: [Breakfast, Brunch, Lunch, Dinner, Catering, Counter service, Dessert, Seating], Amenities: [Bar onsite, Gender-neutral restroom, Restroom, Wi-Fi, Wi-Fi], Atmosphere: [Casual, Trendy], Crowd: [Family-friendly, Groups, LGBTQ+ friendly, Tourists, Transgender safespace], Planning: [Accepts reservations], Payments: [Credit cards, Debit cards, NFC mobile payments, Credit cards], Children: [Good for kids, High chairs], Parking: [Free street parking, Paid street parking, Parking], Pets: [Dogs allowed, Dogs allowed inside, Dogs allowed outside]",(501) 916-2310,"(501) 916-2310, +1 501-916-2310",YES,"Tamalcalli | The Tamale, Taco & Cerveza Stand (Owner)",100626622981012044165,https://www.google.com/maps/contrib/100626622981012044165,412,4.5,"https://search.google.com/local/reviews?placeid=ChIJn-peG7y70ocRqnqmgLHNCGw&q=Restaurant++Little+Rock,+US&authuser=0&hl=en&gl=US",7784698118161201834,0x87d2bbbc1b5eea9f:0x6c08cdb180a67aaa,34.7458071,-92.2710171,https://lh3.googleusercontent.com/gps-cs-s/AHRPTWm7KepowmyxjLeKVAQzacrHGA05pJ9c9dn-9W4Yt1VmzGM4sRBkQ99-2GTpzPFxdMNGGEj_w5iMSXxu67cFHmLQhYf1LQMKz6K2MnKkC_lDPualbJbGZnFbmMCe-luWXb3SeiMG=w408-h408-k-no,America/Chicago,order.online/business/tamalcalli-the-tamale-taco--cerveza-11721901,order.online,"Thursday(2026-09-03): [10 AM–10 PM], Friday(2026-09-04): [10 AM–1 AM], Saturday(2026-09-05): [10 AM–1 AM], Sunday(2026-09-06): [10 AM–8 PM], Monday(2026-09-07): [10 AM–10 PM], Tuesday(2026-09-08): [10 AM–10 PM], Wednesday(2026-09-09): [10 AM–10 PM]",https://www.google.com/search?kgmid=/g/11tcr168x6,/g/11tcr168x6,https://www.google.com/maps?cid=7784698118161201834,ChIJn-peG7y70ocRqnqmgLHNCGw,,,,,,,,"Restaurant  Little Rock, US"
Asian Capitol Restaurant & Bar,"217 W Capitol Ave, Little Rock, AR 72201",217 W Capitol Ave,"Little Rock, AR 72201","Restaurant, Vietnamese restaurant","From the business: [Identifies as Asian-owned], Service options: [No-contact delivery, Delivery, Takeout, Dine-in], Highlights: [Fast service, Sports], Popular for: [Lunch, Dinner, Solo dining], Accessibility: [Wheelchair accessible entrance, Wheelchair accessible parking lot, Wheelchair accessible restroom, Wheelchair accessible seating], Offerings: [Alcohol, Beer, Cocktails, Coffee, Comfort food, Quick bite, Small plates], Dining options: [Lunch, Dinner, Dessert, Seating, Table service], Amenities: [Bar onsite, Restroom], Atmosphere: [Casual, Trendy], Crowd: [Groups], Planning: [Accepts reservations], Payments: [Credit cards, Debit cards, NFC mobile payments], Children: [Good for kids, High chairs], Parking: [Free parking lot, Free street parking, Paid street parking, Parking]",(501) 500-0206,"(501) 500-0206, +1 501-500-0206",YES,Asian Capitol Restaurant & Bar (Owner),113732774648210336656,https://www.google.com/maps/contrib/113732774648210336656,51,4.5,"https://search.google.com/local/reviews?placeid=ChIJYWp0BYu70ocRfDwqgHO_ktk&q=Restaurant++Little+Rock,+US&authuser=0&hl=en&gl=US",15677803755622513788,0x87d2bb8b05746a61:0xd992bf73802a3c7c,34.7442979,-92.2730539,https://lh3.googleusercontent.com/gps-cs-s/AHRPTWlgv5VNIiAce18hqoZQyoURbhaUgl051NJxu3HHYxGIU2bfPP-DLwqo3MBfFFtFtlRiKWefEqEAaYpVYcREnJ7rnl5k09IwoLjzStT2G6E1MyE0Eg9BXYpOsifNRcAQi5wGk2lmS3PdOSU=w408-h307-k-no,America/Chicago,www.asiancapitolrestaurant.com/,www.asiancapitolrestaurant.com,"Thursday(2026-09-03): [11 AM–8 PM], Friday(2026-09-04): [11 AM–9 PM], Saturday(2026-09-05): [11 AM–9 PM], Sunday(2026-09-06): [Closed], Monday(2026-09-07): [11 AM–8 PM], Tuesday(2026-09-08): [11 AM–8 PM], Wednesday(2026-09-09): [11 AM–8 PM]",https://www.google.com/search?kgmid=/g/11xzksw_vj,/g/11xzksw_vj,https://www.google.com/maps?cid=15677803755622513788,ChIJYWp0BYu70ocRfDwqgHO_ktk,,,,,,,,"Restaurant  Little Rock, US"
The Box,"1023 W 7th St, Little Rock, AR 72201",1023 W 7th St,"Little Rock, AR 72201","Hamburger restaurant, American restaurant, Bar & grill, Fast food restaurant, Takeout Restaurant, Restaurant, Salad shop, Sandwich shop","Service options: [Onsite services, Takeout, Dine-in, Delivery], Highlights: [Fast service], Popular for: [Lunch, Dinner, Solo dining], Accessibility: [Wheelchair accessible entrance, Wheelchair accessible parking lot, Wheelchair accessible restroom, Wheelchair accessible seating], Offerings: [Alcohol, Coffee, Comfort food, Quick bite], Dining options: [Lunch, Dinner, Dessert, Table service], Amenities: [Bar onsite, Restroom], Atmosphere: [Casual], Crowd: [Groups], Planning: [Accepts reservations], Payments: [Credit cards, Debit cards, Credit cards], Children: [Good for kids], Parking: [Free parking lot, Free street parking, Parking]",(501) 372-8735,"(501) 372-8735, +1 501-372-8735",YES,The Box (Owner),112360710199039748142,https://www.google.com/maps/contrib/112360710199039748142,396,4.3,"https://search.google.com/local/reviews?placeid=ChIJ8W3IZF270ocRosXXjifVTS8&q=Restaurant++Little+Rock,+US&authuser=0&hl=en&gl=US",3408614858866279842,0x87d2bb5d64c86df1:0x2f4dd5278ed7c5a2,34.7436382,-92.2830517,https://lh3.googleusercontent.com/gps-cs-s/AHRPTWkHPckdsMyMGhDarsao9eGj_HXMkLRpKlefHcPx6pktToTXDK3DB6suZNrIP8A16FLkwtm5JteAD7-iP1S8FW4aIxHERhCzJQRHHtFaTDM1sPChDyn5CEcCfKuzxE6xIr_oThTX=w426-h240-k-no,America/Chicago,,,"Thursday(2026-09-03): [10:30 AM–2:30 PM], Friday(2026-09-04): [10:30 AM–2:30 PM], Saturday(2026-09-05): [Closed], Sunday(2026-09-06): [Closed], Monday(2026-09-07): [10:30 AM–2:30 PM], Tuesday(2026-09-08): [10:30 AM–2:30 PM], Wednesday(2026-09-09): [10:30 AM–2:30 PM]",https://www.google.com/search?kgmid=/g/1pzygy922,/g/1pzygy922,https://www.google.com/maps?cid=3408614858866279842,ChIJ8W3IZF270ocRosXXjifVTS8,,,,,,,,"Restaurant  Little Rock, US"
Hilton Garden Inn Little Rock Downtown,"322 Rock St, Little Rock, AR 72202",322 Rock St,"Little Rock, AR 72202",Hotel,,(501) 244-0044,"(501) 244-0044, +1 501-244-0044",YES,Hilton Garden Inn Little Rock Downtown (Owner),106081325857741347946,https://www.google.com/maps/contrib/106081325857741347946,915,4.2,"https://search.google.com/local/reviews?placeid=ChIJ9eAieXm70ocRxKwCDU1UPbY&q=Restaurant++Little+Rock,+US&authuser=0&hl=en&gl=US",13131744778389728452,0x87d2bb797922e0f5:0xb63d544d0d02acc4,34.7449185,-92.2676173,https://lh3.googleusercontent.com/gps-cs-s/AHRPTWmJOt1vgHtnABDeLpscHcf-IRVRaUd_Z7GtIGoe1OvS9VWA5TD6id8Aj-O-mJKHp58JizspfKe-2bxGeidT2K6mYdwSP9tZx5S9Lq8DlnThIuZsjV22rRaCag41mPwVRYWqQYLCEFa_oHmd=w408-h273-k-no,America/Chicago,www.hilton.com/en/hotels/litdogi-hilton-garden-inn-little-rock-downtown/?SEO_id=GMB-AMER-GI-LITDOGI,www.hilton.com,,https://www.google.com/search?kgmid=/g/11d_z133l0,/g/11d_z133l0,https://www.google.com/maps?cid=13131744778389728452,ChIJ9eAieXm70ocRxKwCDU1UPbY,,,,,,,,"Restaurant  Little Rock, US"
Fat Jaws Soul Food and Southern Eats,"220 W 6th St, Little Rock, AR 72201",220 W 6th St,"Little Rock, AR 72201",American restaurant,,+1 501-492-6925,,,,,,84,4.5,"https://search.google.com/local/reviews?placeid=ChIJXfCkKJu70ocRMMiglQsVV9k&q=Restaurant++Little+Rock,+US&authuser=0&hl=en&gl=CA",15661009368703354928,0x87d2bb9b28a4f05d:0xd957150b95a0c830,34.743533299999996,-92.2731287,,America/Chicago,,,,https://www.google.com/search?kgmid=/g/11t3ft2m3n,/g/11t3ft2m3n,https://www.google.com/maps?cid=15661009368703354928,ChIJXfCkKJu70ocRMMiglQsVV9k,,,,,,,,"Restaurant  Little Rock, US"
Diablos Tacos & Mezcalería,"300 President Clinton Ave, Little Rock, AR 72201",300 President Clinton Ave,"Little Rock, AR 72201",Taco restaurant,"Service options: [Outdoor seating, Delivery, Onsite services, Takeout, Dine-in], Highlights: [Fast service, Great beer selection, Great cocktails, Live music, Serves local specialty, Sports], Popular for: [Lunch, Dinner, Solo dining], Accessibility: [Wheelchair accessible entrance, Wheelchair accessible parking lot, Wheelchair accessible restroom, Wheelchair accessible seating], Offerings: [Alcohol, Beer, Cocktails, Comfort food, Happy hour drinks, Happy hour food, Hard liquor, Quick bite, Small plates, Vegetarian options, Wine], Dining options: [Brunch, Lunch, Dinner, Dessert, Seating, Table service], Amenities: [Bar onsite, Restroom], Atmosphere: [Casual, Cozy, Trendy], Crowd: [Groups, Tourists], Payments: [Credit cards, Debit cards, NFC mobile payments, Credit cards], Children: [Good for kids, High chairs, Kids' menu], Parking: [Free parking lot, Free street parking, Paid parking lot], Pets: [Dogs allowed outside]",+1 501-500-2323,"(501) 500-2323, +1 501-500-2323",YES,Diablos Tacos & Mezcalería (Owner),110007739671859623851,https://www.google.com/maps/contrib/110007739671859623851,1075,3.5,"https://search.google.com/local/reviews?placeid=ChIJM4gbAAu70ocRfffzS9KID-M&q=Restaurant++Little+Rock,+US&authuser=0&hl=en&gl=CA",16361446408059090813,0x87d2bb0b001b8833:0xe30f88d24bf3f77d,34.7480654,-92.2676029,https://lh3.googleusercontent.com/gps-cs-s/AHRPTWmJU0PjlJxJOozlnFfi7T0W68fSotxHD92b7KPI0PApOCty-xs31Z5TC7MIuai4_UjBMXn1JHAYcU3DH9hOEu6W4SrlE4eJ-ZCHLNmXr5XSIcvlF1NSV8nM7WCZi9HC8x2ZAnjX=w408-h306-k-no,America/Chicago,www.diablostacosandmezcal.com/,www.diablostacosandmezcal.com,"Thursday(2026-09-03): [11 a.m.–10 p.m.], Friday(2026-09-04): [11 a.m.–11 p.m.], Saturday(2026-09-05): [11 a.m.–11 p.m.], Sunday(2026-09-06): [10 a.m.–10 p.m.], Monday(2026-09-07): [11 a.m.–10 p.m.], Tuesday(2026-09-08): [11 a.m.–10 p.m.], Wednesday(2026-09-09): [11 a.m.–10 p.m.]",https://www.google.com/search?kgmid=/g/11h9550cz6,/g/11h9550cz6,https://www.google.com/maps?cid=16361446408059090813,ChIJM4gbAAu70ocRfffzS9KID-M,,,,,,,,"Restaurant  Little Rock, US"
Sims Bar-B-Que,"2415 Broadway St, Little Rock, AR 72206",2415 Broadway St,"Little Rock, AR 72206",Barbecue restaurant,"Service options: [Onsite services, Takeout, Dine-in, Delivery], Highlights: [Fast service, Serves local specialty], Popular for: [Lunch, Dinner, Solo dining], Accessibility: [Wheelchair accessible entrance, Wheelchair accessible parking lot, Wheelchair accessible restroom, Wheelchair accessible seating], Offerings: [Alcohol, Beer, Comfort food, Quick bite, Small plates], Dining options: [Lunch, Dinner, Catering, Counter service, Dessert, Seating, Table service], Amenities: [Bar onsite, Restroom], Atmosphere: [Casual, Cozy, Historic, Quiet, Trendy], Crowd: [Groups, Tourists], Planning: [Accepts reservations], Payments: [Credit cards, Debit cards, NFC mobile payments, Credit cards], Children: [Good for kids, High chairs], Parking: [Free parking lot, Free street parking, Parking]",+1 501-372-6868,"(501) 372-6868, +1 501-372-6868",NO,Sims Bar-B-Que (Owner),,,1257,4.2,"https://search.google.com/local/reviews?placeid=ChIJS7eIHhS70ocRrNUoYedp3ng&q=Restaurant++Little+Rock,+US&authuser=0&hl=en&gl=CA",8709515171869545900,0x87d2bb141e88b74b:0x78de69e76128d5ac,34.7249197,-92.2778057,https://lh3.googleusercontent.com/gps-cs-s/AHRPTWk8qzdeyC-zzl0pfEBRYiIln-tbTwBH-HWIeiLMwSk8nBSkn4JldeuA6k-48GpURVTvKINX7y7QyHnbKXuW7czIaiMuVHNSmEVqUHkVoCRCKiy3XrU__nry5OZYaoQI7u0F2_utcw=w426-h240-k-no,America/Chicago,simsbbqar.com/,simsbbqar.com,"Thursday(2026-09-03): [11 a.m.–9 p.m.], Friday(2026-09-04): [11 a.m.–9 p.m.], Saturday(2026-09-05): [11 a.m.–9 p.m.], Sunday(2026-09-06): [Closed], Monday(2026-09-07): [11 a.m.–9 p.m.], Tuesday(2026-09-08): [11 a.m.–9 p.m.], Wednesday(2026-09-09): [11 a.m.–9 p.m.]",https://www.google.com/search?kgmid=/g/1td2vfht,/g/1td2vfht,https://www.google.com/maps?cid=8709515171869545900,ChIJS7eIHhS70ocRrNUoYedp3ng,,,,,,,,"Restaurant  Little Rock, US"
Sterling Market,"515 Shall Ave, Little Rock, AR 72202",515 Shall Ave,"Little Rock, AR 72202",Restaurant,"Service options: [Outdoor seating, Delivery, Onsite services, Takeout, Dine-in], Highlights: [Fast service, Great beer selection, Great cocktails, Great coffee, Great dessert, Live music, Serves local specialty, Sports], Popular for: [Breakfast, Lunch, Dinner, Solo dining], Accessibility: [Wheelchair accessible entrance, Wheelchair accessible parking lot, Wheelchair accessible restroom, Wheelchair accessible seating], Offerings: [Alcohol, Beer, Cocktails, Coffee, Comfort food, Happy hour drinks, Happy hour food, Hard liquor, Healthy options, Quick bite, Small plates, Vegetarian options, Wine], Dining options: [Breakfast, Brunch, Lunch, Dinner, Catering, Counter service, Dessert, Seating, Table service], Amenities: [Bar onsite, Restroom, Wi-Fi, Wi-Fi], Atmosphere: [Casual, Cozy, Trendy], Crowd: [Family-friendly, Groups, LGBTQ+ friendly, Tourists, Transgender safespace], Planning: [Accepts reservations], Payments: [Credit cards, Debit cards, NFC mobile payments, Credit cards], Children: [Good for kids, High chairs], Parking: [Free parking lot, Free street parking, Parking]",+1 501-300-6938,"(501) 300-6938, +1 501-300-6938",YES,Sterling Market (Owner),114550532529605824974,https://www.google.com/maps/contrib/114550532529605824974,184,4.6,"https://search.google.com/local/reviews?placeid=ChIJQyZ6S-W70ocRyz0CYbsr95U&q=Restaurant++Little+Rock,+US&authuser=0&hl=en&gl=CA",10806153914685210059,0x87d2bbe54b7a2643:0x95f72bbb61023dcb,34.7421873,-92.25638289999999,https://lh3.googleusercontent.com/gps-cs-s/AHRPTWl6sm4JQIf50YIUUZKFEDlOGoTD2appvg35D3-ynWOfylmztkwJrWomtkVZqFl0LghOZ_xdzJ6h_-9Xbdz9OJYHIPwcdtECtKZR3aYa5rJhuU6x4ppW6mx2lIyq0--YKJZz21qiCQ=w408-h306-k-no,America/Chicago,www.sterlingmarket.com/,www.sterlingmarket.com,,https://www.google.com/search?kgmid=/g/11spwf_6sd,/g/11spwf_6sd,https://www.google.com/maps?cid=10806153914685210059,ChIJQyZ6S-W70ocRyz0CYbsr95U,,,,,,,,"Restaurant  Little Rock, US"
Pettaway Coffee,"406 E 21st St, Little Rock, AR 72206",406 E 21st St,"Little Rock, AR 72206","Coffee shop, Cafe","Service options: [Outdoor seating, Onsite services, Takeout, Dine-in, Delivery], Highlights: [Fast service, Great coffee, Great tea selection], Popular for: [Breakfast, Solo dining, Good for working on laptop], Accessibility: [Wheelchair accessible entrance, Wheelchair accessible parking lot, Wheelchair accessible restroom, Wheelchair accessible seating], Offerings: [Alcohol, Beer, Coffee, Quick bite, Wine], Dining options: [Breakfast, Lunch, Dessert, Seating, Table service], Amenities: [Bar onsite, Gender-neutral restroom, Restroom, Wi-Fi, Wi-Fi], Atmosphere: [Casual, Cozy, Quiet, Trendy], Crowd: [College students, Tourists], Planning: [Accepts reservations], Payments: [Credit cards, Debit cards, NFC mobile payments, Credit cards], Children: [Good for kids], Parking: [Free parking lot, Free street parking, Parking], Pets: [Dogs allowed, Dogs allowed inside, Dogs allowed outside]",+1 501-246-3930,"(501) 246-3930, +1 501-246-3930",YES,Pettaway Coffee (Owner),111945033369641215565,https://www.google.com/maps/contrib/111945033369641215565,210,4.8,"https://search.google.com/local/reviews?placeid=ChIJuaMrxZK70ocRbpxetSeB1Eo&q=Restaurant++Little+Rock,+US&authuser=0&hl=en&gl=CA",5392076661415910510,0x87d2bb92c52ba3b9:0x4ad48127b55e9c6e,34.7286889,-92.26957929999999,https://lh3.googleusercontent.com/gps-cs-s/AHRPTWld5ezUkpRbXQEOFxEvhBf7P_Giui4x0TgpHFWKMDOBe3HfLWRVrjqnYj6y6SNjyuYVs9nsam8xLxcmYeKm1xsEcShSXMIU0CiEqcWvOssHrH2kHTKIXCMeWIs1MSXrNJZP7bj-=w408-h307-k-no,America/Chicago,www.pettawaycoffee.com/,www.pettawaycoffee.com,"Thursday(2026-09-03): [7 a.m.–4 p.m.], Friday(2026-09-04): [7 a.m.–4 p.m.], Saturday(2026-09-05): [7 a.m.–4 p.m.], Sunday(2026-09-06): [8 a.m.–4 p.m.], Monday(2026-09-07): [7 a.m.–4 p.m.], Tuesday(2026-09-08): [7 a.m.–4 p.m.], Wednesday(2026-09-09): [7 a.m.–4 p.m.]",https://www.google.com/search?kgmid=/g/11kbtl4wtc,/g/11kbtl4wtc,https://www.google.com/maps?cid=5392076661415910510,ChIJuaMrxZK70ocRbpxetSeB1Eo,,,,,,,,"Restaurant  Little Rock, US"
Gifts of Arkansas (4Square Cafe & Gifts),"107 E Markham St Ste B, Little Rock, AR 72201",107 E Markham St Ste B,"Little Rock, AR 72201",Gift basket store,"From the business: [Small business], Service options: [Delivery, In-store pickup, In-store shopping, Onsite services], Accessibility: [Wheelchair accessible entrance, Wheelchair accessible parking lot], Planning: [Quick visit], Payments: [Credit cards, Debit cards, NFC mobile payments]",+1 501-244-2622,"(501) 244-2622, +1 501-244-2622",YES,Gifts of Arkansas (4Square Cafe & Gifts) (Owner),107022425963467485392,https://www.google.com/maps/contrib/107022425963467485392,869,4.8,"https://search.google.com/local/reviews?placeid=ChIJrZDNwGGk0ocRMQLt9z0vpHA&q=Restaurant++Little+Rock,+US&authuser=0&hl=en&gl=CA",8116664371627491889,0x87d2a461c0cd90ad:0x70a42f3df7ed0231,34.747912899999996,-92.2701149,https://lh3.googleusercontent.com/gps-cs-s/AHRPTWkYkeiOaoy6OqgmbvLTClZISIRqADnjPWyTrBMAsPWUaJPQnpX2GL9gty1YUrqUVv3VQoW9xjM234sMz9zrnMnuxNqv-GbfnKiKgRghYMmWVXGkV0mzbamF-MuKfKudTddoLPaX=w426-h240-k-no,America/Chicago,www.giftsofarkansas.com/,www.giftsofarkansas.com,"Thursday(2026-09-03): [10 a.m.–8 p.m.], Friday(2026-09-04): [10 a.m.–8 p.m.], Saturday(2026-09-05): [10 a.m.–8 p.m.], Sunday(2026-09-06): [10 a.m.–7 p.m.], Monday(2026-09-07): [10 a.m.–8 p.m.], Tuesday(2026-09-08): [10 a.m.–8 p.m.], Wednesday(2026-09-09): [10 a.m.–8 p.m.]",https://www.google.com/search?kgmid=/g/1tsr3r9f,/g/1tsr3r9f,https://www.google.com/maps?cid=8116664371627491889,ChIJrZDNwGGk0ocRMQLt9z0vpHA,,,,,,,,"Restaurant  Little Rock, US"
Bray Gourmet,"323 Center St, Little Rock, AR 72201",323 Center St,"Little Rock, AR 72201","Restaurant, Caterer, Wholesaler","Service options: [Outdoor seating, No-contact delivery, Delivery, Onsite services, Takeout, Dine-in], Popular for: [Lunch, Solo dining], Accessibility: [Wheelchair accessible entrance, Wheelchair accessible parking lot, Wheelchair accessible restroom], Offerings: [Comfort food, Healthy options, Quick bite, Vegetarian options], Dining options: [Breakfast, Lunch, Catering, Dessert, Seating], Amenities: [Restroom, Wi-Fi, Wi-Fi], Atmosphere: [Casual, Trendy], Planning: [Accepts reservations], Payments: [Checks, Credit cards, Debit cards, NFC mobile payments, Credit cards], Children: [Good for kids, High chairs], Parking: [Free parking lot, Free street parking]",+1 501-353-1045,"(501) 353-1045, +1 501-353-1045",YES,Bray Gourmet (Owner),117096538924939261288,https://www.google.com/maps/contrib/117096538924939261288,61,4.5,"https://search.google.com/local/reviews?placeid=ChIJAVKgzmS70ocRwlyhVmjXBoU&q=Restaurant++Little+Rock,+US&authuser=0&hl=en&gl=CA",9585585700034665666,0x87d2bb64cea05201:0x8506d76856a15cc2,34.7456465,-92.27298979999999,https://lh3.googleusercontent.com/gps-cs-s/AHRPTWmZo1JVgBLDW1C6eZarXqw5GPeycGNAJnmXB1Cnwx1Z9bwirR53XFo9ngaxiIAmGgMU95Tr-Ytj3FTff0H8xVuwNhmSe2JSg0AgewbJwgIDrrNGNmpDJFBU8I9gapfJtlzQoX7idA=w408-h272-k-no,America/Chicago,www.braygourmet.com/,www.braygourmet.com,"Thursday(2026-09-03): [11 a.m.–3 p.m.], Friday(2026-09-04): [11 a.m.–2 p.m.], Saturday(2026-09-05): [Closed], Sunday(2026-09-06): [Closed], Monday(2026-09-07): [11 a.m.–3 p.m.], Tuesday(2026-09-08): [11 a.m.–3 p.m.], Wednesday(2026-09-09): [11 a.m.–3 p.m.]",https://www.google.com/search?kgmid=/g/1261m5d02,/g/1261m5d02,https://www.google.com/maps?cid=9585585700034665666,ChIJAVKgzmS70ocRwlyhVmjXBoU,,,,,,,,"Restaurant  Little Rock, US"
Agasi 7: Rooftop Bar + Kitchen,"322 Rock St, Little Rock, AR 72202",322 Rock St,"Little Rock, AR 72202","Restaurant, Bar","Service options: [Onsite services, Takeout, Dine-in, Delivery], Highlights: [Rooftop seating], Accessibility: [Wheelchair accessible entrance], Offerings: [Alcohol, Beer, Cocktails, Happy hour drinks], Dining options: [Brunch, Dinner], Amenities: [Bar onsite, Restroom, Wi-Fi, Wi-Fi], Planning: [Accepts reservations], Parking: [Paid parking lot, Paid street parking, Parking]",+1 501-244-0044,"(501) 244-0044, +1 501-244-0044",YES,Agasi 7: Rooftop Bar + Kitchen (Owner),110579139008979389760,https://www.google.com/maps/contrib/110579139008979389760,432,3.7,"https://search.google.com/local/reviews?placeid=ChIJKU6Ffnm70ocRekL9xICfIV8&q=Restaurant++Little+Rock,+US&authuser=0&hl=en&gl=CA",6854935483244167802,0x87d2bb797e854e29:0x5f219f80c4fd427a,34.7450415,-92.2673348,https://lh3.googleusercontent.com/gps-cs-s/AHRPTWn0qJRCRFJx2VQREfV-T2Y27cim2Cg4QCnbwYGlQvuu-F9cZG199mI09dwGR_ROvQ8prtmVzmsVi0tgiTRYFhhsiTbctfrbPSiwJ_tYHZ50a_ZIN_CofPj8nppT2x7uNdd_4DMq=w408-h306-k-no,America/Chicago,www.agasi7littlerock.com/,www.agasi7littlerock.com,,https://www.google.com/search?kgmid=/g/11g0227xny,/g/11g0227xny,https://www.google.com/maps?cid=6854935483244167802,ChIJKU6Ffnm70ocRekL9xICfIV8,,,,,,,,"Restaurant  Little Rock, US"
Presidential Pizza,"707 I-30, Little Rock, AR 72202",707 I-30,"Little Rock, AR 72202",Pizza restaurant,"Service options: [Takeout, Dine-in, Delivery], Highlights: [Fast service], Popular for: [Lunch, Dinner, Solo dining], Accessibility: [Wheelchair accessible entrance, Wheelchair accessible parking lot, Wheelchair accessible restroom, Wheelchair accessible seating], Offerings: [Alcohol, Beer, Cocktails, Coffee, Comfort food, Happy hour drinks, Hard liquor, Late-night food, Quick bite, Wine], Dining options: [Lunch, Dinner, Seating, Table service], Amenities: [Bar onsite, Restroom], Atmosphere: [Casual], Crowd: [Family-friendly, Groups], Payments: [Checks, Credit cards, Debit cards], Children: [Good for kids, High chairs, Kids' menu], Parking: [Free parking lot, Free street parking]",+1 501-687-7700,"(501) 687-7700, +1 501-687-7700",YES,Presidential Pizza (Owner),108732867765371028313,https://www.google.com/maps/contrib/108732867765371028313,20,4,"https://search.google.com/local/reviews?placeid=ChIJRf5lFZ270ocRVdvF4ggV974&q=Restaurant++Little+Rock,+US&authuser=0&hl=en&gl=CA",13760490314362379093,0x87d2bb9d1565fe45:0xbef71508e2c5db55,34.7407003,-92.2617162,https://lh3.googleusercontent.com/gps-cs-s/AHRPTWkUDqwtbII4iS0WjZNmYepuiSxIOwicLAQBfgWqWVxGBB-PmP_PF_lDTb1OvnT0har9LzfssKWDNRi-dPpON0JIboIycwwKSAwiLsK8i0-qEINRgDVJBS-D_NtM6XcB2jX3UB8N=w408-h272-k-no,America/Chicago,order.toasttab.com/online/presidential-pizza-little-rock?diningOption=takeout,order.toasttab.com,"Thursday(2026-09-03): [5–10 p.m.], Friday(2026-09-04): [5–10 p.m.], Saturday(2026-09-05): [5–10 p.m.], Sunday(2026-09-06): [5–10 p.m.], Monday(2026-09-07): [5–10 p.m.], Tuesday(2026-09-08): [5–10 p.m.], Wednesday(2026-09-09): [5–10 p.m.]",https://www.google.com/search?kgmid=/g/11b7lpjj35,/g/11b7lpjj35,https://www.google.com/maps?cid=13760490314362379093,ChIJRf5lFZ270ocRVdvF4ggV974,,,,,,,,"Restaurant  Little Rock, US"
Midtown Billiards,"1316 S Main St, Little Rock, AR 72202",1316 S Main St,"Little Rock, AR 72202","Bar, Grill, Dive club, Live music bar, Night club, Pool hall","Service options: [Takeout, Dine-in], Highlights: [Bar games, Fast service, Great beer selection, Great cocktails, Karaoke, Live music, Live performances, Sports, Trivia night], Accessibility: [Wheelchair accessible entrance, Wheelchair accessible parking lot, Wheelchair accessible restroom, Wheelchair accessible seating], Offerings: [Alcohol, Beer, Cocktails, Dancing, Food, Food at bar, Happy hour drinks, Happy hour food, Hard liquor, Wine], Dining options: [Seating, Table service], Amenities: [Restroom], Atmosphere: [Casual, Trendy], Crowd: [Groups, Tourists], Planning: [Accepts reservations], Payments: [Credit cards, Debit cards, Credit cards], Parking: [Free parking lot, Free street parking, Paid parking lot, Paid street parking]",+1 501-372-9990,"(501) 372-9990, +1 501-372-9990",YES,Midtown Billiards (Owner),113777700872365284031,https://www.google.com/maps/contrib/113777700872365284031,657,4.2,"https://search.google.com/local/reviews?placeid=ChIJ_RNu-G270ocR1yOahdL1Fok&q=Restaurant++Little+Rock,+US&authuser=0&hl=en&gl=CA",9878353117217170391,0x87d2bb6df86e13fd:0x8916f5d2859a23d7,34.7358583,-92.27309629999999,https://lh3.googleusercontent.com/gps-cs-s/AHRPTWmNW1P7m6ZP79ZTl1kYXalXGR7-xrpaekC9XvztRviuJyikZR0UBIw2uJsocVVUGxjn3yXpAFi9CUm8Fm808jFhzYWaT84e924Gj6r1KWIXy9bRhdDisA4CBNYQPDPHzfsQ0jWkqA=w408-h306-k-no,America/Chicago,www.facebook.com/profile.php?id=100034346148445,www.facebook.com,"Wednesday(2026-09-02): [3 p.m.–5 a.m.], Thursday(2026-09-03): [3 p.m.–5 a.m.], Friday(2026-09-04): [3 p.m.–5 a.m.], Saturday(2026-09-05): [3 p.m.–5 a.m.], Sunday(2026-09-06): [3 p.m.–5 a.m.], Monday(2026-09-07): [3 p.m.–5 a.m.], Tuesday(2026-09-08): [3 p.m.–5 a.m.]",https://www.google.com/search?kgmid=/g/11g9h0yyz0,/g/11g9h0yyz0,https://www.google.com/maps?cid=9878353117217170391,ChIJ_RNu-G270ocR1yOahdL1Fok,,,,,,,,"Restaurant  Little Rock, US"
H.O.M.E Vegan Restaurant,"1523 Doctor M.L.K. Jr Dr, Little Rock, AR 72202",1523 Doctor M.L.K. Jr Dr,"Little Rock, AR 72202",Vegan restaurant,"From the business: [Identifies as Black-owned, Identifies as Indigenous-owned, Identifies as women-owned], Service options: [Takeout, Dine-in], Highlights: [Serves local specialty], Popular for: [Lunch, Dinner, Solo dining], Accessibility: [Wheelchair accessible entrance, Wheelchair accessible parking lot, Wheelchair accessible seating], Offerings: [Comfort food, Healthy options, Organic dishes, Quick bite, Small plates, Vegan options], Dining options: [Brunch, Lunch, Dinner, Catering, Dessert], Atmosphere: [Casual, Cozy, Quiet, Trendy], Crowd: [College students, Groups, Tourists], Planning: [Accepts reservations], Payments: [Credit cards, Debit cards, NFC mobile payments], Children: [Good for kids], Parking: [Free parking lot, Free street parking, Parking]",+1 501-454-1493,"(501) 454-1493, +1 501-454-1493",YES,H.O.M.E Vegan Restaurant (Owner),108491422829706763335,https://www.google.com/maps/contrib/108491422829706763335,249,4.8,"https://search.google.com/local/reviews?placeid=ChIJQUEAh6i70ocR5AcQ3QD6pEI&q=Restaurant++Little+Rock,+US&authuser=0&hl=en&gl=CA",4802237984299550692,0x87d2bba887004141:0x42a4fa00dd1007e4,34.7356127,-92.2891477,https://lh3.googleusercontent.com/gps-cs-s/AHRPTWlzaoXVSxJAdBHWaNqV5zwbbbTiO2n82JmE-1Nlhv94f-JN0nRAj1o6kYcF-B6v_tpsNoRUSJ-ZZnPRkAQvBooTM8RnbvXRwB8cFUemsgtQQ-decB0uTdNsFTxa9j78WWo2qo9Qjw=w408-h724-k-no,America/Chicago,www.facebook.com/TheHouseofMental/,www.facebook.com,,https://www.google.com/search?kgmid=/g/11h0wzx16x,/g/11h0wzx16x,https://www.google.com/maps?cid=4802237984299550692,ChIJQUEAh6i70ocR5AcQ3QD6pEI,,,,,,,,"Restaurant  Little Rock, US"
Blue Sage Vegan,"420 President Clinton Ave, Little Rock, AR 72201",420 President Clinton Ave,"Little Rock, AR 72201",Vegan restaurant,"From the business: [Identifies as women-owned], Service options: [No-contact delivery, Delivery, Onsite services, Takeout], Accessibility: [Wheelchair accessible entrance, Wheelchair accessible parking lot, Wheelchair accessible restroom, Wheelchair accessible seating], Offerings: [Organic dishes, Small plates, Vegan options, Vegetarian options], Dining options: [Catering, Dessert], Amenities: [Restroom], Planning: [Accepts reservations], Payments: [Credit cards, Debit cards, NFC mobile payments, Credit cards], Children: [Good for kids, Kids' menu], Parking: [Free parking lot, Free street parking, Paid parking lot, Paid street parking]",+1 501-554-3388,"(501) 554-3388, +1 501-554-3388",YES,Blue Sage Vegan (Owner),105995478234565936537,https://www.google.com/maps/contrib/105995478234565936537,80,4.7,"https://search.google.com/local/reviews?placeid=ChIJfRj0MWm70ocReUxjBAk_ZZM&q=Restaurant++Little+Rock,+US&authuser=0&hl=en&gl=CA",10620964604184054905,0x87d2bb6931f4187d:0x93653f0904634c79,34.747786999999995,-92.2663527,https://lh3.googleusercontent.com/gps-cs-s/AHRPTWkFYkNoXqswmjoUPYNZ56EDewiCISOPM2m8AFNhZEm1Kw-HE_ag-ILQDIWPhRa6B6sMYCGvZCVvwdWlrHOEzLNdVcs94ZK_YbCLZb8o_Mi5OfnYls6z89GDHFkl6v86JkSHNCRMuA=w408-h544-k-no,America/Chicago,blue-sage-vegan-bistro-llc.square.site/,blue-sage-vegan-bistro-llc.square.site,,https://www.google.com/search?kgmid=/g/11fcvbq4vg,/g/11fcvbq4vg,https://www.google.com/maps?cid=10620964604184054905,ChIJfRj0MWm70ocReUxjBAk_ZZM,,,,,,,,"Restaurant  Little Rock, US"
Urban Cottages of Little Rock,"1412 S Arch St, Little Rock, AR 72202",1412 S Arch St,"Little Rock, AR 72202",Bed & breakfast,,+1 512-318-7737,,,,,,142,5,"https://search.google.com/local/reviews?placeid=ChIJkfCDOEG70ocRb52K6Tr9cGc&q=Restaurant++Little+Rock,+US&authuser=0&hl=en&gl=CA",7453735812766276975,0x87d2bb413883f091:0x6770fd3ae98a9d6f,34.7357083,-92.27915879999999,,America/Chicago,urbancottageslr.com/,urbancottageslr.com,,https://www.google.com/search?kgmid=/g/11sn5zfhjc,/g/11sn5zfhjc,https://www.google.com/maps?cid=7453735812766276975,ChIJkfCDOEG70ocRb52K6Tr9cGc,,,,,,,,"Restaurant  Little Rock, US"
Little Rock Climbing Center,"12120 Colonel Glenn Rd #7000, Little Rock, AR 72210",12120 Colonel Glenn Rd #7000,"Little Rock, AR 72210","Rock climbing gym, Outdoor sports store, Physical fitness program, Rock climbing, Rock climbing instructor",,+1 501-227-9500,,,,,,129,4.9,"https://search.google.com/local/reviews?placeid=ChIJ7Zecnfmm0ocRVDbtXQKRW7A&q=Restaurant++Little+Rock,+US&authuser=0&hl=en&gl=CA",12707910212907775572,0x87d2a6f99d9c97ed:0xb05b91025ded3654,34.7113321,-92.410748,,America/Chicago,www.littlerockclimbingcenter.com/,www.littlerockclimbingcenter.com,"Thursday(2026-09-03): [12–9 p.m.], Friday(2026-09-04): [12–9 p.m.], Saturday(2026-09-05): [9 a.m.–9 p.m.], Sunday(2026-09-06): [12–7 p.m.], Monday(2026-09-07): [Closed], Tuesday(2026-09-08): [12–9 p.m.], Wednesday(2026-09-09): [12–9 p.m.]",https://www.google.com/search?kgmid=/g/1v76_5xm,/g/1v76_5xm,https://www.google.com/maps?cid=12707910212907775572,ChIJ7Zecnfmm0ocRVDbtXQKRW7A,,,,,,,,"Restaurant  Little Rock, US"
Fye Vegan Chic Food Truck,"801 S Chester St, Little Rock, AR 72201",801 S Chester St,"Little Rock, AR 72201","Mobile caterer, Vegan restaurant","From the business: [Identifies as Black-owned, Identifies as women-owned], Service options: [No-contact delivery, Delivery, Takeout, Dine-in], Accessibility: [Wheelchair accessible entrance, Wheelchair accessible parking lot, Wheelchair accessible restroom, Wheelchair accessible seating], Payments: [Credit cards, Debit cards, NFC mobile payments, Credit cards], Parking: [Free parking lot, Free street parking]",+1 501-231-7289,"(501) 231-7289, +1 501-231-7289",YES,Fye Vegan Chic Food Truck (Owner),112316916982736281773,https://www.google.com/maps/contrib/112316916982736281773,42,4.7,"https://search.google.com/local/reviews?placeid=ChIJyVEHzH6_0ocRUwpurxOECDk&q=Restaurant++Little+Rock,+US&authuser=0&hl=en&gl=CA",4109679880058047059,0x87d2bf7ecc0751c9:0x39088413af6e0a53,34.7422271,-92.28216599999999,https://lh3.googleusercontent.com/gps-cs-s/AHRPTWmQ0m9oNyX8HSULF31eTR104naggj2Ak2QyuO2BLWMkI6ZCWIdUXMmcmqk_cWGqNoUFctee3zZhGbv8KwvJqtfdqkSPOMMmt1E_ySNZa6QYdCI7dkM2s1xu20oeHqttoE-dD-M=w408-h544-k-no,America/Chicago,fyeveganchic.square.site/,fyeveganchic.square.site,"Thursday(2026-09-03): [11 a.m.–2 p.m., 4–7 p.m.], Friday(2026-09-04): [11 a.m.–3 p.m.], Saturday(2026-09-05): [Closed], Sunday(2026-09-06): [Closed], Monday(2026-09-07): [Closed], Tuesday(2026-09-08): [11 a.m.–2 p.m., 4–7 p.m.], Wednesday(2026-09-09): [Closed]",https://www.google.com/search?kgmid=/g/11v19fsxst,/g/11v19fsxst,https://www.google.com/maps?cid=4109679880058047059,ChIJyVEHzH6_0ocRUwpurxOECDk,,,,,,,,"Restaurant  Little Rock, US"
Hampton Inn & Suites Little Rock-Downtown,"320 River Market Ave, Little Rock, AR 72201",320 River Market Ave,"Little Rock, AR 72201",Hotel,,+1 501-244-0600,"(501) 244-0600, +1 501-244-0600",YES,Hampton Inn & Suites Little Rock-Downtown (Owner),110254864175834740593,https://www.google.com/maps/contrib/110254864175834740593,1005,4.1,"https://search.google.com/local/reviews?placeid=ChIJ-6UdqHm70ocRhfdVMz5QKG4&q=Restaurant++Little+Rock,+US&authuser=0&hl=en&gl=CA",7937682571319965573,0x87d2bb79a81da5fb:0x6e28503e3355f785,34.7447818,-92.2662304,https://lh3.googleusercontent.com/gps-cs-s/AHRPTWlvu-8Yj6SRVHiwDOAkEg7OjffRqfRQ5Lq6BgcUNSViQc-0tpgpWzDL7c4WNoWKDMF0hjVha4MAgvgW3Jex7_sFTmsW1wwkgaiUBEpzYT6Os1OAeqwTPlfeNNrWroFsp0hzTEouSQ=w408-h272-k-no,America/Chicago,www.hilton.com/en/hotels/litdthx-hampton-suites-little-rock-downtown/?SEO_id=GMB-AMER-HX-LITDTHX,www.hilton.com,,https://www.google.com/search?kgmid=/g/1tf7snzw,/g/1tf7snzw,https://www.google.com/maps?cid=7937682571319965573,ChIJ-6UdqHm70ocRhfdVMz5QKG4,,,,,,,,"Restaurant  Little Rock, US"
Cantina Cinco De Mayo | Mexican Restaurant #3,"521 Center St, Little Rock, AR 72201",521 Center St,"Little Rock, AR 72201",Mexican restaurant,"Service options: [Delivery, Takeout, Dine-in], Highlights: [Fast service, Great beer selection, Great cocktails, Serves local specialty], Popular for: [Lunch, Dinner, Solo dining], Accessibility: [Wheelchair accessible entrance, Wheelchair accessible parking lot, Wheelchair accessible restroom, Wheelchair accessible seating], Offerings: [Alcohol, Beer, Cocktails, Coffee, Comfort food, Happy hour drinks, Happy hour food, Hard liquor, Quick bite, Small plates, Vegetarian options, Wine], Dining options: [Breakfast, Lunch, Dinner, Catering, Dessert, Seating, Table service], Amenities: [Bar onsite, Restroom], Atmosphere: [Casual, Cozy, Trending, Trendy], Crowd: [Family-friendly, Groups, LGBTQ+ friendly, Tourists, Transgender safespace], Planning: [Accepts reservations], Payments: [Credit cards, Debit cards, NFC mobile payments, Credit cards], Children: [Good for kids, High chairs, Kids' menu], Parking: [Free parking lot, Free street parking, Paid street parking, Parking]",+1 501-400-8194,"(501) 400-8194, +1 501-400-8194",YES,Cantina Cinco De Mayo | Mexican Restaurant #3 (Owner),104841986324177787199,https://www.google.com/maps/contrib/104841986324177787199,586,4.1,"https://search.google.com/local/reviews?placeid=ChIJz0UKOmW70ocRVbjh3tmjIGY&q=Restaurant++Little+Rock,+US&authuser=0&hl=en&gl=CA",7359061947265955925,0x87d2bb653a0a45cf:0x6620a3d9dee1b855,34.7437008,-92.2735201,https://lh3.googleusercontent.com/gps-cs-s/AHRPTWmAEiv7mmKMvFM6aNDXu9nYvXmzb0BusUMpOQcii61KkZpQ6MJf3MTvw9SSL70DbLUo2K2dnBliAj28NIZL6Y1xKjg7tQRxmXb8O6OrIilF3Yv2NNZ8Z_DUykiP11iMHUY2yI5Ihw=w408-h459-k-no,America/Chicago,cantinascincodemayo.com/,cantinascincodemayo.com,"Thursday(2026-09-03): [11 a.m.–9 p.m.], Friday(2026-09-04): [11 a.m.–10 p.m.], Saturday(2026-09-05): [11 a.m.–9 p.m.], Sunday(2026-09-06): [11 a.m.–9 p.m.], Monday(2026-09-07): [11 a.m.–9 p.m.], Tuesday(2026-09-08): [11 a.m.–9 p.m.], Wednesday(2026-09-09): [11 a.m.–9 p.m.]",https://www.google.com/search?kgmid=/g/11f4w43nmr,/g/11f4w43nmr,https://www.google.com/maps?cid=7359061947265955925,ChIJz0UKOmW70ocRVbjh3tmjIGY,,,,,,,,"Restaurant  Little Rock, US"
Church's Texas Chicken,"1401 State Capitol, Little Rock, AR 72202",1401 State Capitol,"Little Rock, AR 72202","Chicken restaurant, Family restaurant, Fast food restaurant","Service options: [Delivery, Drive-through, Onsite services, Takeout], Highlights: [Serves local specialty], Popular for: [Lunch, Dinner, Solo dining], Accessibility: [Wheelchair accessible entrance, Wheelchair accessible parking lot, Assistive hearing loop, Wheelchair accessible seating], Offerings: [Comfort food, Late-night food, Quick bite], Dining options: [Lunch, Dinner, Catering, Counter service, Dessert, Table service], Amenities: [Restroom], Atmosphere: [Casual], Crowd: [Family-friendly, Tourists], Planning: [Usually a wait, Accepts reservations], Payments: [Credit cards, Debit cards, NFC mobile payments, Credit cards], Children: [Good for kids], Parking: [Free parking lot, Free street parking, On-site parking]",+1 501-375-4107,"(501) 375-4107, +1 501-375-4107",YES,Church's Texas Chicken (Owner),109353455787137008319,https://www.google.com/maps/contrib/109353455787137008319,831,3.5,"https://search.google.com/local/reviews?placeid=ChIJ69d6OES70ocRsg4IKX0rgfk&q=Restaurant++Little+Rock,+US&authuser=0&hl=en&gl=CA",17978699003999030962,0x87d2bb44387ad7eb:0xf9812b7d29080eb2,34.7372221,-92.2890668,https://lh3.googleusercontent.com/gps-cs-s/AHRPTWktY9N7-EyOiRb0d9zeRhRd7Xdd5JjjA2cfY8V77u21soGLIMimHK1C9OebENReWf9oeIkHCwiqADDBh7JOyrlYtJoFAGZ2desht-k1Ry_TgsH4uDPY0H2N-yuQgOdiaJyBnNzl=w426-h240-k-no,America/Chicago,locations.churchs.com/ar/little-rock/1401-dr.-martin-luther-king-drive,locations.churchs.com,"Thursday(2026-09-03): [10 a.m.–11 p.m.], Friday(2026-09-04): [10 a.m.–12 a.m.], Saturday(2026-09-05): [10 a.m.–12 a.m.], Sunday(2026-09-06): [10 a.m.–11 p.m.], Monday(2026-09-07): [10 a.m.–11 p.m.], Tuesday(2026-09-08): [10 a.m.–11 p.m.], Wednesday(2026-09-09): [10 a.m.–11 p.m.]",https://www.google.com/search?kgmid=/g/1tfwf0dt,/g/1tfwf0dt,https://www.google.com/maps?cid=17978699003999030962,ChIJ69d6OES70ocRsg4IKX0rgfk,,,,,,,,"Restaurant  Little Rock, US"
"Wasabi | Sushi, Bar & Grill","101 Main St, Little Rock, AR 72201",101 Main St,"Little Rock, AR 72201","Sushi restaurant, Grill, Bar","Service options: [No-contact delivery, Delivery, Onsite services, Takeout, Dine-in], Highlights: [Fast service, Great beer selection, Great cocktails, Great tea selection], Popular for: [Lunch, Dinner, Solo dining], Accessibility: [Wheelchair accessible entrance, Wheelchair accessible parking lot, Wheelchair accessible restroom, Wheelchair accessible seating], Offerings: [Alcohol, Beer, Cocktails, Comfort food, Happy hour drinks, Happy hour food, Hard liquor, Healthy options, Quick bite, Small plates, Vegetarian options, Wine], Dining options: [Lunch, Dinner, Dessert, Seating, Table service], Amenities: [Bar onsite, Restroom], Atmosphere: [Casual, Cozy, Quiet, Trendy], Crowd: [College students, Groups, Tourists], Planning: [Accepts reservations], Payments: [Credit cards, Debit cards, Credit cards], Children: [Good for kids, High chairs, Kids' menu], Parking: [Free parking lot, Free street parking, Paid street parking]",+1 501-374-0777,"(501) 374-0777, +1 501-374-0777",YES,"Wasabi | Sushi, Bar & Grill (Owner)",102547208753767576315,https://www.google.com/maps/contrib/102547208753767576315,631,4.4,"https://search.google.com/local/reviews?placeid=ChIJn0AGfHy70ocRHQlFMwm8aH0&q=Restaurant++Little+Rock,+US&authuser=0&hl=en&gl=CA",9036679400019790109,0x87d2bb7c7c06409f:0x7d68bc093345091d,34.7479577,-92.27020759999999,https://lh3.googleusercontent.com/gps-cs-s/AHRPTWlhzEijpX6Ha7tTGWzal-OJjI9Zrcf5iCqSJ7aRIi1onqCzSuOPiRrypTppEWQTPNoP0FMuSRjWz2UlbKs6-IMC41dmdw9bTXCiRqNxTnXjhKumEKTjkQT5OBkQvuD3tvOXlq8jig=w408-h306-k-no,America/Chicago,www.wasabidowntownlittlerock.com/,www.wasabidowntownlittlerock.com,"Thursday(2026-09-03): [11 a.m.–2 p.m., 4:30–9 p.m.], Friday(2026-09-04): [11 a.m.–2 p.m., 4:30–9:15 p.m.], Saturday(2026-09-05): [11 a.m.–2 p.m., 4:30–9:15 p.m.], Sunday(2026-09-06): [Closed], Monday(2026-09-07): [11 a.m.–2 p.m., 4:30–9 p.m.], Tuesday(2026-09-08): [11 a.m.–2 p.m., 4:30–9 p.m.], Wednesday(2026-09-09): [11 a.m.–2 p.m., 4:30–9 p.m.]",https://www.google.com/search?kgmid=/g/1262_l8vp,/g/1262_l8vp,https://www.google.com/maps?cid=9036679400019790109,ChIJn0AGfHy70ocRHQlFMwm8aH0,,,,,,,,"Restaurant  Little Rock, US"
Community Bakery,"1200 Main St, Little Rock, AR 72202",1200 Main St,"Little Rock, AR 72202","Bakery, Cafe, Coffee shop, Cookie shop, Dessert shop, Espresso bar, Internet cafe, Wedding bakery","Service options: [Drive-through, Onsite services, Takeout, Dine-in, Delivery], Accessibility: [Wheelchair accessible entrance, Wheelchair accessible parking lot, Wheelchair accessible restroom], Offerings: [Coffee], Dining options: [Breakfast], Amenities: [Restroom, Wi-Fi], Planning: [Quick visit], Payments: [Credit cards, Debit cards, NFC mobile payments, Credit cards], Parking: [Free parking lot, Free street parking]",+1 501-375-6418,"(501) 375-6418, +1 501-375-6418",YES,Community Bakery (Owner),116891644390599135769,https://www.google.com/maps/contrib/116891644390599135769,1845,4.4,"https://search.google.com/local/reviews?placeid=ChIJR9zY4nG70ocR4FVh4-S5t70&q=Restaurant++Little+Rock,+US&authuser=0&hl=en&gl=CA",13670599586624919008,0x87d2bb71e2d8dc47:0xbdb7b9e4e36155e0,34.7372167,-92.2726256,https://lh3.googleusercontent.com/gps-cs-s/AHRPTWmvt7ZBJtHgp50zVQEINLToJTMp0VbEj8H05EGVPL2dfCT2Ks2pSjCX5iU1M0afodZQas9wESAr1tAsMb6gBCUtc-3UBlZGgjzfHRgTyXc_xxwjvWzjYGN1BHYqffsXCht06KIs=w408-h261-k-no,America/Chicago,communitybakery.com/,communitybakery.com,"Thursday(2026-09-03): [6 a.m.–8 p.m.], Friday(2026-09-04): [6 a.m.–9 p.m.], Saturday(2026-09-05): [6 a.m.–9 p.m.], Sunday(2026-09-06): [7 a.m.–8 p.m.], Monday(2026-09-07): [6 a.m.–8 p.m.], Tuesday(2026-09-08): [6 a.m.–8 p.m.], Wednesday(2026-09-09): [6 a.m.–8 p.m.]",https://www.google.com/search?kgmid=/g/1v76_5xs,/g/1v76_5xs,https://www.google.com/maps?cid=13670599586624919008,ChIJR9zY4nG70ocR4FVh4-S5t70,,,,,,,,"Restaurant  Little Rock, US"
Chick-fil-A,"SE Corner of W. 7th St and S, 701 Broadway St, Little Rock, AR 72201",SE Corner of W. 7th St and S,"701 Broadway St, Little Rock, AR 72201","Fast food restaurant, Breakfast restaurant, Caterer, Chicken restaurant, Delivery service, Family restaurant","Service options: [Outdoor seating, Delivery, Drive-through, Onsite services, Takeout, Dine-in], Highlights: [Great coffee], Popular for: [Breakfast, Lunch, Dinner, Solo dining], Accessibility: [Wheelchair accessible entrance, Wheelchair accessible parking lot, Wheelchair accessible restroom], Offerings: [Coffee, Healthy options, Quick bite], Dining options: [Breakfast, Lunch, Dinner, Catering, Counter service, Dessert, Seating, Table service], Amenities: [Restroom, Wi-Fi, Wi-Fi], Atmosphere: [Casual], Crowd: [Groups], Payments: [Credit cards, Debit cards, NFC mobile payments, Credit cards], Children: [Good for kids, High chairs, Kids' menu], Parking: [Free parking lot, Free street parking, Paid parking lot, Parking], Pets: [Dogs allowed outside]",(501) 436-6146,"(501) 436-6146, +1 501-436-6146",YES,Chick-fil-A (Owner),105510461389956678051,https://www.google.com/maps/contrib/105510461389956678051,675,4.5,"https://search.google.com/local/reviews?placeid=ChIJ3Qdfvvq70ocRxeU_BM3ZEZk&q=Restaurant++Little+Rock,+US&authuser=0&hl=en&gl=US",11029836436969874885,0x87d2bbfabe5f07dd:0x9911d9cd043fe5c5,34.7424994,-92.2760766,https://lh3.googleusercontent.com/gps-cs-s/AHRPTWl930Lz7j0n44Xx2z7D5ryeeki1mg6gHYs7BkPR6lgdKVz_4sF0bpcB6H3IfNttei91CI8DEnTSjst1Qesqg8lI02fhe0tUnxqHZ5wNNqWMixsCsWa28qD2h2kKcKdljPnLtplD=w408-h306-k-no,America/Chicago,www.chick-fil-a.com/locations/ar/7th-broadway?utm_source=google&utm_medium=gmb,www.chick-fil-a.com,"Thursday(2026-09-03): [6 AM–10 PM], Friday(2026-09-04): [6 AM–10 PM], Saturday(2026-09-05): [6 AM–10 PM], Sunday(2026-09-06): [Closed], Monday(2026-09-07): [10:30 AM–4 PM], Tuesday(2026-09-08): [6 AM–10 PM], Wednesday(2026-09-09): [6 AM–10 PM]",https://www.google.com/search?kgmid=/g/11t6yhwdz1,/g/11t6yhwdz1,https://www.google.com/maps?cid=11029836436969874885,ChIJ3Qdfvvq70ocRxeU_BM3ZEZk,,,,,,,,"Restaurant  Little Rock, US"
Lucky S Café,"1542 AR-9, Perryville, AR 72126",1542 AR-9,"Perryville, AR 72126","Family restaurant, Breakfast restaurant",,(501) 889-5720,,,,,,364,4.4,"https://search.google.com/local/reviews?placeid=ChIJrW7g01wNzYcRxCB9IZ5-_Q0&q=Restaurant++Little+Rock,+US&authuser=0&hl=en&gl=US",1008101109232640196,0x87cd0d5cd3e06ead:0xdfd7e9e217d20c4,34.973372999999995,-92.7968171,,America/Chicago,,,"Thursday(2026-09-03): [6 AM–2 PM], Friday(2026-09-04): [6 AM–7 PM], Saturday(2026-09-05): [6 AM–2 PM], Sunday(2026-09-06): [6 AM–2 PM], Monday(2026-09-07): [6 AM–2 PM], Tuesday(2026-09-08): [6 AM–2 PM], Wednesday(2026-09-09): [6 AM–2 PM]",https://www.google.com/search?kgmid=/g/1tgb7ww0,/g/1tgb7ww0,https://www.google.com/maps?cid=1008101109232640196,ChIJrW7g01wNzYcRxCB9IZ5-_Q0,,,,,,,,"Restaurant  Little Rock, US"
Larry's Pizza - Downtown,"1122 Center St, Little Rock, AR 72202",1122 Center St,"Little Rock, AR 72202","Pizza restaurant, Buffet restaurant, Chicken wings restaurant, Salad shop, Sandwich shop","From the business: [Identifies as women-owned], Service options: [No-contact delivery, Delivery, Takeout, Dine-in], Highlights: [Serves local specialty], Popular for: [Lunch, Solo dining], Accessibility: [Wheelchair accessible entrance, Wheelchair accessible parking lot, Wheelchair accessible restroom, Wheelchair accessible seating], Offerings: [All you can eat, Coffee, Private dining room, Quick bite, Salad bar, Vegan options, Vegetarian options], Dining options: [Lunch, Catering, Counter service, Dessert, Seating, Table service], Amenities: [Restroom, Wi-Fi, Wi-Fi], Atmosphere: [Casual, Trendy], Crowd: [College students, Family-friendly, Groups, LGBTQ+ friendly, Tourists], Planning: [Accepts reservations], Payments: [Credit cards, Debit cards, Credit cards], Children: [Good for kids, High chairs], Parking: [Free parking lot, Free street parking, Parking]",(501) 372-6004,"(501) 372-6004, +1 501-372-6004",YES,Larry's Pizza - Downtown (Owner),111922492441674027155,https://www.google.com/maps/contrib/111922492441674027155,553,4.5,"https://search.google.com/local/reviews?placeid=ChIJ2ZNPXm670ocR7v9sQPXST8w&q=Restaurant++Little+Rock,+US&authuser=0&hl=en&gl=US",14722217657687146478,0x87d2bb6e5e4f93d9:0xcc4fd2f5406cffee,34.7378935,-92.2751603,https://lh3.googleusercontent.com/gps-cs-s/AHRPTWl85iplzxwhD8ldwNXAHawUq7L0FCQ5BeKk4UpM3RYGY21OxexbDORw-R6a2rmOrT1v0mUwDR6H0XjR0nQSNNSlP9Vdlt5S8SnJ9PVJWzQfeHLW3n9K2ujsznGOu4tSStdrKUZXkw=w408-h306-k-no,America/Chicago,larryspizzaofarkansas.com/,larryspizzaofarkansas.com,"Thursday(2026-09-03): [11 AM–2 PM], Friday(2026-09-04): [11 AM–2 PM], Saturday(2026-09-05): [Closed], Sunday(2026-09-06): [Closed], Monday(2026-09-07): [Closed], Tuesday(2026-09-08): [11 AM–2 PM], Wednesday(2026-09-09): [11 AM–2 PM]",https://www.google.com/search?kgmid=/g/1tk_k7l1,/g/1tk_k7l1,https://www.google.com/maps?cid=14722217657687146478,ChIJ2ZNPXm670ocR7v9sQPXST8w,,,,,,,,"Restaurant  Little Rock, US"
Residence Inn by Marriott Little Rock Downtown,"219 River Market Ave, Little Rock, AR 72201",219 River Market Ave,"Little Rock, AR 72201","Hotel, Extended stay hotel",,(501) 376-7200,"(501) 376-7200, +1 501-376-7200",YES,Residence Inn by Marriott Little Rock Downtown (Owner),106894685187880097511,https://www.google.com/maps/contrib/106894685187880097511,711,4.4,"https://search.google.com/local/reviews?placeid=ChIJ6Qq4Hnm70ocRWhon3MeWca4&q=Restaurant++Little+Rock,+US&authuser=0&hl=en&gl=US",12569993820103973466,0x87d2bb791eb80ae9:0xae7196c7dc271a5a,34.745633,-92.26563379999999,https://lh3.googleusercontent.com/gps-cs-s/AHRPTWnEIqkRtNB_URZloan8IiiWwL1O3vquDo0R2vXoBNQtS5MsDbfW_FWSNo0_j4oSrvv44A86kcdSBMj3ibhed4fSt5p5WJsPzr-Dmign0dptYilpE9fkUQDLGAI38TW1kvgtml_XfxmEnOXc=w426-h240-k-no,America/Chicago,www.marriott.com/en-us/hotels/litrd-residence-inn-little-rock-downtown/overview/?scid=f2ae0541-1279-4f24-b197-a979c79310b0,www.marriott.com,,https://www.google.com/search?kgmid=/g/12vsrw1fr,/g/12vsrw1fr,https://www.google.com/maps?cid=12569993820103973466,ChIJ6Qq4Hnm70ocRWhon3MeWca4,,,,,,,,"Restaurant  Little Rock, US"
Wyndham Riverfront Little Rock,"2 Riverfront Pl, North Little Rock, AR 72114",2 Riverfront Pl,"North Little Rock, AR 72114","Hotel, Inn",,(501) 371-9000,"(501) 371-9000, +1 501-371-9000",YES,Wyndham Riverfront Little Rock (Owner),101248936525426731052,https://www.google.com/maps/contrib/101248936525426731052,3265,4.4,"https://search.google.com/local/reviews?placeid=ChIJ9dMiXoK80ocRBAYmDC3o1TE&q=Restaurant++Little+Rock,+US&authuser=0&hl=en&gl=US",3591031558072829444,0x87d2bc825e22d3f5:0x31d5e82d0c260604,34.754734,-92.2697448,https://lh3.googleusercontent.com/gps-cs-s/AHRPTWnDpDe7WiS1Q9Ynnn9LUYd_nL0ujxiwTL9fQn2mL2zRuZhwc8K9fOuzBf3Hrx8WJ8w1_l-7CSIg9BYRVfdW2WEnr4pkgFGb1RHd9_ryTc83sMO84CEoPtIAlL4Oq3dpv9rt4qiFmEnS4kCc=w408-h272-k-no,America/Chicago,www.wyndhamhotels.com/wyndham/north-little-rock-arkansas/wyndham-riverfront-little-rock/overview?CID=LC:46q62bu8edfbx3y:17526&iata=00093796,www.wyndhamhotels.com,,https://www.google.com/search?kgmid=/g/1vd95mxs,/g/1vd95mxs,https://www.google.com/maps?cid=3591031558072829444,ChIJ9dMiXoK80ocRBAYmDC3o1TE,,,,,,,,"Restaurant  Little Rock, US"
Jimmy John's,"700 Broadway St, Little Rock, AR 72201",700 Broadway St,"Little Rock, AR 72201",Sandwich shop,"Service options: [Outdoor seating, No-contact delivery, Delivery, Drive-through, Onsite services, Takeout, Dine-in], Popular for: [Lunch, Dinner, Solo dining], Accessibility: [Wheelchair accessible entrance, Wheelchair accessible parking lot, Wheelchair accessible restroom, Wheelchair accessible seating], Offerings: [Comfort food, Healthy options, Quick bite, Vegetarian options], Dining options: [Lunch, Dinner, Catering, Counter service, Dessert, Seating, Table service], Amenities: [Restroom], Atmosphere: [Casual, Quiet, Trendy], Crowd: [College students, Groups, Tourists], Planning: [Accepts reservations], Payments: [Credit cards, Debit cards, NFC mobile payments, Credit cards], Children: [Good for kids, High chairs, Kids' menu], Parking: [Free parking lot, Free street parking, Paid parking lot, Parking]",(501) 372-1600,"(501) 372-1600, +1 501-372-1600",YES,Jimmy John's (Owner),100755944169793702455,https://www.google.com/maps/contrib/100755944169793702455,629,3.7,"https://search.google.com/local/reviews?placeid=ChIJ_c3Ak2W70ocRzRM9Aa-txHM&q=Restaurant++Little+Rock,+US&authuser=0&hl=en&gl=US",8341983376948663245,0x87d2bb6593c0cdfd:0x73c4adaf013d13cd,34.742658299999995,-92.27667339999999,https://lh3.googleusercontent.com/gps-cs-s/AHRPTWk-lIIXwVmFLnPohfLp-VJ1IR3m9c7WXfcywJi18Jg68FfCBJoqCZ8fOrDnTkv395pk5-dr6jUJi6476RSMcU2HwuYns1h99hs_oztMXDZ6_GpadaUaTbXqgxmAxP5C9RKyVvZt=w408-h306-k-no,America/Chicago,locations.jimmyjohns.com/ar/littlerock/sandwiches-1573.html?utm_source=google-my-business&utm_medium=organic&utm_campaign=website-link&y_source=1_MjAyNDA4NDI1OC03MTUtbG9jYXRpb24ud2Vic2l0ZQ%3D%3D,locations.jimmyjohns.com,"Thursday(2026-09-03): [10 AM–11 PM], Friday(2026-09-04): [10 AM–11 PM], Saturday(2026-09-05): [10 AM–11 PM], Sunday(2026-09-06): [10 AM–11 PM], Monday(2026-09-07): [10 AM–11 PM], Tuesday(2026-09-08): [10 AM–11 PM], Wednesday(2026-09-09): [10 AM–11 PM]",https://www.google.com/search?kgmid=/g/1td7tqk5,/g/1td7tqk5,https://www.google.com/maps?cid=8341983376948663245,ChIJ_c3Ak2W70ocRzRM9Aa-txHM,,,,,,,,"Restaurant  Little Rock, US"
Comfort Inn & Suites Presidential,"707 I-30, Little Rock, AR 72202",707 I-30,"Little Rock, AR 72202",Hotel,Crowd: [LGBTQ+ friendly],(501) 246-7819,"(501) 246-7819, +1 501-246-7819",YES,Comfort Inn & Suites Presidential (Owner),109380802181496167932,https://www.google.com/maps/contrib/109380802181496167932,2044,4.3,"https://search.google.com/local/reviews?placeid=ChIJm5CPP5270ocR_dryBsxhkuc&q=Restaurant++Little+Rock,+US&authuser=0&hl=en&gl=US",16686507098278910717,0x87d2bb9d3f8f909b:0xe79261cc06f2dafd,34.7406972,-92.2617604,https://lh3.googleusercontent.com/gps-cs-s/AHRPTWm7A_Vg-jO6-bMBMrkjyW746GkuAJcKC8rZU2tB5LZ1VF4nREXfQ5NdnUW_wWNgOCFh4MLptMWOSpK5paFe8Jj13nptWawCOuo2BFoK2oNu07Ci5XjBkV8zKjPXLfAqofCq4Ye8rk0F21G1=w426-h240-k-no,America/Chicago,www.choicehotels.com/arkansas/little-rock/comfort-inn-hotels/ar115?mc=llgoxxpx,www.choicehotels.com,,https://www.google.com/search?kgmid=/g/1tht1_3j,/g/1tht1_3j,https://www.google.com/maps?cid=16686507098278910717,ChIJm5CPP5270ocR_dryBsxhkuc,,,,,,,,"Restaurant  Little Rock, US"
Arkansas Museum of Fine Arts,"501 E 9th St, Little Rock, AR 72202",501 E 9th St,"Little Rock, AR 72202","Art museum, Coffee shop","Service options: [Onsite services], Highlights: [Active military discounts, Live performances], Accessibility: [Wheelchair accessible entrance, Wheelchair accessible parking lot, Wheelchair accessible restroom, Wheelchair accessible seating, Wheelchair rental], Offerings: [Gift shop, Theater], Amenities: [Cafe, Offers tours, Restaurant, Restroom, Wi-Fi, Wi-Fi], Crowd: [Family-friendly, LGBTQ+ friendly, Transgender safespace], Children: [Good for kids, Has changing table(s), Kid-friendly activities], Parking: [Free parking lot, Free street parking, On-site parking]",(501) 372-4000,"(501) 372-4000, +1 501-372-4000",YES,Arkansas Museum of Fine Arts (Owner),100422065442327926599,https://www.google.com/maps/contrib/100422065442327926599,1147,4.7,"https://search.google.com/local/reviews?placeid=ChIJs9p-Prq70ocRsOLKzPMoEuk&q=Restaurant++Little+Rock,+US&authuser=0&hl=en&gl=US",16794530987996013232,0x87d2bbba3e7edab3:0xe91228f3cccae2b0,34.738075699999996,-92.2660985,https://lh3.googleusercontent.com/gps-cs-s/AHRPTWkLuRjdaHBIVNXB1Cp3d_dv8NxAuxa1Mok1Eh9u-otmBuq057v08apC9I-DYc0dbCuR3D2K6T0dIlmYxwiQi8eHxC7fSM8hc-tBqV8wypEqXoHP8Lb2tYHbNyE6-PQ59SySD5cC=w408-h307-k-no,America/Chicago,arkmfa.org/,arkmfa.org,"Thursday(2026-09-03): [10 AM–8 PM], Friday(2026-09-04): [10 AM–8 PM], Saturday(2026-09-05): [10 AM–5 PM], Sunday(2026-09-06): [12–5 PM], Monday(2026-09-07): [Closed], Tuesday(2026-09-08): [10 AM–5 PM], Wednesday(2026-09-09): [10 AM–8 PM]",https://www.google.com/search?kgmid=/g/11g7z0k821,/g/11g7z0k821,https://www.google.com/maps?cid=16794530987996013232,ChIJs9p-Prq70ocRsOLKzPMoEuk,,,,,,,,"Restaurant  Little Rock, US"
Flyway Brewing,"314 Maple St, North Little Rock, AR 72114",314 Maple St,"North Little Rock, AR 72114",Brewery,"Service options: [Delivery, Onsite services], Accessibility: [Wheelchair accessible entrance, Wheelchair accessible parking lot], Offerings: [Alcohol, Beer], Amenities: [Bar onsite], Payments: [Credit cards, Debit cards, NFC mobile payments, Credit cards], Parking: [Free parking lot, Free street parking, Paid parking lot, Paid street parking]",(501) 812-3192,"(501) 812-3192, +1 501-812-3192",YES,Flyway Brewing (Owner),107616739277214705389,https://www.google.com/maps/contrib/107616739277214705389,604,4.6,"https://search.google.com/local/reviews?placeid=ChIJ-yyyxIO80ocR4UmasGs62n8&q=Restaurant++Little+Rock,+US&authuser=0&hl=en&gl=US",9212740221938584033,0x87d2bc83c4b22cfb:0x7fda3a6bb09a49e1,34.756791199999995,-92.26880159999999,https://lh3.googleusercontent.com/gps-cs-s/AHRPTWnltLghMLPlge3oncOkcsSH-xaMXXRqDxChRP65qtEN6bYVKE6DKfpn61nMsER-je27ewGESVVH7LXgxuxp6Ly1K6OEZEuD915eZsKCmhTkaVTFy8DWBe2DmbvlHMLFK3DrVYg=w408-h306-k-no,America/Chicago,www.flywaybrewing.com/,www.flywaybrewing.com,"Thursday(2026-09-03): [11 AM–9 PM], Friday(2026-09-04): [11 AM–10 PM], Saturday(2026-09-05): [11 AM–10 PM], Sunday(2026-09-06): [11 AM–9 PM], Monday(2026-09-07): [3–9 PM], Tuesday(2026-09-08): [3–9 PM], Wednesday(2026-09-09): [3–9 PM]",https://www.google.com/search?kgmid=/g/11b7swg30k,/g/11b7swg30k,https://www.google.com/maps?cid=9212740221938584033,ChIJ-yyyxIO80ocR4UmasGs62n8,,,,,,,,"Restaurant  Little Rock, US"
Sonic Drive-In,"1101 Broadway St, Little Rock, AR 72202",1101 Broadway St,"Little Rock, AR 72202","Fast food restaurant, American restaurant, Breakfast restaurant, Chicken restaurant, Delivery service, Hamburger restaurant, Hot dog restaurant, Hot dog stand, Ice cream shop, Restaurant","Service options: [Outdoor seating, Delivery, Onsite services, Takeout], Popular for: [Breakfast, Lunch, Dinner, Solo dining], Accessibility: [Wheelchair accessible entrance, Wheelchair accessible parking lot], Offerings: [Coffee, Late-night food, Quick bite], Dining options: [Breakfast, Lunch, Dinner, Dessert, Seating, Table service], Amenities: [Restroom], Atmosphere: [Casual], Crowd: [Family-friendly], Payments: [Credit cards, Debit cards, NFC mobile payments, Credit cards], Children: [Good for kids, Kids' menu], Parking: [Free parking lot, Paid parking lot, Parking], Pets: [Dogs allowed, Dogs allowed outside]",(501) 370-9626,"(501) 370-9626, +1 501-370-9626",YES,Sonic Drive-In (Owner),101378101373663518767,https://www.google.com/maps/contrib/101378101373663518767,2349,3.9,"https://search.google.com/local/reviews?placeid=ChIJE3Hj52670ocRVpuawlWR3F8&q=Restaurant++Little+Rock,+US&authuser=0&hl=en&gl=US",6907555726002658134,0x87d2bb6ee7e37113:0x5fdc9155c29a9b56,34.7384828,-92.2767051,https://lh3.googleusercontent.com/gps-cs-s/AHRPTWlLjYOqUnhrfigf1ZlO52TcMEVMsYM-C6f5lFvwx70h2Mzn64-iaB0x7gknIwHylYSe0m8rvLNgjKX4s9YSFdsDzhI18d6L-CSdMurfMPMydQaNaPxBHmYs3TtqMf3oyvLii1MHzQE5IdBY=w408-h270-k-no,America/Chicago,www.sonicdrivein.com/locations/us/ar/little-rock/1101-south-broadway-street/store-3916?utm_source=google-my-business&utm_medium=organic&utm_campaign=website-link&y_source=1_MjAzMzg1MTA4NS03MTUtbG9jYXRpb24ud2Vic2l0ZQ%3D%3D,www.sonicdrivein.com,"Thursday(2026-09-03): [6 AM–11 PM], Friday(2026-09-04): [6 AM–12 AM], Saturday(2026-09-05): [6 AM–12 AM], Sunday(2026-09-06): [6 AM–11 PM], Monday(2026-09-07): [6 AM–11 PM], Tuesday(2026-09-08): [6 AM–11 PM], Wednesday(2026-09-09): [6 AM–11 PM]",https://www.google.com/search?kgmid=/g/1tkl3vst,/g/1tkl3vst,https://www.google.com/maps?cid=6907555726002658134,ChIJE3Hj52670ocRVpuawlWR3F8,,,,,,,,"Restaurant  Little Rock, US"
Rally's,"712 Broadway St, Little Rock, AR 72201",712 Broadway St,"Little Rock, AR 72201","Fast food restaurant, American restaurant, Chicken restaurant, Hamburger restaurant, Sandwich shop","Service options: [Delivery, Drive-through, Onsite services, Takeout, Dine-in], Popular for: [Lunch, Dinner, Solo dining], Accessibility: [Wheelchair accessible entrance, Wheelchair accessible parking lot], Offerings: [Coffee, Late-night food, Quick bite], Dining options: [Lunch, Dinner, Dessert], Amenities: [Restroom], Atmosphere: [Casual], Crowd: [Family-friendly], Payments: [Debit cards, NFC mobile payments, Credit cards], Parking: [Free parking lot, Free street parking, Paid parking lot, Parking]",(501) 374-5444,"(501) 374-5444, +1 501-374-5444",YES,Rally's (Owner),118083224519729404858,https://www.google.com/maps/contrib/118083224519729404858,1356,3.4,"https://search.google.com/local/reviews?placeid=ChIJhUV39GW70ocRs2Bb9TqycJ0&q=Restaurant++Little+Rock,+US&authuser=0&hl=en&gl=US",11344763427640533171,0x87d2bb65f4774585:0x9d70b23af55b60b3,34.7423663,-92.2767314,https://lh3.googleusercontent.com/gps-cs-s/AHRPTWk72VX92T0N2YKpttZyq3vK4kR2YsSnkItNWm8Kolt2mQX9BQmJow3X5F65qOhNG18IqZjeGrdD9kJOhqTWmY1SR-k7lPqfNHEuxgxCsjWAE9VBQhQ00KAvLGYErKLR6VO7h0rD=w426-h240-k-no,America/Chicago,checkersandrallys.com/location/-448442?y_source=1_MzI0OTIxNS03MTUtbG9jYXRpb24ud2Vic2l0ZQ%3D%3D,checkersandrallys.com,"Wednesday(2026-09-02): [10 AM–2 AM], Thursday(2026-09-03): [10 AM–2 AM], Friday(2026-09-04): [10 AM–3 AM], Saturday(2026-09-05): [10 AM–3 AM], Sunday(2026-09-06): [10 AM–2 AM], Monday(2026-09-07): [10 AM–2 AM], Tuesday(2026-09-08): [10 AM–2 AM]",https://www.google.com/search?kgmid=/g/1tpll87w,/g/1tpll87w,https://www.google.com/maps?cid=11344763427640533171,ChIJhUV39GW70ocRs2Bb9TqycJ0,,,,,,,,"Restaurant  Little Rock, US"
Dempsey Bakery,"323 S Cross St, Little Rock, AR 72201",323 S Cross St,"Little Rock, AR 72201",Bakery,"Service options: [Delivery, In-store pickup, In-store shopping, Onsite services, Takeout, Dine-in], Accessibility: [Wheelchair accessible entrance, Wheelchair accessible parking lot, Wheelchair accessible restroom], Offerings: [Coffee], Dining options: [Breakfast], Amenities: [Restroom], Planning: [Quick visit], Payments: [Credit cards, Debit cards, NFC mobile payments, Credit cards], Parking: [Free parking lot, Free street parking]",(501) 375-2257,"(501) 375-2257, +1 501-375-2257",YES,Dempsey Bakery (Owner),106384396058361866392,https://www.google.com/maps/contrib/106384396058361866392,395,4.7,"https://search.google.com/local/reviews?placeid=ChIJ21irCl670ocRh1hZ_y3dq7M&q=Restaurant++Little+Rock,+US&authuser=0&hl=en&gl=US",12946684743433934983,0x87d2bb5e0aab58db:0xb3abdd2dff595887,34.747209,-92.28360339999999,https://lh3.googleusercontent.com/gps-cs-s/AHRPTWl1Tn2XaNocru1E-NOeqGCLyAcks8WDq9lejUYbWOFMfPB_TvzMawQQFoGE-v-Bxr9Ze6p0Y30FAKTfcOMIf4D8S7fftJeI_f0w34ZJm32-ug9nQaEiPQMjo_OHiuQgbcaAcSDDiQ=w408-h306-k-no,America/Chicago,www.dempseybakery.com/,www.dempseybakery.com,"Thursday(2026-09-03): [7:30 AM–6 PM], Friday(2026-09-04): [7:30 AM–6 PM], Saturday(2026-09-05): [7:30 AM–5 PM], Sunday(2026-09-06): [Closed], Monday(2026-09-07): [7:30 AM–6 PM], Tuesday(2026-09-08): [7:30 AM–6 PM], Wednesday(2026-09-09): [7:30 AM–6 PM]",https://www.google.com/search?kgmid=/g/1tk23gkt,/g/1tk23gkt,https://www.google.com/maps?cid=12946684743433934983,ChIJ21irCl670ocRh1hZ_y3dq7M,,,,,,,,"Restaurant  Little Rock, US"
Hurt’s Donut,"107 E Markham St, Little Rock, AR 72201",107 E Markham St,"Little Rock, AR 72201","Donut shop, Breakfast restaurant","Service options: [Delivery, Onsite services, Takeout], Highlights: [Great coffee], Popular for: [Solo dining], Accessibility: [Wheelchair accessible entrance, Wheelchair accessible parking lot, Wheelchair accessible restroom], Offerings: [Coffee], Dining options: [Breakfast, Dessert, Table service], Amenities: [Restroom], Atmosphere: [Casual], Planning: [Quick visit], Payments: [Credit cards, Debit cards, NFC mobile payments], Parking: [Free parking lot, Free street parking, Paid parking lot]",(501) 916-9201,"(501) 916-9201, +1 501-916-9201",NO,Hurt’s Donut (Owner),,,1230,4.2,"https://search.google.com/local/reviews?placeid=ChIJhx5Cosy70ocR2Atkv-vg85A&q=Restaurant++Little+Rock,+US&authuser=0&hl=en&gl=US",10444939263935253464,0x87d2bbcca2421e87:0x90f3e0ebbf640bd8,34.747912899999996,-92.2701149,https://lh3.googleusercontent.com/gps-cs-s/AHRPTWmk-WvHZd7dUNnMMQAf_C81alkkhDRU01PxzSvOQqku5J_lYc2Dw8VQLEAHqelyBc7VyDPKKNuZxLbFOvOfwmdr93YhaMh66TvFcX-Ehh6ZvbWkyc674jro_I6dWM9gNoVO91tT=w408-h306-k-no,America/Chicago,www.wannahurts.com/,www.wannahurts.com,"Thursday(2026-09-03): [Open 24 hours], Friday(2026-09-04): [Open 24 hours], Saturday(2026-09-05): [Open 24 hours], Sunday(2026-09-06): [Open 24 hours], Monday(2026-09-07): [Open 24 hours], Tuesday(2026-09-08): [Open 24 hours], Wednesday(2026-09-09): [Open 24 hours]",https://www.google.com/search?kgmid=/g/11fk1591c7,/g/11fk1591c7,https://www.google.com/maps?cid=10444939263935253464,ChIJhx5Cosy70ocR2Atkv-vg85A,,,,,,,,"Restaurant  Little Rock, US"
Champs Chicken,"800 Broadway St, Little Rock, AR 72201",800 Broadway St,"Little Rock, AR 72201","Fast food restaurant, American restaurant, Breakfast restaurant, Caterer, Chicken restaurant, Fried chicken takeaway, Takeout Restaurant, Seafood restaurant, Snack bar, Southern restaurant (US)","Service options: [Curbside pickup, Takeout, Dine-in], Popular for: [Lunch, Dinner, Solo dining], Accessibility: [Wheelchair accessible entrance, Wheelchair accessible parking lot, Wheelchair accessible restroom], Offerings: [Quick bite], Dining options: [Breakfast, Lunch, Dinner, Dessert, Table service], Amenities: [Restroom], Atmosphere: [Casual], Crowd: [Family-friendly], Payments: [Credit cards, Debit cards, NFC mobile payments], Children: [Good for kids, Kids' menu], Parking: [Free parking lot, Free street parking]",(501) 372-1403,"(501) 372-1403, +1 501-372-1403",YES,Champs Chicken (Owner),110199301628233503814,https://www.google.com/maps/contrib/110199301628233503814,5,4.2,"https://search.google.com/local/reviews?placeid=ChIJ1cowGbS70ocR8wUffRz91Q0&q=Restaurant++Little+Rock,+US&authuser=0&hl=en&gl=US",996981191332529651,0x87d2bbb41930cad5:0xdd5fd1c7d1f05f3,34.741683099999996,-92.2767279,https://lh3.googleusercontent.com/gps-cs-s/AHRPTWkt8ieGkrKGaOCsYpLnnUXhe-5m3zD8N82XYySLwc4hrZteNCFyetvvenhmAt--6S6sgnGGp2j_yM7guHkUwM0oLwYxDQy8FNTiMwcW4vsUte9d_adc0dxirFdlZ0cgRyY6Az-7=w408-h272-k-no,America/Chicago,champschicken.com/locations/road-runner-15-little-rock-ar/,champschicken.com,"Thursday(2026-09-03): [5 AM–7 PM], Friday(2026-09-04): [5 AM–7 PM], Saturday(2026-09-05): [Closed], Sunday(2026-09-06): [Closed], Monday(2026-09-07): [5 AM–7 PM], Tuesday(2026-09-08): [5 AM–7 PM], Wednesday(2026-09-09): [5 AM–7 PM]",https://www.google.com/search?kgmid=/g/11j91dzs12,/g/11j91dzs12,https://www.google.com/maps?cid=996981191332529651,ChIJ1cowGbS70ocR8wUffRz91Q0,,,,,,,,"Restaurant  Little Rock, US"
Soul Fish Café,"306 Main St, Little Rock, AR 72201",306 Main St,"Little Rock, AR 72201","Southern restaurant (US), Dessert restaurant, Fish & chips restaurant, Restaurant, Soul food restaurant","Service options: [Outdoor seating, Takeout, Dine-in, Delivery], Highlights: [Sports], Accessibility: [Wheelchair accessible entrance, Wheelchair accessible restroom, Wheelchair accessible seating], Offerings: [Alcohol, Beer, Coffee, Comfort food, Healthy options, Small plates, Wine], Dining options: [Lunch, Dinner, Catering, Dessert, Seating], Amenities: [Bar onsite, Restroom], Crowd: [Family-friendly, LGBTQ+ friendly, Transgender safespace], Planning: [Accepts reservations], Payments: [Credit cards, Debit cards, Credit cards], Children: [Good for kids, High chairs, Kids' menu], Parking: [Free street parking, Paid parking lot, Paid street parking]",(501) 396-9175,"(501) 396-9175, +1 501-396-9175",YES,Soul Fish Café (Owner),104466122103679370942,https://www.google.com/maps/contrib/104466122103679370942,1232,4.4,"https://search.google.com/local/reviews?placeid=ChIJiT_KfIG80ocRIcDydCQncGk&q=Restaurant++Little+Rock,+US&authuser=0&hl=en&gl=US",7597615608908398625,0x87d2bc817cca3f89:0x6970272474f2c021,34.7458295,-92.27112969999999,https://lh3.googleusercontent.com/gps-cs-s/AHRPTWkymhk6ezPNpiH5oJjwuJbgrfow0xa-gCOGhk1cH5pnnejWZqUVlBgD9gR3QLJDgeM2BihyISw7WwHlPWMCYAkbXIoAtYVK4Vc3luXreQQ4zzXcbj9rLQlA4k0D3m9NynbxLoyXwA=w408-h306-k-no,America/Chicago,www.soulfishcafe.com/,www.soulfishcafe.com,,https://www.google.com/search?kgmid=/g/11bwh5xcns,/g/11bwh5xcns,https://www.google.com/maps?cid=7597615608908398625,ChIJiT_KfIG80ocRIcDydCQncGk,,,,,,,,"Restaurant  Little Rock, US"
Southern Heaux - Food Truck,"801 S Chester St, Little Rock, AR 72201",801 S Chester St,"Little Rock, AR 72201","Breakfast restaurant, Vegan restaurant","From the business: [Identifies as Black-owned, Identifies as women-owned], Service options: [No-contact delivery, Delivery, Takeout, Dine-in], Accessibility: [Wheelchair accessible entrance, Wheelchair accessible parking lot], Offerings: [Alcohol, Cocktails, Comfort food, Organic dishes, Vegan options, Vegetarian options], Dining options: [Breakfast, Brunch, Catering, Counter service, Seating], Amenities: [Restroom], Crowd: [Family-friendly, LGBTQ+ friendly, Transgender safespace], Planning: [Accepts reservations], Payments: [Credit cards, Debit cards, NFC mobile payments, Credit cards], Children: [Good for kids]",(501) 604-6556,"(501) 604-6556, +1 501-604-6556",YES,Southern Heaux - Food Truck (Owner),105838158798933454842,https://www.google.com/maps/contrib/105838158798933454842,66,4.6,"https://search.google.com/local/reviews?placeid=ChIJ48q9Zfyj0ocRIu1DGtvw-y4&q=Restaurant++Little+Rock,+US&authuser=0&hl=en&gl=US",3385564368728223010,0x87d2a3fc65bdcae3:0x2efbf0db1a43ed22,34.7421192,-92.2821558,https://lh3.googleusercontent.com/gps-cs-s/AHRPTWnYPH-J2IH1r4MR67OQnXTAlYyIlQ0m09GOMhLFfhJLJHJI4u2MXt_rf6ag4gLQRLI9G9dTez9wRmx0f62UQD_MdeDzlhklCryJYCViK7w4i83HKa-b_WR5riTpEhQmkAbTqTqbSw=w408-h544-k-no,America/Chicago,southernheauxar.com/,southernheauxar.com,,https://www.google.com/search?kgmid=/g/11s45zbkqd,/g/11s45zbkqd,https://www.google.com/maps?cid=3385564368728223010,ChIJ48q9Zfyj0ocRIu1DGtvw-y4,,,,,,,,"Restaurant  Little Rock, US"
U.S. Pizza Co. Levy,"3324 Pike Ave, North Little Rock, AR 72118",3324 Pike Ave,"North Little Rock, AR 72118",Pizza restaurant,"Service options: [Outdoor seating, Delivery, Drive-through, Onsite services, Takeout, Dine-in], Highlights: [Sports], Accessibility: [Wheelchair accessible entrance, Wheelchair accessible parking lot, Wheelchair accessible restroom, Wheelchair accessible seating], Offerings: [Alcohol, Beer, Coffee, Comfort food, Vegetarian options], Dining options: [Brunch, Lunch, Dessert, Seating, Table service], Amenities: [Restroom], Planning: [Accepts reservations], Payments: [Credit cards, Debit cards], Children: [Good for kids, High chairs, Kids' menu]",(501) 758-5997,"(501) 758-5997, +1 501-758-5997",YES,U.S. Pizza Co. Levy (Owner),117438215356062308566,https://www.google.com/maps/contrib/117438215356062308566,780,4.3,"https://search.google.com/local/reviews?placeid=ChIJcTwEBua80ocRpZnkt--u1rs&q=Restaurant++Little+Rock,+US&authuser=0&hl=en&gl=US",13535198074714233253,0x87d2bce606043c71:0xbbd6aeefb7e499a5,34.786654399999996,-92.2777785,https://lh3.googleusercontent.com/gps-cs-s/AHRPTWker4ImqE3L0OvoMfSbDtk252mLWb_8BfmtYhUU6B4I11CO6_cTF4pXfmc94T70q3zOmCXpDaj9rioZYgUegqye7wfvoayYMZHMlnR3U1wj_F9cnpzqhwBG4v8BkNph-xIwo6zy=w426-h240-k-no,America/Chicago,,,,https://www.google.com/search?kgmid=/g/1tkq_t4r,/g/1tkq_t4r,https://www.google.com/maps?cid=13535198074714233253,ChIJcTwEBua80ocRpZnkt--u1rs,,,,,,,,"Restaurant  Little Rock, US"
Tea Capital,"1501 Main St Ste G, Little Rock, AR 72202",1501 Main St Ste G,"Little Rock, AR 72202","Bubble tea store, Cafe, Coffee shop","From the business: [Identifies as women-owned], Service options: [Onsite services, Takeout, Dine-in, Delivery], Highlights: [Great tea selection], Accessibility: [Wheelchair accessible entrance, Wheelchair accessible parking lot, Wheelchair accessible restroom, Wheelchair accessible seating], Payments: [Credit cards, Debit cards, NFC mobile payments, Credit cards], Parking: [Free parking lot, Free street parking, On-site parking]",(870) 395-2347,"(870) 395-2347, +1 870-395-2347",YES,Tea Capital (Owner),108791273277290032492,https://www.google.com/maps/contrib/108791273277290032492,196,4.7,"https://search.google.com/local/reviews?placeid=ChIJoTIKYfS70ocRNMv2I9KGQPI&q=Restaurant++Little+Rock,+US&authuser=0&hl=en&gl=US",17456100392792673076,0x87d2bbf4610a32a1:0xf24086d223f6cb34,34.7340259,-92.2727872,https://lh3.googleusercontent.com/gps-cs-s/AHRPTWl8F2AYWzZbc7aYIxS-WreOBmvUvJFMQgYWKoo5y9QLAYdrdVHWvXLx8_MrvO7GtULuaPL2ZDN74y72kU07mgtdciiny5di43XZALloOrz5u70Zgq7r45VnEZICDTCJKYlnV8BhKmlYFVud=w408-h544-k-no,America/Chicago,,,"Thursday(2026-09-03): [11 AM–7 PM], Friday(2026-09-04): [11 AM–7 PM], Saturday(2026-09-05): [11 AM–8 PM], Sunday(2026-09-06): [11 AM–7 PM], Monday(2026-09-07): [Closed], Tuesday(2026-09-08): [Closed], Wednesday(2026-09-09): [Closed]",https://www.google.com/search?kgmid=/g/11vd5z7myn,/g/11vd5z7myn,https://www.google.com/maps?cid=17456100392792673076,ChIJoTIKYfS70ocRNMv2I9KGQPI,,,,,,,,"Restaurant  Little Rock, US"
Cha Cha Boba Tea. Co,"404 E 3rd St, Little Rock, AR 72201",404 E 3rd St,"Little Rock, AR 72201","Bubble tea store, Coffee shop, Coffee store, Tea house, Tea store","Service options: [Delivery, Onsite services, Takeout, Dine-in], Highlights: [Great tea selection], Accessibility: [Wheelchair accessible entrance, Wheelchair accessible parking lot], Crowd: [LGBTQ+ friendly, Transgender safespace], Payments: [Credit cards, Debit cards, NFC mobile payments, Credit cards], Parking: [Free parking lot, Free street parking, Paid parking lot, Paid street parking]",(501) 747-1275,"(501) 747-1275, +1 501-747-1275",YES,Cha Cha Boba Tea. Co (Owner),117089489914547450984,https://www.google.com/maps/contrib/117089489914547450984,455,4.9,"https://search.google.com/local/reviews?placeid=ChIJBT1yMbW70ocR5FxEYUu4IKg&q=Restaurant++Little+Rock,+US&authuser=0&hl=en&gl=US",12114885631520562404,0x87d2bbb531723d05:0xa820b84b61445ce4,34.745843799999996,-92.2665245,https://lh3.googleusercontent.com/gps-cs-s/AHRPTWn0ajHe6b7EvIL1dtqabe6w8K1Gk0REDFTir3Are06cPbJyIqW3eNBnzczKT3_lIZQFN0heddf6hnTo2uZupSqkMeM0VC3pJ_y_Ng0QFc5VQxxdYwUIuELnSvF89lIwu2_J5DUmOw=w408-h725-k-no,America/Chicago,www.chachateashoppe.com/,www.chachateashoppe.com,"Thursday(2026-09-03): [11 AM–7 PM], Friday(2026-09-04): [11 AM–7 PM], Saturday(2026-09-05): [11 AM–7 PM], Sunday(2026-09-06): [11 AM–7 PM], Monday(2026-09-07): [11 AM–7 PM], Tuesday(2026-09-08): [11 AM–7 PM], Wednesday(2026-09-09): [11 AM–7 PM]",https://www.google.com/search?kgmid=/g/11rvbj0_3w,/g/11rvbj0_3w,https://www.google.com/maps?cid=12114885631520562404,ChIJBT1yMbW70ocR5FxEYUu4IKg,,,,,,,,"Restaurant  Little Rock, US"
McDonald's,"515 W 6th St, Little Rock, AR 72201",515 W 6th St,"Little Rock, AR 72201","Fast food restaurant, Breakfast restaurant, Coffee shop, Hamburger restaurant, Restaurant, Sandwich shop","Service options: [Curbside pickup, Delivery, Drive-through, Onsite services, Takeout, Dine-in], Popular for: [Solo dining], Accessibility: [Wheelchair accessible parking lot], Offerings: [Quick bite], Amenities: [Wi-Fi], Atmosphere: [Casual], Crowd: [Groups], Payments: [Debit cards, NFC mobile payments, Credit cards], Children: [Has changing table(s)], Parking: [Free parking lot, Free street parking, Parking]",(501) 244-9792,"(501) 244-9792, +1 501-244-9792",YES,McDonald's (Owner),116055336913693276389,https://www.google.com/maps/contrib/116055336913693276389,1958,3.6,"https://search.google.com/local/reviews?placeid=ChIJD7P1j2W70ocRDW7_9-DsOBU&q=Restaurant++Little+Rock,+US&authuser=0&hl=en&gl=US",1529232524469825037,0x87d2bb658ff5b30f:0x1538ece0f7ff6e0d,34.743581,-92.27671699999999,https://lh3.googleusercontent.com/gps-cs-s/AHRPTWlmKUyX5ATQGGgzoxDuoeIQr8DLCuS9mHFeaEwpcwrzEKkWxUczSWA4_r7gE4gfxjRDRfWFPblu_SK_fZTHZ9dpI0VILwFzST3oRjJApPsqMLFP3uSovRcwsVIS6-UT63_5E0aO=w426-h240-k-no,America/Chicago,www.mcdonalds.com/?cid=RF:YXT:GMB::Clicks,www.mcdonalds.com,"Thursday(2026-09-03): [Open 24 hours], Friday(2026-09-04): [Open 24 hours], Saturday(2026-09-05): [Open 24 hours], Sunday(2026-09-06): [Open 24 hours], Monday(2026-09-07): [Open 24 hours], Tuesday(2026-09-08): [Open 24 hours], Wednesday(2026-09-09): [Open 24 hours]",https://www.google.com/search?kgmid=/g/1263dcv4v,/g/1263dcv4v,https://www.google.com/maps?cid=1529232524469825037,ChIJD7P1j2W70ocRDW7_9-DsOBU,,,,,,,,"Restaurant  Little Rock, US"
Ronald McDonald House : Little Rock,"1501 W 10th St, Little Rock, AR 72202",1501 W 10th St,"Little Rock, AR 72202","Social services organization, Non-profit organization","Accessibility: [Wheelchair accessible entrance, Wheelchair accessible parking lot]",(501) 374-1956,"(501) 374-1956, +1 501-374-1956",YES,Ronald McDonald House : Little Rock (Owner),118432192946830002928,https://www.google.com/maps/contrib/118432192946830002928,151,4.7,"https://search.google.com/local/reviews?placeid=ChIJDfNI_k-70ocRMaSQ0HgneKc&q=Restaurant++Little+Rock,+US&authuser=0&hl=en&gl=US",12067438601387942961,0x87d2bb4ffe48f30d:0xa7782778d090a431,34.7409871,-92.2895518,https://lh3.googleusercontent.com/gps-cs-s/AHRPTWlSU0Ctlxu40aDacSvNZBA8-2bdW20AfwStzTXMUN2blQ0r63PEu01aqqIsurl22dz1zvKlECWY-49rxatmWG3qdWv4sQMJ3QKNBv4HyfuprIDP9L7eIlmRydJVhm6aA8V5q2Mc=w408-h272-k-no,America/Chicago,www.ronaldmcdonaldhousearnla.org/,www.ronaldmcdonaldhousearnla.org,"Thursday(2026-09-03): [Open 24 hours], Friday(2026-09-04): [Open 24 hours], Saturday(2026-09-05): [Open 24 hours], Sunday(2026-09-06): [Open 24 hours], Monday(2026-09-07): [Open 24 hours], Tuesday(2026-09-08): [Open 24 hours], Wednesday(2026-09-09): [Open 24 hours]",https://www.google.com/search?kgmid=/g/11g6q6z3r1,/g/11g6q6z3r1,https://www.google.com/maps?cid=12067438601387942961,ChIJDfNI_k-70ocRMaSQ0HgneKc,,,,,,,,"Restaurant  Little Rock, US"
Popeyes Louisiana Kitchen,"716 E Broadway St, North Little Rock, AR 72114",716 E Broadway St,"North Little Rock, AR 72114","Chicken restaurant, Cajun restaurant, Fast food restaurant, Restaurant, Seafood restaurant","Service options: [Outdoor seating, No-contact delivery, Delivery, Drive-through, Onsite services, Takeout, Dine-in], Highlights: [Great tea selection], Popular for: [Lunch, Dinner, Solo dining], Accessibility: [Wheelchair accessible entrance, Wheelchair accessible parking lot, Wheelchair accessible restroom, Wheelchair accessible seating], Offerings: [Comfort food, Late-night food, Quick bite, Small plates], Dining options: [Lunch, Dinner, Catering, Counter service, Dessert, Seating, Table service], Amenities: [Restroom, Wi-Fi, Wi-Fi], Atmosphere: [Casual, Quiet], Crowd: [College students, Family-friendly, Groups, Tourists], Planning: [Accepts reservations], Payments: [Credit cards, Debit cards, NFC mobile payments, Credit cards], Children: [Good for kids, High chairs, Kids' menu], Parking: [Free parking lot, Free street parking, Parking]",(501) 480-5233,"(501) 480-5233, +1 501-480-5233",YES,Popeyes Louisiana Kitchen (Owner),110805404875313150407,https://www.google.com/maps/contrib/110805404875313150407,1342,4,"https://search.google.com/local/reviews?placeid=ChIJp-oFHH-80ocRx00p0FFOrQc&q=Restaurant++Little+Rock,+US&authuser=0&hl=en&gl=US",553184442528124359,0x87d2bc7f1c05eaa7:0x7ad4e51d0294dc7,34.7556256,-92.2596823,https://lh3.googleusercontent.com/gps-cs-s/AHRPTWniHismYpwUCyDxJpsNrklPghpml0EtD1ys4JH6hrd_cLVV2WFPh7y27xDnAPZ4uVvEOOMkLF7-5fnydVv-wlHwNjGCF5TNh_T2MKwl_y1pU4kpOLDSFm_UO_xX9ke8dqerkA=w408-h306-k-no,America/Chicago,www.popeyes.com/store-locator/store/restaurant_82180,www.popeyes.com,"Thursday(2026-09-03): [10 AM–12 AM], Friday(2026-09-04): [10 AM–12 AM], Saturday(2026-09-05): [10 AM–12 AM], Sunday(2026-09-06): [10 AM–12 AM], Monday(2026-09-07): [10 AM–12 AM], Tuesday(2026-09-08): [10 AM–12 AM], Wednesday(2026-09-09): [10 AM–12 AM]",https://www.google.com/search?kgmid=/g/1tksjb4y,/g/1tksjb4y,https://www.google.com/maps?cid=553184442528124359,ChIJp-oFHH-80ocRx00p0FFOrQc,,,,,,,,"Restaurant  Little Rock, US"
Holiday Inn Little Rock-Presidential-Dwntn by IHG,"600 I-30, Little Rock, AR 72202",600 I-30,"Little Rock, AR 72202","Hotel, Business center, Fitness center, Inn, Swimming pool",Crowd: [LGBTQ+ friendly],(501) 375-2100,"(501) 375-2100, +1 501-375-2100",YES,Holiday Inn Little Rock-Presidential-Dwntn by IHG (Owner),103650749896681144959,https://www.google.com/maps/contrib/103650749896681144959,1259,4.1,"https://search.google.com/local/reviews?placeid=ChIJO2WpGHi70ocR23JTXNrPOdw&q=Restaurant++Little+Rock,+US&authuser=0&hl=en&gl=US",15868943298775446235,0x87d2bb7818a9653b:0xdc39cfda5c5372db,34.741779099999995,-92.2637341,https://lh3.googleusercontent.com/gps-cs-s/AHRPTWnSA2FRmB17uEFXLDa6g5glyH5w3kcDOJqWSARw2gidVa4BSxjVxdCdRZJyXqpj0_ylwQm4_OsPMmEZAymoi0Wj3mVa58uBpH81HaU0_GSJeEg5D0tTyCc020UFgzGnrGyQ_2_c=w408-h286-k-no,America/Chicago,www.ihg.com/holidayinn/hotels/us/en/little-rock/litlr/hoteldetail?cm_mmc=GoogleMaps-_-HI-_-US-_-LITLR,www.ihg.com,,https://www.google.com/search?kgmid=/g/1tcv6vwh,/g/1tcv6vwh,https://www.google.com/maps?cid=15868943298775446235,ChIJO2WpGHi70ocR23JTXNrPOdw,,,,,,,,"Restaurant  Little Rock, US"
Twenty Seven,"614 President Clinton Ave Upper Floor, Little Rock, AR 72201",614 President Clinton Ave Upper Floor,"Little Rock, AR 72201","Event venue, Banquet hall, Dance club, Night club, Wedding venue","Service options: [Onsite services], Accessibility: [Wheelchair accessible entrance, Wheelchair accessible parking lot, Wheelchair accessible restroom], Amenities: [Restroom], Crowd: [LGBTQ+ friendly, Transgender safespace], Payments: [Credit cards, Debit cards, NFC mobile payments, Credit cards], Parking: [Free street parking, Paid parking garage, Paid parking lot, Paid street parking]",,,YES,Twenty Seven (Owner),105168451079827451296,https://www.google.com/maps/contrib/105168451079827451296,258,4.7,"https://search.google.com/local/reviews?placeid=ChIJ9bxxrXi70ocReHiggtjA5n8&q=Restaurant++Little+Rock,+US&authuser=0&hl=en&gl=US",9216265723597322360,0x87d2bb78ad71bcf5:0x7fe6c0d882a07878,34.7474561,-92.26360389999999,https://lh3.googleusercontent.com/gps-cs-s/AHRPTWmHcmRXhTZcX8fhK7PJXsZB6o0S8S_codvtTaIrrFWGmCefmqkS9NIALk0zbly9TozBQPaGhzt7-zh5EEs7-9C9R6oWbBeKPWiHvIORUovO3k1vnZGm2O3fDZ97hR7Ed7YGBKr3=w408-h272-k-no,America/Chicago,www.twentysevenvenue.com/,www.twentysevenvenue.com,"Thursday(2026-09-03): [Closed], Friday(2026-09-04): [8:30 PM–2 AM], Saturday(2026-09-05): [Closed], Sunday(2026-09-06): [Closed], Monday(2026-09-07): [Closed], Tuesday(2026-09-08): [7:30–10:30 PM], Wednesday(2026-09-09): [7–10 PM]",https://www.google.com/search?kgmid=/g/11c6s88qkc,/g/11c6s88qkc,https://www.google.com/maps?cid=9216265723597322360,ChIJ9bxxrXi70ocReHiggtjA5n8,,,,,,,,"Restaurant  Little Rock, US"
AC Hotel Little Rock Downtown,"201 W Capitol Ave, Little Rock, AR 72201",201 W Capitol Ave,"Little Rock, AR 72201","Hotel, Meeting planning service",,(501) 500-8700,,,,,,565,4.2,"https://search.google.com/local/reviews?placeid=ChIJZ0eUJYa70ocRz7az5w0ynBs&q=Restaurant++Little+Rock,+US&authuser=0&hl=en&gl=US",1989520170694194895,0x87d2bb8625944767:0x1b9c320de7b3b6cf,34.7441879,-92.2726248,,America/Chicago,www.marriott.com/en-us/hotels/litar-ac-hotel-little-rock-downtown/overview/?scid=f2ae0541-1279-4f24-b197-a979c79310b0,www.marriott.com,,https://www.google.com/search?kgmid=/g/11fq_z9s14,/g/11fq_z9s14,https://www.google.com/maps?cid=1989520170694194895,ChIJZ0eUJYa70ocRz7az5w0ynBs,,,,,,,,"Restaurant  Little Rock, US"
McDonald's,"600 E Broadway St, North Little Rock, AR 72114",600 E Broadway St,"North Little Rock, AR 72114","Fast food restaurant, Breakfast restaurant, Coffee shop, Hamburger restaurant, Restaurant, Sandwich shop",,(501) 376-0961,,,,,,2281,3.5,"https://search.google.com/local/reviews?placeid=ChIJD7P1j2W70ocRvslz85RSQl4&q=Restaurant++Little+Rock,+US&authuser=0&hl=en&gl=US",6792081987721218494,0x87d2bb658ff5b30f:0x5e425294f373c9be,34.7555806,-92.26139189999999,,America/Chicago,www.mcdonalds.com/us/en-us/location/AR/NORTH-LITTLE-ROCK/600-E-BROADWAY/4330.html?cid=RF:YXT:GMB::Clicks,www.mcdonalds.com,"Thursday(2026-09-03): [Open 24 hours], Friday(2026-09-04): [Open 24 hours], Saturday(2026-09-05): [Open 24 hours], Sunday(2026-09-06): [Open 24 hours], Monday(2026-09-07): [Open 24 hours], Tuesday(2026-09-08): [Open 24 hours], Wednesday(2026-09-09): [Open 24 hours]",https://www.google.com/search?kgmid=/g/1tfz0n7k,/g/1tfz0n7k,https://www.google.com/maps?cid=6792081987721218494,ChIJD7P1j2W70ocRvslz85RSQl4,,,,,,,,"Restaurant  Little Rock, US"
Popeyes Louisiana Kitchen,"824 Broadway St, Little Rock, AR 72206",824 Broadway St,"Little Rock, AR 72206","Chicken restaurant, Cajun restaurant, Fast food restaurant, Restaurant, Seafood restaurant","Service options: [Outdoor seating, No-contact delivery, Delivery, Drive-through, Onsite services, Takeout, Dine-in], Popular for: [Lunch, Dinner, Solo dining], Accessibility: [Wheelchair accessible entrance, Wheelchair accessible parking lot, Wheelchair accessible restroom, Wheelchair accessible seating], Offerings: [Coffee, Comfort food, Late-night food, Quick bite, Small plates], Dining options: [Lunch, Dinner, Catering, Counter service, Dessert, Seating, Table service], Amenities: [Restroom, Wi-Fi, Wi-Fi], Atmosphere: [Casual, Quiet], Crowd: [Family-friendly, Groups, Tourists], Planning: [Accepts reservations], Payments: [Credit cards, Debit cards, NFC mobile payments, Credit cards], Children: [Good for kids, High chairs, Kids' menu], Parking: [Free parking lot, Free street parking, Paid parking lot]",(501) 812-3272,"(501) 812-3272, +1 501-812-3272",YES,Popeyes Louisiana Kitchen (Owner),104828905715624319892,https://www.google.com/maps/contrib/104828905715624319892,1154,3.9,"https://search.google.com/local/reviews?placeid=ChIJlY9IQ2-70ocRREM1eKoddBM&q=Restaurant++Little+Rock,+US&authuser=0&hl=en&gl=US",1401778002017469252,0x87d2bb6f43488f95:0x13741daa78354344,34.7410971,-92.2769701,https://lh3.googleusercontent.com/gps-cs-s/AHRPTWn4hFbYkqTdvKJ3bur9AtvLUmIoC_gCMrWfdG9QUgTAoZ7WKQgFl_hVqvxHiqPgF6w4WHtY3ydy6rITmxpsLA9Sdl_ZD7HZqh7TIkcvoCn2PVJJ6f57XFILHhS8rWBTF-zNUpaKAA=w493-h240-k-no,America/Chicago,www.popeyes.com/store-locator/store/restaurant_86483,www.popeyes.com,"Thursday(2026-09-03): [10 AM–12 AM], Friday(2026-09-04): [10 AM–12 AM], Saturday(2026-09-05): [10 AM–12 AM], Sunday(2026-09-06): [10 AM–12 AM], Monday(2026-09-07): [10 AM–12 AM], Tuesday(2026-09-08): [10 AM–12 AM], Wednesday(2026-09-09): [10 AM–12 AM]",https://www.google.com/search?kgmid=/g/11gd1w0fc7,/g/11gd1w0fc7,https://www.google.com/maps?cid=1401778002017469252,ChIJlY9IQ2-70ocRREM1eKoddBM,,,,,,,,"Restaurant  Little Rock, US"
Wendy's,"905 Broadway St, Little Rock, AR 72201",905 Broadway St,"Little Rock, AR 72201","Fast food restaurant, Hamburger restaurant, Restaurant","Service options: [Delivery, Drive-through, Onsite services, Takeout, Dine-in], Popular for: [Breakfast, Lunch, Dinner, Solo dining], Accessibility: [Wheelchair accessible entrance, Wheelchair accessible parking lot, Wheelchair accessible restroom], Offerings: [Coffee, Late-night food, Quick bite], Dining options: [Breakfast, Lunch, Dinner, Counter service, Dessert, Seating, Table service], Amenities: [Restroom, Wi-Fi], Atmosphere: [Casual], Crowd: [Family-friendly, Groups], Payments: [Credit cards, Debit cards, NFC mobile payments, Credit cards], Children: [Good for kids, Has changing table(s), High chairs, Kids' menu], Parking: [Free parking lot, Free street parking, Paid parking lot, Parking]",(501) 372-0116,"(501) 372-0116, +1 501-372-0116",YES,Wendy's (Owner),105257099700339991013,https://www.google.com/maps/contrib/105257099700339991013,1536,3.7,"https://search.google.com/local/reviews?placeid=ChIJ08k4a2-70ocRq_v9kY8Cm4g&q=Restaurant++Little+Rock,+US&authuser=0&hl=en&gl=US",9843464226201271211,0x87d2bb6f6b38c9d3:0x889b028f91fdfbab,34.7405259,-92.27638569999999,https://lh3.googleusercontent.com/gps-cs-s/AHRPTWmBoenMCEUgbJ5W6JYAQF4fG0pRqSEWTOvzvmxrl_xErpOyM0W3DAsGkMMbFxyV24PdRJZ1iPtrlevFPp8LOUrR8WsY906aUHlreoMjPDz9VL5XnE2XT-UjO1raQdXqpy3nBrJA=w408-h306-k-no,America/Chicago,locations.wendys.com/united-states/ar/little-rock/905-s-broadway?utm_source=Yext&utm_medium=Google_My_Business&utm_campaign=Local_Search,locations.wendys.com,"Thursday(2026-09-03): [6:30 AM–12 AM], Friday(2026-09-04): [6:30 AM–12 AM], Saturday(2026-09-05): [6:30 AM–12 AM], Sunday(2026-09-06): [6:30 AM–12 AM], Monday(2026-09-07): [6:30 AM–12 AM], Tuesday(2026-09-08): [6:30 AM–12 AM], Wednesday(2026-09-09): [6:30 AM–12 AM]",https://www.google.com/search?kgmid=/g/1thxr54_,/g/1thxr54_,https://www.google.com/maps?cid=9843464226201271211,ChIJ08k4a2-70ocRq_v9kY8Cm4g,,,,,,,,"Restaurant  Little Rock, US"
Wendy's,"604 E Broadway St, North Little Rock, AR 72114",604 E Broadway St,"North Little Rock, AR 72114","Fast food restaurant, Hamburger restaurant, Restaurant",,(501) 372-1926,,,,,,901,3.7,"https://search.google.com/local/reviews?placeid=ChIJI_aPq3-80ocRH4uAByJSAcQ&q=Restaurant++Little+Rock,+US&authuser=0&hl=en&gl=US",14123660212518816543,0x87d2bc7fab8ff623:0xc401522207808b1f,34.755683999999995,-92.26086749999999,,America/Chicago,locations.wendys.com/united-states/ar/north-little-rock/604-east-broadway-st?utm_source=Yext&utm_medium=Google_My_Business&utm_campaign=Local_Search,locations.wendys.com,"Thursday(2026-09-03): [6:30 AM–12 AM], Friday(2026-09-04): [6:30 AM–12 AM], Saturday(2026-09-05): [6:30 AM–12 AM], Sunday(2026-09-06): [6:30 AM–12 AM], Monday(2026-09-07): [6:30 AM–12 AM], Tuesday(2026-09-08): [6:30 AM–12 AM], Wednesday(2026-09-09): [6:30 AM–12 AM]",https://www.google.com/search?kgmid=/g/11_ryl10y,/g/11_ryl10y,https://www.google.com/maps?cid=14123660212518816543,ChIJI_aPq3-80ocRH4uAByJSAcQ,,,,,,,,"Restaurant  Little Rock, US"
Holiday Inn Express & Suites Little Rock Downtown by IHG,"811 E 4th St, Little Rock, AR 72202",811 E 4th St,"Little Rock, AR 72202","Hotel, Business center, Fitness center, Inn, Swimming pool",,(501) 372-5102,,,,,,354,4.3,"https://search.google.com/local/reviews?placeid=ChIJ-9CSXG670ocRR3RCekFNJHQ&q=Restaurant++Little+Rock,+US&authuser=0&hl=en&gl=US",8368898951180612679,0x87d2bb6e5c92d0fb:0x74244d417a427447,34.743904,-92.261883,,America/Chicago,www.ihg.com/holidayinnexpress/hotels/us/en/little-rock/litdt/hoteldetail?cm_mmc=GoogleMaps-_-EX-_-US-_-LITDT,www.ihg.com,,https://www.google.com/search?kgmid=/g/11q2yhbfyw,/g/11q2yhbfyw,https://www.google.com/maps?cid=8368898951180612679,ChIJ-9CSXG670ocRR3RCekFNJHQ,,,,,,,,"Restaurant  Little Rock, US"
Downtown Riverside RV Park,"250 S Locust St, North Little Rock, AR 72114",250 S Locust St,"North Little Rock, AR 72114",RV park,,(501) 340-5312,,,,,,883,4.5,"https://search.google.com/local/reviews?placeid=ChIJ34M7DYC70ocRCw74nUSYsNw&q=Restaurant++Little+Rock,+US&authuser=0&hl=en&gl=US",15902377704720698891,0x87d2bb800d3b83df:0xdcb098449df80e0b,34.7524239,-92.2616372,,America/Chicago,downtownriversidervpark.com/,downtownriversidervpark.com,,https://www.google.com/search?kgmid=/g/11c581_45_,/g/11c581_45_,https://www.google.com/maps?cid=15902377704720698891,ChIJ34M7DYC70ocRCw74nUSYsNw,,,,,,,,"Restaurant  Little Rock, US"
Homewood Suites by Hilton Little Rock Downtown,"400 River Market Ave, Little Rock, AR 72201",400 River Market Ave,"Little Rock, AR 72201",Extended stay hotel,,(501) 375-4663,,,,,,856,4.2,"https://search.google.com/local/reviews?placeid=ChIJXWkdpnm70ocR8PUrllOAwYk&q=Restaurant++Little+Rock,+US&authuser=0&hl=en&gl=US",9926356150191388144,0x87d2bb79a61d695d:0x89c18053962bf5f0,34.7443212,-92.26634589999999,,America/Chicago,www.hilton.com/en/hotels/litdwhw-homewood-suites-little-rock-downtown/?SEO_id=GMB-AMER-HG-LITDWHW,www.hilton.com,,https://www.google.com/search?kgmid=/g/11b7vyp1cf,/g/11b7vyp1cf,https://www.google.com/maps?cid=9926356150191388144,ChIJXWkdpnm70ocR8PUrllOAwYk,,,,,,,,"Restaurant  Little Rock, US"
